table_id,mixture,T_K,co2_loading_mol_per_mol_mea,co2_loading_uncertainty,mea_wt_pct,sugar_wt_pct,water_wt_pct,property_or_metric,units,value,comparison_or_reference,source_locator,evidence_label,claim_scope,K_G_x10e4_mol_m2_kPa_s,D_CO2_x10e9_m2_s,H_CO2_kPa_m3_kmol,k_l_x10e5_m_s,k_g_x10e2_m_s,k_ov_s_1,Ha,E_inf,zotero_collection_key,zotero_parent_key,zotero_attachment_key,local_companion_locator
S1,30 wt% MEA / pure water comparison,298.15,,,,,,density,g/cm3,1.0103,this_work,"Ramezani2021 supplied SI PDF p. 2, Table S1",verified,retained_property_observation_or_comparison,,,,,,,,,9T8XETPA,VMZKH34U,NCLG54A3,Downloads/Zotero-Supplements/Ramezani_2021_Supporting_Information.pdf
S1,30 wt% MEA / pure water comparison,298.15,,,,,,density,g/cm3,1.012,Bernhardsen_et_al,"Ramezani2021 supplied SI PDF p. 2, Table S1",verified,retained_property_observation_or_comparison,,,,,,,,,9T8XETPA,VMZKH34U,NCLG54A3,Downloads/Zotero-Supplements/Ramezani_2021_Supporting_Information.pdf
S1,30 wt% MEA / pure water comparison,298.15,,,,,,density,g/cm3,1.0105,Hartono_et_al,"Ramezani2021 supplied SI PDF p. 2, Table S1",verified,retained_property_observation_or_comparison,,,,,,,,,9T8XETPA,VMZKH34U,NCLG54A3,Downloads/Zotero-Supplements/Ramezani_2021_Supporting_Information.pdf
S1,30 wt% MEA / pure water comparison,298.15,,,,,,density,g/cm3,1.0109,Han_et_al,"Ramezani2021 supplied SI PDF p. 2, Table S1",verified,retained_property_observation_or_comparison,,,,,,,,,9T8XETPA,VMZKH34U,NCLG54A3,Downloads/Zotero-Supplements/Ramezani_2021_Supporting_Information.pdf
S1,30 wt% MEA / pure water comparison,298.15,,,,,,density,g/cm3,0.9970,water_this_work,"Ramezani2021 supplied SI PDF p. 2, Table S1",verified,retained_property_observation_or_comparison,,,,,,,,,9T8XETPA,VMZKH34U,NCLG54A3,Downloads/Zotero-Supplements/Ramezani_2021_Supporting_Information.pdf
S1,30 wt% MEA / pure water comparison,298.15,,,,,,density,g/cm3,0.9970,Spieweck_et_al,"Ramezani2021 supplied SI PDF p. 2, Table S1",verified,retained_property_observation_or_comparison,,,,,,,,,9T8XETPA,VMZKH34U,NCLG54A3,Downloads/Zotero-Supplements/Ramezani_2021_Supporting_Information.pdf
S1,30 wt% MEA / pure water comparison,313.15,,,,,,density,g/cm3,1.0033,this_work,"Ramezani2021 supplied SI PDF p. 2, Table S1",verified,retained_property_observation_or_comparison,,,,,,,,,9T8XETPA,VMZKH34U,NCLG54A3,Downloads/Zotero-Supplements/Ramezani_2021_Supporting_Information.pdf
S1,30 wt% MEA / pure water comparison,313.15,,,,,,density,g/cm3,1.005,Bernhardsen_et_al,"Ramezani2021 supplied SI PDF p. 2, Table S1",verified,retained_property_observation_or_comparison,,,,,,,,,9T8XETPA,VMZKH34U,NCLG54A3,Downloads/Zotero-Supplements/Ramezani_2021_Supporting_Information.pdf
S1,30 wt% MEA / pure water comparison,313.15,,,,,,density,g/cm3,1.0034,Hartono_et_al,"Ramezani2021 supplied SI PDF p. 2, Table S1",verified,retained_property_observation_or_comparison,,,,,,,,,9T8XETPA,VMZKH34U,NCLG54A3,Downloads/Zotero-Supplements/Ramezani_2021_Supporting_Information.pdf
S1,30 wt% MEA / pure water comparison,313.15,,,,,,density,g/cm3,1.0035,Han_et_al,"Ramezani2021 supplied SI PDF p. 2, Table S1",verified,retained_property_observation_or_comparison,,,,,,,,,9T8XETPA,VMZKH34U,NCLG54A3,Downloads/Zotero-Supplements/Ramezani_2021_Supporting_Information.pdf
S1,30 wt% MEA / pure water comparison,313.15,,,,,,density,g/cm3,0.9922,water_this_work,"Ramezani2021 supplied SI PDF p. 2, Table S1",verified,retained_property_observation_or_comparison,,,,,,,,,9T8XETPA,VMZKH34U,NCLG54A3,Downloads/Zotero-Supplements/Ramezani_2021_Supporting_Information.pdf
S1,30 wt% MEA / pure water comparison,313.15,,,,,,density,g/cm3,0.9922,Spieweck_et_al,"Ramezani2021 supplied SI PDF p. 2, Table S1",verified,retained_property_observation_or_comparison,,,,,,,,,9T8XETPA,VMZKH34U,NCLG54A3,Downloads/Zotero-Supplements/Ramezani_2021_Supporting_Information.pdf
S1,30 wt% MEA / pure water comparison,323.15,,,,,,density,g/cm3,0.9982,this_work,"Ramezani2021 supplied SI PDF p. 2, Table S1",verified,retained_property_observation_or_comparison,,,,,,,,,9T8XETPA,VMZKH34U,NCLG54A3,Downloads/Zotero-Supplements/Ramezani_2021_Supporting_Information.pdf
S1,30 wt% MEA / pure water comparison,323.15,,,,,,density,g/cm3,0.999,Bernhardsen_et_al,"Ramezani2021 supplied SI PDF p. 2, Table S1",verified,retained_property_observation_or_comparison,,,,,,,,,9T8XETPA,VMZKH34U,NCLG54A3,Downloads/Zotero-Supplements/Ramezani_2021_Supporting_Information.pdf
S1,30 wt% MEA / pure water comparison,323.15,,,,,,density,g/cm3,0.9980,Hartono_et_al,"Ramezani2021 supplied SI PDF p. 2, Table S1",verified,retained_property_observation_or_comparison,,,,,,,,,9T8XETPA,VMZKH34U,NCLG54A3,Downloads/Zotero-Supplements/Ramezani_2021_Supporting_Information.pdf
S1,30 wt% MEA / pure water comparison,323.15,,,,,,density,g/cm3,0.9981,Han_et_al,"Ramezani2021 supplied SI PDF p. 2, Table S1",verified,retained_property_observation_or_comparison,,,,,,,,,9T8XETPA,VMZKH34U,NCLG54A3,Downloads/Zotero-Supplements/Ramezani_2021_Supporting_Information.pdf
S1,30 wt% MEA / pure water comparison,323.15,,,,,,density,g/cm3,09880,water_this_work,"Ramezani2021 supplied SI PDF p. 2, Table S1",verified,retained_property_observation_or_comparison,,,,,,,,,9T8XETPA,VMZKH34U,NCLG54A3,Downloads/Zotero-Supplements/Ramezani_2021_Supporting_Information.pdf
S1,30 wt% MEA / pure water comparison,323.15,,,,,,density,g/cm3,0.9880,Spieweck_et_al,"Ramezani2021 supplied SI PDF p. 2, Table S1",verified,retained_property_observation_or_comparison,,,,,,,,,9T8XETPA,VMZKH34U,NCLG54A3,Downloads/Zotero-Supplements/Ramezani_2021_Supporting_Information.pdf
S1,30 wt% MEA / pure water comparison,333.15,,,,,,density,g/cm3,0.9928,this_work,"Ramezani2021 supplied SI PDF p. 2, Table S1",verified,retained_property_observation_or_comparison,,,,,,,,,9T8XETPA,VMZKH34U,NCLG54A3,Downloads/Zotero-Supplements/Ramezani_2021_Supporting_Information.pdf
S1,30 wt% MEA / pure water comparison,333.15,,,,,,density,g/cm3,0.994,Bernhardsen_et_al,"Ramezani2021 supplied SI PDF p. 2, Table S1",verified,retained_property_observation_or_comparison,,,,,,,,,9T8XETPA,VMZKH34U,NCLG54A3,Downloads/Zotero-Supplements/Ramezani_2021_Supporting_Information.pdf
S1,30 wt% MEA / pure water comparison,333.15,,,,,,density,g/cm3,0.9922,Hartono_et_al,"Ramezani2021 supplied SI PDF p. 2, Table S1",verified,retained_property_observation_or_comparison,,,,,,,,,9T8XETPA,VMZKH34U,NCLG54A3,Downloads/Zotero-Supplements/Ramezani_2021_Supporting_Information.pdf
S1,30 wt% MEA / pure water comparison,333.15,,,,,,density,g/cm3,0.9923,Han_et_al,"Ramezani2021 supplied SI PDF p. 2, Table S1",verified,retained_property_observation_or_comparison,,,,,,,,,9T8XETPA,VMZKH34U,NCLG54A3,Downloads/Zotero-Supplements/Ramezani_2021_Supporting_Information.pdf
S1,30 wt% MEA / pure water comparison,333.15,,,,,,density,g/cm3,0.9832,water_this_work,"Ramezani2021 supplied SI PDF p. 2, Table S1",verified,retained_property_observation_or_comparison,,,,,,,,,9T8XETPA,VMZKH34U,NCLG54A3,Downloads/Zotero-Supplements/Ramezani_2021_Supporting_Information.pdf
S1,30 wt% MEA / pure water comparison,333.15,,,,,,density,g/cm3,0.9831,Spieweck_et_al,"Ramezani2021 supplied SI PDF p. 2, Table S1",verified,retained_property_observation_or_comparison,,,,,,,,,9T8XETPA,VMZKH34U,NCLG54A3,Downloads/Zotero-Supplements/Ramezani_2021_Supporting_Information.pdf
S1,30 wt% MEA / pure water comparison,343.15,,,,,,density,g/cm3,0.9858,this_work,"Ramezani2021 supplied SI PDF p. 2, Table S1",verified,retained_property_observation_or_comparison,,,,,,,,,9T8XETPA,VMZKH34U,NCLG54A3,Downloads/Zotero-Supplements/Ramezani_2021_Supporting_Information.pdf
S1,30 wt% MEA / pure water comparison,343.15,,,,,,density,g/cm3,0.988,Bernhardsen_et_al,"Ramezani2021 supplied SI PDF p. 2, Table S1",verified,retained_property_observation_or_comparison,,,,,,,,,9T8XETPA,VMZKH34U,NCLG54A3,Downloads/Zotero-Supplements/Ramezani_2021_Supporting_Information.pdf
S1,30 wt% MEA / pure water comparison,343.15,,,,,,density,g/cm3,0.9859,Hartono_et_al,"Ramezani2021 supplied SI PDF p. 2, Table S1",verified,retained_property_observation_or_comparison,,,,,,,,,9T8XETPA,VMZKH34U,NCLG54A3,Downloads/Zotero-Supplements/Ramezani_2021_Supporting_Information.pdf
S1,30 wt% MEA / pure water comparison,343.15,,,,,,density,g/cm3,0.9861,Han_et_al,"Ramezani2021 supplied SI PDF p. 2, Table S1",verified,retained_property_observation_or_comparison,,,,,,,,,9T8XETPA,VMZKH34U,NCLG54A3,Downloads/Zotero-Supplements/Ramezani_2021_Supporting_Information.pdf
S1,30 wt% MEA / pure water comparison,343.15,,,,,,density,g/cm3,0.9779,water_this_work,"Ramezani2021 supplied SI PDF p. 2, Table S1",verified,retained_property_observation_or_comparison,,,,,,,,,9T8XETPA,VMZKH34U,NCLG54A3,Downloads/Zotero-Supplements/Ramezani_2021_Supporting_Information.pdf
S1,30 wt% MEA / pure water comparison,343.15,,,,,,density,g/cm3,0.9777,Spieweck_et_al,"Ramezani2021 supplied SI PDF p. 2, Table S1",verified,retained_property_observation_or_comparison,,,,,,,,,9T8XETPA,VMZKH34U,NCLG54A3,Downloads/Zotero-Supplements/Ramezani_2021_Supporting_Information.pdf
S2,30 wt% MEA,298.15,0,,0.300,0,0.700,density,g/cm3,1.0103,,"Ramezani2021 supplied SI PDF p. 3, Table S2",verified,retained_property_observation,,,,,,,,,9T8XETPA,VMZKH34U,NCLG54A3,Downloads/Zotero-Supplements/Ramezani_2021_Supporting_Information.pdf
S2,30 wt% MEA,298.15,0.100,0.001,0.300,0,0.700,density,g/cm3,1.0418,,"Ramezani2021 supplied SI PDF p. 3, Table S2",verified,retained_property_observation,,,,,,,,,9T8XETPA,VMZKH34U,NCLG54A3,Downloads/Zotero-Supplements/Ramezani_2021_Supporting_Information.pdf
S2,30 wt% MEA,298.15,0.200,0.003,0.300,0,0.700,density,g/cm3,1.0560,,"Ramezani2021 supplied SI PDF p. 3, Table S2",verified,retained_property_observation,,,,,,,,,9T8XETPA,VMZKH34U,NCLG54A3,Downloads/Zotero-Supplements/Ramezani_2021_Supporting_Information.pdf
S2,30 wt% MEA,298.15,0.300,0.004,0.300,0,0.700,density,g/cm3,1.0825,,"Ramezani2021 supplied SI PDF p. 3, Table S2",verified,retained_property_observation,,,,,,,,,9T8XETPA,VMZKH34U,NCLG54A3,Downloads/Zotero-Supplements/Ramezani_2021_Supporting_Information.pdf
S2,30 wt% MEA,298.15,0.400,0.005,0.300,0,0.700,density,g/cm3,1.1013,,"Ramezani2021 supplied SI PDF p. 3, Table S2",verified,retained_property_observation,,,,,,,,,9T8XETPA,VMZKH34U,NCLG54A3,Downloads/Zotero-Supplements/Ramezani_2021_Supporting_Information.pdf
S2,30 wt% MEA,313.15,0,,0.300,0,0.700,density,g/cm3,1.0034,,"Ramezani2021 supplied SI PDF p. 3, Table S2",verified,retained_property_observation,,,,,,,,,9T8XETPA,VMZKH34U,NCLG54A3,Downloads/Zotero-Supplements/Ramezani_2021_Supporting_Information.pdf
S2,30 wt% MEA,313.15,0.100,0.001,0.300,0,0.700,density,g/cm3,1.0350,,"Ramezani2021 supplied SI PDF p. 3, Table S2",verified,retained_property_observation,,,,,,,,,9T8XETPA,VMZKH34U,NCLG54A3,Downloads/Zotero-Supplements/Ramezani_2021_Supporting_Information.pdf
S2,30 wt% MEA,313.15,0.200,0.003,0.300,0,0.700,density,g/cm3,1.0500,,"Ramezani2021 supplied SI PDF p. 3, Table S2",verified,retained_property_observation,,,,,,,,,9T8XETPA,VMZKH34U,NCLG54A3,Downloads/Zotero-Supplements/Ramezani_2021_Supporting_Information.pdf
S2,30 wt% MEA,313.15,0.300,0.004,0.300,0,0.700,density,g/cm3,1.0762,,"Ramezani2021 supplied SI PDF p. 3, Table S2",verified,retained_property_observation,,,,,,,,,9T8XETPA,VMZKH34U,NCLG54A3,Downloads/Zotero-Supplements/Ramezani_2021_Supporting_Information.pdf
S2,30 wt% MEA,313.15,0.400,0.005,0.300,0,0.700,density,g/cm3,1.0943,,"Ramezani2021 supplied SI PDF p. 3, Table S2",verified,retained_property_observation,,,,,,,,,9T8XETPA,VMZKH34U,NCLG54A3,Downloads/Zotero-Supplements/Ramezani_2021_Supporting_Information.pdf
S2,30 wt% MEA,323.15,0,,0.300,0,0.700,density,g/cm3,0.9982,,"Ramezani2021 supplied SI PDF p. 3, Table S2",verified,retained_property_observation,,,,,,,,,9T8XETPA,VMZKH34U,NCLG54A3,Downloads/Zotero-Supplements/Ramezani_2021_Supporting_Information.pdf
S2,30 wt% MEA,323.15,0.100,0.001,0.300,0,0.700,density,g/cm3,1.0305,,"Ramezani2021 supplied SI PDF p. 3, Table S2",verified,retained_property_observation,,,,,,,,,9T8XETPA,VMZKH34U,NCLG54A3,Downloads/Zotero-Supplements/Ramezani_2021_Supporting_Information.pdf
S2,30 wt% MEA,323.15,0.200,0.003,0.300,0,0.700,density,g/cm3,1.0452,,"Ramezani2021 supplied SI PDF p. 3, Table S2",verified,retained_property_observation,,,,,,,,,9T8XETPA,VMZKH34U,NCLG54A3,Downloads/Zotero-Supplements/Ramezani_2021_Supporting_Information.pdf
S2,30 wt% MEA,323.15,0.300,0.004,0.300,0,0.700,density,g/cm3,1.0721,,"Ramezani2021 supplied SI PDF p. 3, Table S2",verified,retained_property_observation,,,,,,,,,9T8XETPA,VMZKH34U,NCLG54A3,Downloads/Zotero-Supplements/Ramezani_2021_Supporting_Information.pdf
S2,30 wt% MEA,323.15,0.400,0.005,0.300,0,0.700,density,g/cm3,1.0896,,"Ramezani2021 supplied SI PDF p. 3, Table S2",verified,retained_property_observation,,,,,,,,,9T8XETPA,VMZKH34U,NCLG54A3,Downloads/Zotero-Supplements/Ramezani_2021_Supporting_Information.pdf
S2,30 wt% MEA,333.15,0,,0.300,0,0.700,density,g/cm3,0.9928,,"Ramezani2021 supplied SI PDF p. 3, Table S2",verified,retained_property_observation,,,,,,,,,9T8XETPA,VMZKH34U,NCLG54A3,Downloads/Zotero-Supplements/Ramezani_2021_Supporting_Information.pdf
S2,30 wt% MEA,333.15,0.100,0.001,0.300,0,0.700,density,g/cm3,1.0260,,"Ramezani2021 supplied SI PDF p. 3, Table S2",verified,retained_property_observation,,,,,,,,,9T8XETPA,VMZKH34U,NCLG54A3,Downloads/Zotero-Supplements/Ramezani_2021_Supporting_Information.pdf
S2,30 wt% MEA,333.15,0.200,0.003,0.300,0,0.700,density,g/cm3,1.0405,,"Ramezani2021 supplied SI PDF p. 3, Table S2",verified,retained_property_observation,,,,,,,,,9T8XETPA,VMZKH34U,NCLG54A3,Downloads/Zotero-Supplements/Ramezani_2021_Supporting_Information.pdf
S2,30 wt% MEA,333.15,0.300,0.004,0.300,0,0.700,density,g/cm3,1.0682,,"Ramezani2021 supplied SI PDF p. 3, Table S2",verified,retained_property_observation,,,,,,,,,9T8XETPA,VMZKH34U,NCLG54A3,Downloads/Zotero-Supplements/Ramezani_2021_Supporting_Information.pdf
S2,30 wt% MEA,333.15,0.400,0.005,0.300,0,0.700,density,g/cm3,1.0848,,"Ramezani2021 supplied SI PDF p. 3, Table S2",verified,retained_property_observation,,,,,,,,,9T8XETPA,VMZKH34U,NCLG54A3,Downloads/Zotero-Supplements/Ramezani_2021_Supporting_Information.pdf
S2,30 wt% MEA,343.15,0,,0.300,0,0.700,density,g/cm3,0.9858,,"Ramezani2021 supplied SI PDF p. 3, Table S2",verified,retained_property_observation,,,,,,,,,9T8XETPA,VMZKH34U,NCLG54A3,Downloads/Zotero-Supplements/Ramezani_2021_Supporting_Information.pdf
S2,30 wt% MEA,343.15,0.100,0.001,0.300,0,0.700,density,g/cm3,1.0180,,"Ramezani2021 supplied SI PDF p. 3, Table S2",verified,retained_property_observation,,,,,,,,,9T8XETPA,VMZKH34U,NCLG54A3,Downloads/Zotero-Supplements/Ramezani_2021_Supporting_Information.pdf
S2,30 wt% MEA,343.15,0.200,0.003,0.300,0,0.700,density,g/cm3,1.0351,,"Ramezani2021 supplied SI PDF p. 3, Table S2",verified,retained_property_observation,,,,,,,,,9T8XETPA,VMZKH34U,NCLG54A3,Downloads/Zotero-Supplements/Ramezani_2021_Supporting_Information.pdf
S2,30 wt% MEA,343.15,0.300,0.004,0.300,0,0.700,density,g/cm3,1.0637,,"Ramezani2021 supplied SI PDF p. 3, Table S2",verified,retained_property_observation,,,,,,,,,9T8XETPA,VMZKH34U,NCLG54A3,Downloads/Zotero-Supplements/Ramezani_2021_Supporting_Information.pdf
S2,30 wt% MEA,343.15,0.400,0.005,0.300,0,0.700,density,g/cm3,1.0799,,"Ramezani2021 supplied SI PDF p. 3, Table S2",verified,retained_property_observation,,,,,,,,,9T8XETPA,VMZKH34U,NCLG54A3,Downloads/Zotero-Supplements/Ramezani_2021_Supporting_Information.pdf
S2,30 wt% MEA + sugar,298.15,0,,0.300,0.030,0.670,density,g/cm3,1.0224,,"Ramezani2021 supplied SI PDF p. 3, Table S2",verified,retained_property_observation,,,,,,,,,9T8XETPA,VMZKH34U,NCLG54A3,Downloads/Zotero-Supplements/Ramezani_2021_Supporting_Information.pdf
S2,30 wt% MEA + sugar,298.15,0.100,0.001,0.300,0.030,0.670,density,g/cm3,1.0613,,"Ramezani2021 supplied SI PDF p. 3, Table S2",verified,retained_property_observation,,,,,,,,,9T8XETPA,VMZKH34U,NCLG54A3,Downloads/Zotero-Supplements/Ramezani_2021_Supporting_Information.pdf
S2,30 wt% MEA + sugar,298.15,0.200,0.003,0.300,0.030,0.670,density,g/cm3,1.0710,,"Ramezani2021 supplied SI PDF p. 3, Table S2",verified,retained_property_observation,,,,,,,,,9T8XETPA,VMZKH34U,NCLG54A3,Downloads/Zotero-Supplements/Ramezani_2021_Supporting_Information.pdf
S2,30 wt% MEA + sugar,298.15,0.300,0.004,0.300,0.030,0.670,density,g/cm3,1.0905,,"Ramezani2021 supplied SI PDF p. 3, Table S2",verified,retained_property_observation,,,,,,,,,9T8XETPA,VMZKH34U,NCLG54A3,Downloads/Zotero-Supplements/Ramezani_2021_Supporting_Information.pdf
S2,30 wt% MEA + sugar,298.15,0.400,0.005,0.300,0.030,0.670,density,g/cm3,1.1170,,"Ramezani2021 supplied SI PDF p. 3, Table S2",verified,retained_property_observation,,,,,,,,,9T8XETPA,VMZKH34U,NCLG54A3,Downloads/Zotero-Supplements/Ramezani_2021_Supporting_Information.pdf
S2,30 wt% MEA + sugar,313.15,0,,0.300,0.030,0.670,density,g/cm3,1.0150,,"Ramezani2021 supplied SI PDF p. 3, Table S2",verified,retained_property_observation,,,,,,,,,9T8XETPA,VMZKH34U,NCLG54A3,Downloads/Zotero-Supplements/Ramezani_2021_Supporting_Information.pdf
S2,30 wt% MEA + sugar,313.15,0.100,0.001,0.300,0.030,0.670,density,g/cm3,1.0540,,"Ramezani2021 supplied SI PDF p. 3, Table S2",verified,retained_property_observation,,,,,,,,,9T8XETPA,VMZKH34U,NCLG54A3,Downloads/Zotero-Supplements/Ramezani_2021_Supporting_Information.pdf
S2,30 wt% MEA + sugar,313.15,0.200,0.003,0.300,0.030,0.670,density,g/cm3,1.0642,,"Ramezani2021 supplied SI PDF p. 3, Table S2",verified,retained_property_observation,,,,,,,,,9T8XETPA,VMZKH34U,NCLG54A3,Downloads/Zotero-Supplements/Ramezani_2021_Supporting_Information.pdf
S2,30 wt% MEA + sugar,313.15,0.300,0.004,0.300,0.030,0.670,density,g/cm3,1.0842,,"Ramezani2021 supplied SI PDF p. 3, Table S2",verified,retained_property_observation,,,,,,,,,9T8XETPA,VMZKH34U,NCLG54A3,Downloads/Zotero-Supplements/Ramezani_2021_Supporting_Information.pdf
S2,30 wt% MEA + sugar,313.15,0.400,0.005,0.300,0.030,0.670,density,g/cm3,1.1097,,"Ramezani2021 supplied SI PDF p. 3, Table S2",verified,retained_property_observation,,,,,,,,,9T8XETPA,VMZKH34U,NCLG54A3,Downloads/Zotero-Supplements/Ramezani_2021_Supporting_Information.pdf
S2,30 wt% MEA + sugar,323.15,0,,0.300,0.030,0.670,density,g/cm3,1.0104,,"Ramezani2021 supplied SI PDF p. 3, Table S2",verified,retained_property_observation,,,,,,,,,9T8XETPA,VMZKH34U,NCLG54A3,Downloads/Zotero-Supplements/Ramezani_2021_Supporting_Information.pdf
S2,30 wt% MEA + sugar,323.15,0.100,0.001,0.300,0.030,0.670,density,g/cm3,1.0505,,"Ramezani2021 supplied SI PDF p. 3, Table S2",verified,retained_property_observation,,,,,,,,,9T8XETPA,VMZKH34U,NCLG54A3,Downloads/Zotero-Supplements/Ramezani_2021_Supporting_Information.pdf
S2,30 wt% MEA + sugar,323.15,0.200,0.003,0.300,0.030,0.670,density,g/cm3,1.0591,,"Ramezani2021 supplied SI PDF p. 3, Table S2",verified,retained_property_observation,,,,,,,,,9T8XETPA,VMZKH34U,NCLG54A3,Downloads/Zotero-Supplements/Ramezani_2021_Supporting_Information.pdf
S2,30 wt% MEA + sugar,323.15,0.300,0.004,0.300,0.030,0.670,density,g/cm3,1.0800,,"Ramezani2021 supplied SI PDF p. 3, Table S2",verified,retained_property_observation,,,,,,,,,9T8XETPA,VMZKH34U,NCLG54A3,Downloads/Zotero-Supplements/Ramezani_2021_Supporting_Information.pdf
S2,30 wt% MEA + sugar,323.15,0.400,0.005,0.300,0.030,0.670,density,g/cm3,1.1049,,"Ramezani2021 supplied SI PDF p. 3, Table S2",verified,retained_property_observation,,,,,,,,,9T8XETPA,VMZKH34U,NCLG54A3,Downloads/Zotero-Supplements/Ramezani_2021_Supporting_Information.pdf
S2,30 wt% MEA + sugar,333.15,0,,0.300,0.030,0.670,density,g/cm3,1.0051,,"Ramezani2021 supplied SI PDF p. 3, Table S2",verified,retained_property_observation,,,,,,,,,9T8XETPA,VMZKH34U,NCLG54A3,Downloads/Zotero-Supplements/Ramezani_2021_Supporting_Information.pdf
S2,30 wt% MEA + sugar,333.15,0.100,0.001,0.300,0.030,0.670,density,g/cm3,1.0463,,"Ramezani2021 supplied SI PDF p. 3, Table S2",verified,retained_property_observation,,,,,,,,,9T8XETPA,VMZKH34U,NCLG54A3,Downloads/Zotero-Supplements/Ramezani_2021_Supporting_Information.pdf
S2,30 wt% MEA + sugar,333.15,0.200,0.003,0.300,0.030,0.670,density,g/cm3,1.0541,,"Ramezani2021 supplied SI PDF p. 3, Table S2",verified,retained_property_observation,,,,,,,,,9T8XETPA,VMZKH34U,NCLG54A3,Downloads/Zotero-Supplements/Ramezani_2021_Supporting_Information.pdf
S2,30 wt% MEA + sugar,333.15,0.300,0.004,0.300,0.030,0.670,density,g/cm3,1.0764,,"Ramezani2021 supplied SI PDF p. 3, Table S2",verified,retained_property_observation,,,,,,,,,9T8XETPA,VMZKH34U,NCLG54A3,Downloads/Zotero-Supplements/Ramezani_2021_Supporting_Information.pdf
S2,30 wt% MEA + sugar,333.15,0.400,0.005,0.300,0.030,0.670,density,g/cm3,1.1007,,"Ramezani2021 supplied SI PDF p. 3, Table S2",verified,retained_property_observation,,,,,,,,,9T8XETPA,VMZKH34U,NCLG54A3,Downloads/Zotero-Supplements/Ramezani_2021_Supporting_Information.pdf
S2,30 wt% MEA + sugar,343.15,0,,0.300,0.030,0.670,density,g/cm3,0.9977,,"Ramezani2021 supplied SI PDF p. 3, Table S2",verified,retained_property_observation,,,,,,,,,9T8XETPA,VMZKH34U,NCLG54A3,Downloads/Zotero-Supplements/Ramezani_2021_Supporting_Information.pdf
S2,30 wt% MEA + sugar,343.15,0.100,0.001,0.300,0.030,0.670,density,g/cm3,1.0375,,"Ramezani2021 supplied SI PDF p. 3, Table S2",verified,retained_property_observation,,,,,,,,,9T8XETPA,VMZKH34U,NCLG54A3,Downloads/Zotero-Supplements/Ramezani_2021_Supporting_Information.pdf
S2,30 wt% MEA + sugar,343.15,0.200,0.003,0.300,0.030,0.670,density,g/cm3,1.0485,,"Ramezani2021 supplied SI PDF p. 3, Table S2",verified,retained_property_observation,,,,,,,,,9T8XETPA,VMZKH34U,NCLG54A3,Downloads/Zotero-Supplements/Ramezani_2021_Supporting_Information.pdf
S2,30 wt% MEA + sugar,343.15,0.300,0.004,0.300,0.030,0.670,density,g/cm3,1.0724,,"Ramezani2021 supplied SI PDF p. 3, Table S2",verified,retained_property_observation,,,,,,,,,9T8XETPA,VMZKH34U,NCLG54A3,Downloads/Zotero-Supplements/Ramezani_2021_Supporting_Information.pdf
S2,30 wt% MEA + sugar,343.15,0.400,0.005,0.300,0.030,0.670,density,g/cm3,1.0964,,"Ramezani2021 supplied SI PDF p. 3, Table S2",verified,retained_property_observation,,,,,,,,,9T8XETPA,VMZKH34U,NCLG54A3,Downloads/Zotero-Supplements/Ramezani_2021_Supporting_Information.pdf
S2,30 wt% MEA + sugar,298.15,0,,0.300,0.060,0.640,density,g/cm3,1.0343,,"Ramezani2021 supplied SI PDF p. 3, Table S2",verified,retained_property_observation,,,,,,,,,9T8XETPA,VMZKH34U,NCLG54A3,Downloads/Zotero-Supplements/Ramezani_2021_Supporting_Information.pdf
S2,30 wt% MEA + sugar,298.15,0.100,0.001,0.300,0.060,0.640,density,g/cm3,1.0640,,"Ramezani2021 supplied SI PDF p. 3, Table S2",verified,retained_property_observation,,,,,,,,,9T8XETPA,VMZKH34U,NCLG54A3,Downloads/Zotero-Supplements/Ramezani_2021_Supporting_Information.pdf
S2,30 wt% MEA + sugar,298.15,0.200,0.003,0.300,0.060,0.640,density,g/cm3,1.0810,,"Ramezani2021 supplied SI PDF p. 3, Table S2",verified,retained_property_observation,,,,,,,,,9T8XETPA,VMZKH34U,NCLG54A3,Downloads/Zotero-Supplements/Ramezani_2021_Supporting_Information.pdf
S2,30 wt% MEA + sugar,298.15,0.300,0.004,0.300,0.060,0.640,density,g/cm3,1.1115,,"Ramezani2021 supplied SI PDF p. 3, Table S2",verified,retained_property_observation,,,,,,,,,9T8XETPA,VMZKH34U,NCLG54A3,Downloads/Zotero-Supplements/Ramezani_2021_Supporting_Information.pdf
S2,30 wt% MEA + sugar,298.15,0.400,0.005,0.300,0.060,0.640,density,g/cm3,1.1387,,"Ramezani2021 supplied SI PDF p. 3, Table S2",verified,retained_property_observation,,,,,,,,,9T8XETPA,VMZKH34U,NCLG54A3,Downloads/Zotero-Supplements/Ramezani_2021_Supporting_Information.pdf
S2,30 wt% MEA + sugar,313.15,0,,0.300,0.060,0.640,density,g/cm3,1.0270,,"Ramezani2021 supplied SI PDF p. 3, Table S2",verified,retained_property_observation,,,,,,,,,9T8XETPA,VMZKH34U,NCLG54A3,Downloads/Zotero-Supplements/Ramezani_2021_Supporting_Information.pdf
S2,30 wt% MEA + sugar,313.15,0.100,0.001,0.300,0.060,0.640,density,g/cm3,1.0570,,"Ramezani2021 supplied SI PDF p. 3, Table S2",verified,retained_property_observation,,,,,,,,,9T8XETPA,VMZKH34U,NCLG54A3,Downloads/Zotero-Supplements/Ramezani_2021_Supporting_Information.pdf
S2,30 wt% MEA + sugar,313.15,0.200,0.003,0.300,0.060,0.640,density,g/cm3,1.0747,,"Ramezani2021 supplied SI PDF p. 3, Table S2",verified,retained_property_observation,,,,,,,,,9T8XETPA,VMZKH34U,NCLG54A3,Downloads/Zotero-Supplements/Ramezani_2021_Supporting_Information.pdf
S2,30 wt% MEA + sugar,313.15,0.300,0.004,0.300,0.060,0.640,density,g/cm3,1.1048,,"Ramezani2021 supplied SI PDF p. 3, Table S2",verified,retained_property_observation,,,,,,,,,9T8XETPA,VMZKH34U,NCLG54A3,Downloads/Zotero-Supplements/Ramezani_2021_Supporting_Information.pdf
S2,30 wt% MEA + sugar,313.15,0.400,0.005,0.300,0.060,0.640,density,g/cm3,1.1309,,"Ramezani2021 supplied SI PDF p. 3, Table S2",verified,retained_property_observation,,,,,,,,,9T8XETPA,VMZKH34U,NCLG54A3,Downloads/Zotero-Supplements/Ramezani_2021_Supporting_Information.pdf
S2,30 wt% MEA + sugar,323.15,0,,0.300,0.060,0.640,density,g/cm3,1.0224,,"Ramezani2021 supplied SI PDF p. 3, Table S2",verified,retained_property_observation,,,,,,,,,9T8XETPA,VMZKH34U,NCLG54A3,Downloads/Zotero-Supplements/Ramezani_2021_Supporting_Information.pdf
S2,30 wt% MEA + sugar,323.15,0.100,0.001,0.300,0.060,0.640,density,g/cm3,1.0531,,"Ramezani2021 supplied SI PDF p. 3, Table S2",verified,retained_property_observation,,,,,,,,,9T8XETPA,VMZKH34U,NCLG54A3,Downloads/Zotero-Supplements/Ramezani_2021_Supporting_Information.pdf
S2,30 wt% MEA + sugar,323.15,0.200,0.003,0.300,0.060,0.640,density,g/cm3,1.0701,,"Ramezani2021 supplied SI PDF p. 3, Table S2",verified,retained_property_observation,,,,,,,,,9T8XETPA,VMZKH34U,NCLG54A3,Downloads/Zotero-Supplements/Ramezani_2021_Supporting_Information.pdf
S2,30 wt% MEA + sugar,323.15,0.300,0.004,0.300,0.060,0.640,density,g/cm3,1.1009,,"Ramezani2021 supplied SI PDF p. 3, Table S2",verified,retained_property_observation,,,,,,,,,9T8XETPA,VMZKH34U,NCLG54A3,Downloads/Zotero-Supplements/Ramezani_2021_Supporting_Information.pdf
S2,30 wt% MEA + sugar,323.15,0.400,0.005,0.300,0.060,0.640,density,g/cm3,1.1253,,"Ramezani2021 supplied SI PDF p. 3, Table S2",verified,retained_property_observation,,,,,,,,,9T8XETPA,VMZKH34U,NCLG54A3,Downloads/Zotero-Supplements/Ramezani_2021_Supporting_Information.pdf
S2,30 wt% MEA + sugar,333.15,0,,0.300,0.060,0.640,density,g/cm3,1.0172,,"Ramezani2021 supplied SI PDF p. 3, Table S2",verified,retained_property_observation,,,,,,,,,9T8XETPA,VMZKH34U,NCLG54A3,Downloads/Zotero-Supplements/Ramezani_2021_Supporting_Information.pdf
S2,30 wt% MEA + sugar,333.15,0.100,0.001,0.300,0.060,0.640,density,g/cm3,1.0492,,"Ramezani2021 supplied SI PDF p. 3, Table S2",verified,retained_property_observation,,,,,,,,,9T8XETPA,VMZKH34U,NCLG54A3,Downloads/Zotero-Supplements/Ramezani_2021_Supporting_Information.pdf
S2,30 wt% MEA + sugar,333.15,0.200,0.003,0.300,0.060,0.640,density,g/cm3,1.0657,,"Ramezani2021 supplied SI PDF p. 3, Table S2",verified,retained_property_observation,,,,,,,,,9T8XETPA,VMZKH34U,NCLG54A3,Downloads/Zotero-Supplements/Ramezani_2021_Supporting_Information.pdf
S2,30 wt% MEA + sugar,333.15,0.300,0.004,0.300,0.060,0.640,density,g/cm3,1.0976,,"Ramezani2021 supplied SI PDF p. 3, Table S2",verified,retained_property_observation,,,,,,,,,9T8XETPA,VMZKH34U,NCLG54A3,Downloads/Zotero-Supplements/Ramezani_2021_Supporting_Information.pdf
S2,30 wt% MEA + sugar,333.15,0.400,0.005,0.300,0.060,0.640,density,g/cm3,1.1199,,"Ramezani2021 supplied SI PDF p. 3, Table S2",verified,retained_property_observation,,,,,,,,,9T8XETPA,VMZKH34U,NCLG54A3,Downloads/Zotero-Supplements/Ramezani_2021_Supporting_Information.pdf
S2,30 wt% MEA + sugar,343.15,0,,0.300,0.060,0.640,density,g/cm3,1.0092,,"Ramezani2021 supplied SI PDF p. 3, Table S2",verified,retained_property_observation,,,,,,,,,9T8XETPA,VMZKH34U,NCLG54A3,Downloads/Zotero-Supplements/Ramezani_2021_Supporting_Information.pdf
S2,30 wt% MEA + sugar,343.15,0.100,0.001,0.300,0.060,0.640,density,g/cm3,1.0397,,"Ramezani2021 supplied SI PDF p. 3, Table S2",verified,retained_property_observation,,,,,,,,,9T8XETPA,VMZKH34U,NCLG54A3,Downloads/Zotero-Supplements/Ramezani_2021_Supporting_Information.pdf
S2,30 wt% MEA + sugar,343.15,0.200,0.003,0.300,0.060,0.640,density,g/cm3,1.0605,,"Ramezani2021 supplied SI PDF p. 3, Table S2",verified,retained_property_observation,,,,,,,,,9T8XETPA,VMZKH34U,NCLG54A3,Downloads/Zotero-Supplements/Ramezani_2021_Supporting_Information.pdf
S2,30 wt% MEA + sugar,343.15,0.300,0.004,0.300,0.060,0.640,density,g/cm3,1.0937,,"Ramezani2021 supplied SI PDF p. 3, Table S2",verified,retained_property_observation,,,,,,,,,9T8XETPA,VMZKH34U,NCLG54A3,Downloads/Zotero-Supplements/Ramezani_2021_Supporting_Information.pdf
S2,30 wt% MEA + sugar,343.15,0.400,0.005,0.300,0.060,0.640,density,g/cm3,1.1140,,"Ramezani2021 supplied SI PDF p. 3, Table S2",verified,retained_property_observation,,,,,,,,,9T8XETPA,VMZKH34U,NCLG54A3,Downloads/Zotero-Supplements/Ramezani_2021_Supporting_Information.pdf
S2,30 wt% MEA + sugar,298.15,0,,0.300,0.100,0.600,density,g/cm3,1.0514,,"Ramezani2021 supplied SI PDF p. 3, Table S2",verified,retained_property_observation,,,,,,,,,9T8XETPA,VMZKH34U,NCLG54A3,Downloads/Zotero-Supplements/Ramezani_2021_Supporting_Information.pdf
S2,30 wt% MEA + sugar,298.15,0.100,0.001,0.300,0.100,0.600,density,g/cm3,1.0736,,"Ramezani2021 supplied SI PDF p. 3, Table S2",verified,retained_property_observation,,,,,,,,,9T8XETPA,VMZKH34U,NCLG54A3,Downloads/Zotero-Supplements/Ramezani_2021_Supporting_Information.pdf
S2,30 wt% MEA + sugar,298.15,0.200,0.003,0.300,0.100,0.600,density,g/cm3,1.0997,,"Ramezani2021 supplied SI PDF p. 3, Table S2",verified,retained_property_observation,,,,,,,,,9T8XETPA,VMZKH34U,NCLG54A3,Downloads/Zotero-Supplements/Ramezani_2021_Supporting_Information.pdf
S2,30 wt% MEA + sugar,298.15,0.300,0.004,0.300,0.100,0.600,density,g/cm3,1.1235,,"Ramezani2021 supplied SI PDF p. 3, Table S2",verified,retained_property_observation,,,,,,,,,9T8XETPA,VMZKH34U,NCLG54A3,Downloads/Zotero-Supplements/Ramezani_2021_Supporting_Information.pdf
S2,30 wt% MEA + sugar,298.15,0.400,0.005,0.300,0.100,0.600,density,g/cm3,1.1534,,"Ramezani2021 supplied SI PDF p. 3, Table S2",verified,retained_property_observation,,,,,,,,,9T8XETPA,VMZKH34U,NCLG54A3,Downloads/Zotero-Supplements/Ramezani_2021_Supporting_Information.pdf
S2,30 wt% MEA + sugar,313.15,0,,0.300,0.100,0.600,density,g/cm3,1.0441,,"Ramezani2021 supplied SI PDF p. 3, Table S2",verified,retained_property_observation,,,,,,,,,9T8XETPA,VMZKH34U,NCLG54A3,Downloads/Zotero-Supplements/Ramezani_2021_Supporting_Information.pdf
S2,30 wt% MEA + sugar,313.15,0.100,0.001,0.300,0.100,0.600,density,g/cm3,1.0667,,"Ramezani2021 supplied SI PDF p. 3, Table S2",verified,retained_property_observation,,,,,,,,,9T8XETPA,VMZKH34U,NCLG54A3,Downloads/Zotero-Supplements/Ramezani_2021_Supporting_Information.pdf
S2,30 wt% MEA + sugar,313.15,0.200,0.003,0.300,0.100,0.600,density,g/cm3,1.0928,,"Ramezani2021 supplied SI PDF p. 3, Table S2",verified,retained_property_observation,,,,,,,,,9T8XETPA,VMZKH34U,NCLG54A3,Downloads/Zotero-Supplements/Ramezani_2021_Supporting_Information.pdf
S2,30 wt% MEA + sugar,313.15,0.300,0.004,0.300,0.100,0.600,density,g/cm3,1.1175,,"Ramezani2021 supplied SI PDF p. 3, Table S2",verified,retained_property_observation,,,,,,,,,9T8XETPA,VMZKH34U,NCLG54A3,Downloads/Zotero-Supplements/Ramezani_2021_Supporting_Information.pdf
S2,30 wt% MEA + sugar,313.15,0.400,0.005,0.300,0.100,0.600,density,g/cm3,1.1458,,"Ramezani2021 supplied SI PDF p. 3, Table S2",verified,retained_property_observation,,,,,,,,,9T8XETPA,VMZKH34U,NCLG54A3,Downloads/Zotero-Supplements/Ramezani_2021_Supporting_Information.pdf
S2,30 wt% MEA + sugar,323.15,0,,0.300,0.100,0.600,density,g/cm3,1.0398,,"Ramezani2021 supplied SI PDF p. 3, Table S2",verified,retained_property_observation,,,,,,,,,9T8XETPA,VMZKH34U,NCLG54A3,Downloads/Zotero-Supplements/Ramezani_2021_Supporting_Information.pdf
S2,30 wt% MEA + sugar,323.15,0.100,0.001,0.300,0.100,0.600,density,g/cm3,1.0629,,"Ramezani2021 supplied SI PDF p. 3, Table S2",verified,retained_property_observation,,,,,,,,,9T8XETPA,VMZKH34U,NCLG54A3,Downloads/Zotero-Supplements/Ramezani_2021_Supporting_Information.pdf
S2,30 wt% MEA + sugar,323.15,0.200,0.003,0.300,0.100,0.600,density,g/cm3,1.0885,,"Ramezani2021 supplied SI PDF p. 3, Table S2",verified,retained_property_observation,,,,,,,,,9T8XETPA,VMZKH34U,NCLG54A3,Downloads/Zotero-Supplements/Ramezani_2021_Supporting_Information.pdf
S2,30 wt% MEA + sugar,323.15,0.300,0.004,0.300,0.100,0.600,density,g/cm3,1.1139,,"Ramezani2021 supplied SI PDF p. 3, Table S2",verified,retained_property_observation,,,,,,,,,9T8XETPA,VMZKH34U,NCLG54A3,Downloads/Zotero-Supplements/Ramezani_2021_Supporting_Information.pdf
S2,30 wt% MEA + sugar,323.15,0.400,0.005,0.300,0.100,0.600,density,g/cm3,1.1415,,"Ramezani2021 supplied SI PDF p. 3, Table S2",verified,retained_property_observation,,,,,,,,,9T8XETPA,VMZKH34U,NCLG54A3,Downloads/Zotero-Supplements/Ramezani_2021_Supporting_Information.pdf
S2,30 wt% MEA + sugar,333.15,0,,0.300,0.100,0.600,density,g/cm3,1.0351,,"Ramezani2021 supplied SI PDF p. 3, Table S2",verified,retained_property_observation,,,,,,,,,9T8XETPA,VMZKH34U,NCLG54A3,Downloads/Zotero-Supplements/Ramezani_2021_Supporting_Information.pdf
S2,30 wt% MEA + sugar,333.15,0.100,0.001,0.300,0.100,0.600,density,g/cm3,1.0590,,"Ramezani2021 supplied SI PDF p. 3, Table S2",verified,retained_property_observation,,,,,,,,,9T8XETPA,VMZKH34U,NCLG54A3,Downloads/Zotero-Supplements/Ramezani_2021_Supporting_Information.pdf
S2,30 wt% MEA + sugar,333.15,0.200,0.003,0.300,0.100,0.600,density,g/cm3,1.0846,,"Ramezani2021 supplied SI PDF p. 3, Table S2",verified,retained_property_observation,,,,,,,,,9T8XETPA,VMZKH34U,NCLG54A3,Downloads/Zotero-Supplements/Ramezani_2021_Supporting_Information.pdf
S2,30 wt% MEA + sugar,333.15,0.300,0.004,0.300,0.100,0.600,density,g/cm3,1.1113,,"Ramezani2021 supplied SI PDF p. 3, Table S2",verified,retained_property_observation,,,,,,,,,9T8XETPA,VMZKH34U,NCLG54A3,Downloads/Zotero-Supplements/Ramezani_2021_Supporting_Information.pdf
S2,30 wt% MEA + sugar,333.15,0.400,0.005,0.300,0.100,0.600,density,g/cm3,1.1365,,"Ramezani2021 supplied SI PDF p. 3, Table S2",verified,retained_property_observation,,,,,,,,,9T8XETPA,VMZKH34U,NCLG54A3,Downloads/Zotero-Supplements/Ramezani_2021_Supporting_Information.pdf
S2,30 wt% MEA + sugar,343.15,0,,0.300,0.100,0.600,density,g/cm3,1.0258,,"Ramezani2021 supplied SI PDF p. 3, Table S2",verified,retained_property_observation,,,,,,,,,9T8XETPA,VMZKH34U,NCLG54A3,Downloads/Zotero-Supplements/Ramezani_2021_Supporting_Information.pdf
S2,30 wt% MEA + sugar,343.15,0.100,0.001,0.300,0.100,0.600,density,g/cm3,1.0490,,"Ramezani2021 supplied SI PDF p. 3, Table S2",verified,retained_property_observation,,,,,,,,,9T8XETPA,VMZKH34U,NCLG54A3,Downloads/Zotero-Supplements/Ramezani_2021_Supporting_Information.pdf
S2,30 wt% MEA + sugar,343.15,0.200,0.003,0.300,0.100,0.600,density,g/cm3,1.0806,,"Ramezani2021 supplied SI PDF p. 3, Table S2",verified,retained_property_observation,,,,,,,,,9T8XETPA,VMZKH34U,NCLG54A3,Downloads/Zotero-Supplements/Ramezani_2021_Supporting_Information.pdf
S2,30 wt% MEA + sugar,343.15,0.300,0.004,0.300,0.100,0.600,density,g/cm3,1.1073,,"Ramezani2021 supplied SI PDF p. 3, Table S2",verified,retained_property_observation,,,,,,,,,9T8XETPA,VMZKH34U,NCLG54A3,Downloads/Zotero-Supplements/Ramezani_2021_Supporting_Information.pdf
S2,30 wt% MEA + sugar,343.15,0.400,0.005,0.300,0.100,0.600,density,g/cm3,1.1310,,"Ramezani2021 supplied SI PDF p. 3, Table S2",verified,retained_property_observation,,,,,,,,,9T8XETPA,VMZKH34U,NCLG54A3,Downloads/Zotero-Supplements/Ramezani_2021_Supporting_Information.pdf
S2,30 wt% MEA + sugar,298.15,0,,0.300,0.200,0.500,density,g/cm3,1.0940,,"Ramezani2021 supplied SI PDF p. 3, Table S2",verified,retained_property_observation,,,,,,,,,9T8XETPA,VMZKH34U,NCLG54A3,Downloads/Zotero-Supplements/Ramezani_2021_Supporting_Information.pdf
S2,30 wt% MEA + sugar,298.15,0.100,0.001,0.300,0.200,0.500,density,g/cm3,1.1195,,"Ramezani2021 supplied SI PDF p. 3, Table S2",verified,retained_property_observation,,,,,,,,,9T8XETPA,VMZKH34U,NCLG54A3,Downloads/Zotero-Supplements/Ramezani_2021_Supporting_Information.pdf
S2,30 wt% MEA + sugar,298.15,0.200,0.003,0.300,0.200,0.500,density,g/cm3,1.1440,,"Ramezani2021 supplied SI PDF p. 3, Table S2",verified,retained_property_observation,,,,,,,,,9T8XETPA,VMZKH34U,NCLG54A3,Downloads/Zotero-Supplements/Ramezani_2021_Supporting_Information.pdf
S2,30 wt% MEA + sugar,298.15,0.300,0.004,0.300,0.200,0.500,density,g/cm3,1.1784,,"Ramezani2021 supplied SI PDF p. 3, Table S2",verified,retained_property_observation,,,,,,,,,9T8XETPA,VMZKH34U,NCLG54A3,Downloads/Zotero-Supplements/Ramezani_2021_Supporting_Information.pdf
S2,30 wt% MEA + sugar,298.15,0.400,0.005,0.300,0.200,0.500,density,g/cm3,1.1979,,"Ramezani2021 supplied SI PDF p. 3, Table S2",verified,retained_property_observation,,,,,,,,,9T8XETPA,VMZKH34U,NCLG54A3,Downloads/Zotero-Supplements/Ramezani_2021_Supporting_Information.pdf
S2,30 wt% MEA + sugar,313.15,0,,0.300,0.200,0.500,density,g/cm3,1.0887,,"Ramezani2021 supplied SI PDF p. 3, Table S2",verified,retained_property_observation,,,,,,,,,9T8XETPA,VMZKH34U,NCLG54A3,Downloads/Zotero-Supplements/Ramezani_2021_Supporting_Information.pdf
S2,30 wt% MEA + sugar,313.15,0.100,0.001,0.300,0.200,0.500,density,g/cm3,1.1147,,"Ramezani2021 supplied SI PDF p. 3, Table S2",verified,retained_property_observation,,,,,,,,,9T8XETPA,VMZKH34U,NCLG54A3,Downloads/Zotero-Supplements/Ramezani_2021_Supporting_Information.pdf
S2,30 wt% MEA + sugar,313.15,0.200,0.003,0.300,0.200,0.500,density,g/cm3,1.1368,,"Ramezani2021 supplied SI PDF p. 3, Table S2",verified,retained_property_observation,,,,,,,,,9T8XETPA,VMZKH34U,NCLG54A3,Downloads/Zotero-Supplements/Ramezani_2021_Supporting_Information.pdf
S2,30 wt% MEA + sugar,313.15,0.300,0.004,0.300,0.200,0.500,density,g/cm3,1.1728,,"Ramezani2021 supplied SI PDF p. 3, Table S2",verified,retained_property_observation,,,,,,,,,9T8XETPA,VMZKH34U,NCLG54A3,Downloads/Zotero-Supplements/Ramezani_2021_Supporting_Information.pdf
S2,30 wt% MEA + sugar,313.15,0.400,0.005,0.300,0.200,0.500,density,g/cm3,1.1912,,"Ramezani2021 supplied SI PDF p. 3, Table S2",verified,retained_property_observation,,,,,,,,,9T8XETPA,VMZKH34U,NCLG54A3,Downloads/Zotero-Supplements/Ramezani_2021_Supporting_Information.pdf
S2,30 wt% MEA + sugar,323.15,0,,0.300,0.200,0.500,density,g/cm3,1.0855,,"Ramezani2021 supplied SI PDF p. 3, Table S2",verified,retained_property_observation,,,,,,,,,9T8XETPA,VMZKH34U,NCLG54A3,Downloads/Zotero-Supplements/Ramezani_2021_Supporting_Information.pdf
S2,30 wt% MEA + sugar,323.15,0.100,0.001,0.300,0.200,0.500,density,g/cm3,1.1126,,"Ramezani2021 supplied SI PDF p. 3, Table S2",verified,retained_property_observation,,,,,,,,,9T8XETPA,VMZKH34U,NCLG54A3,Downloads/Zotero-Supplements/Ramezani_2021_Supporting_Information.pdf
S2,30 wt% MEA + sugar,323.15,0.200,0.003,0.300,0.200,0.500,density,g/cm3,1.1336,,"Ramezani2021 supplied SI PDF p. 3, Table S2",verified,retained_property_observation,,,,,,,,,9T8XETPA,VMZKH34U,NCLG54A3,Downloads/Zotero-Supplements/Ramezani_2021_Supporting_Information.pdf
S2,30 wt% MEA + sugar,323.15,0.300,0.004,0.300,0.200,0.500,density,g/cm3,1.1698,,"Ramezani2021 supplied SI PDF p. 3, Table S2",verified,retained_property_observation,,,,,,,,,9T8XETPA,VMZKH34U,NCLG54A3,Downloads/Zotero-Supplements/Ramezani_2021_Supporting_Information.pdf
S2,30 wt% MEA + sugar,323.15,0.400,0.005,0.300,0.200,0.500,density,g/cm3,1.1862,,"Ramezani2021 supplied SI PDF p. 3, Table S2",verified,retained_property_observation,,,,,,,,,9T8XETPA,VMZKH34U,NCLG54A3,Downloads/Zotero-Supplements/Ramezani_2021_Supporting_Information.pdf
S2,30 wt% MEA + sugar,333.15,0,,0.300,0.200,0.500,density,g/cm3,1.0817,,"Ramezani2021 supplied SI PDF p. 3, Table S2",verified,retained_property_observation,,,,,,,,,9T8XETPA,VMZKH34U,NCLG54A3,Downloads/Zotero-Supplements/Ramezani_2021_Supporting_Information.pdf
S2,30 wt% MEA + sugar,333.15,0.100,0.001,0.300,0.200,0.500,density,g/cm3,1.1097,,"Ramezani2021 supplied SI PDF p. 3, Table S2",verified,retained_property_observation,,,,,,,,,9T8XETPA,VMZKH34U,NCLG54A3,Downloads/Zotero-Supplements/Ramezani_2021_Supporting_Information.pdf
S2,30 wt% MEA + sugar,333.15,0.200,0.003,0.300,0.200,0.500,density,g/cm3,1.1314,,"Ramezani2021 supplied SI PDF p. 3, Table S2",verified,retained_property_observation,,,,,,,,,9T8XETPA,VMZKH34U,NCLG54A3,Downloads/Zotero-Supplements/Ramezani_2021_Supporting_Information.pdf
S2,30 wt% MEA + sugar,333.15,0.300,0.004,0.300,0.200,0.500,density,g/cm3,1.1602,,"Ramezani2021 supplied SI PDF p. 3, Table S2",verified,retained_property_observation,,,,,,,,,9T8XETPA,VMZKH34U,NCLG54A3,Downloads/Zotero-Supplements/Ramezani_2021_Supporting_Information.pdf
S2,30 wt% MEA + sugar,333.15,0.400,0.005,0.300,0.200,0.500,density,g/cm3,1.1783,,"Ramezani2021 supplied SI PDF p. 3, Table S2",verified,retained_property_observation,,,,,,,,,9T8XETPA,VMZKH34U,NCLG54A3,Downloads/Zotero-Supplements/Ramezani_2021_Supporting_Information.pdf
S2,30 wt% MEA + sugar,343.15,0,,0.300,0.200,0.500,density,g/cm3,1.0680,,"Ramezani2021 supplied SI PDF p. 3, Table S2",verified,retained_property_observation,,,,,,,,,9T8XETPA,VMZKH34U,NCLG54A3,Downloads/Zotero-Supplements/Ramezani_2021_Supporting_Information.pdf
S2,30 wt% MEA + sugar,343.15,0.100,0.001,0.300,0.200,0.500,density,g/cm3,1.0977,,"Ramezani2021 supplied SI PDF p. 3, Table S2",verified,retained_property_observation,,,,,,,,,9T8XETPA,VMZKH34U,NCLG54A3,Downloads/Zotero-Supplements/Ramezani_2021_Supporting_Information.pdf
S2,30 wt% MEA + sugar,343.15,0.200,0.003,0.300,0.200,0.500,density,g/cm3,1.1281,,"Ramezani2021 supplied SI PDF p. 3, Table S2",verified,retained_property_observation,,,,,,,,,9T8XETPA,VMZKH34U,NCLG54A3,Downloads/Zotero-Supplements/Ramezani_2021_Supporting_Information.pdf
S2,30 wt% MEA + sugar,343.15,0.300,0.004,0.300,0.200,0.500,density,g/cm3,1.1583,,"Ramezani2021 supplied SI PDF p. 3, Table S2",verified,retained_property_observation,,,,,,,,,9T8XETPA,VMZKH34U,NCLG54A3,Downloads/Zotero-Supplements/Ramezani_2021_Supporting_Information.pdf
S2,30 wt% MEA + sugar,343.15,0.400,0.005,0.300,0.200,0.500,density,g/cm3,1.1722,,"Ramezani2021 supplied SI PDF p. 3, Table S2",verified,retained_property_observation,,,,,,,,,9T8XETPA,VMZKH34U,NCLG54A3,Downloads/Zotero-Supplements/Ramezani_2021_Supporting_Information.pdf
S3,30 wt% MEA,298.15,,,,,,viscosity,mPa s,2.464,this_work,"Ramezani2021 supplied SI PDF p. 3, Table S3",verified,retained_property_observation_or_comparison,,,,,,,,,9T8XETPA,VMZKH34U,NCLG54A3,Downloads/Zotero-Supplements/Ramezani_2021_Supporting_Information.pdf
S3,30 wt% MEA,298.15,,,,,,viscosity,mPa s,2.548,Bernhardsen_et_al,"Ramezani2021 supplied SI PDF p. 3, Table S3",verified,retained_property_observation_or_comparison,,,,,,,,,9T8XETPA,VMZKH34U,NCLG54A3,Downloads/Zotero-Supplements/Ramezani_2021_Supporting_Information.pdf
S3,30 wt% MEA,298.15,,,,,,viscosity,mPa s,2.450,Hartono_et_al,"Ramezani2021 supplied SI PDF p. 3, Table S3",verified,retained_property_observation_or_comparison,,,,,,,,,9T8XETPA,VMZKH34U,NCLG54A3,Downloads/Zotero-Supplements/Ramezani_2021_Supporting_Information.pdf
S3,30 wt% MEA,298.15,,,,,,viscosity,mPa s,2.480,Amundsen_et_al,"Ramezani2021 supplied SI PDF p. 3, Table S3",verified,retained_property_observation_or_comparison,,,,,,,,,9T8XETPA,VMZKH34U,NCLG54A3,Downloads/Zotero-Supplements/Ramezani_2021_Supporting_Information.pdf
S3,30 wt% MEA,313.15,,,,,,viscosity,mPa s,1.647,this_work,"Ramezani2021 supplied SI PDF p. 3, Table S3",verified,retained_property_observation_or_comparison,,,,,,,,,9T8XETPA,VMZKH34U,NCLG54A3,Downloads/Zotero-Supplements/Ramezani_2021_Supporting_Information.pdf
S3,30 wt% MEA,313.15,,,,,,viscosity,mPa s,1.724,Bernhardsen_et_al,"Ramezani2021 supplied SI PDF p. 3, Table S3",verified,retained_property_observation_or_comparison,,,,,,,,,9T8XETPA,VMZKH34U,NCLG54A3,Downloads/Zotero-Supplements/Ramezani_2021_Supporting_Information.pdf
S3,30 wt% MEA,313.15,,,,,,viscosity,mPa s,1.628,Hartono_et_al,"Ramezani2021 supplied SI PDF p. 3, Table S3",verified,retained_property_observation_or_comparison,,,,,,,,,9T8XETPA,VMZKH34U,NCLG54A3,Downloads/Zotero-Supplements/Ramezani_2021_Supporting_Information.pdf
S3,30 wt% MEA,313.15,,,,,,viscosity,mPa s,1.670,Amundsen_et_al,"Ramezani2021 supplied SI PDF p. 3, Table S3",verified,retained_property_observation_or_comparison,,,,,,,,,9T8XETPA,VMZKH34U,NCLG54A3,Downloads/Zotero-Supplements/Ramezani_2021_Supporting_Information.pdf
S3,30 wt% MEA,323.15,,,,,,viscosity,mPa s,1.331,this_work,"Ramezani2021 supplied SI PDF p. 3, Table S3",verified,retained_property_observation_or_comparison,,,,,,,,,9T8XETPA,VMZKH34U,NCLG54A3,Downloads/Zotero-Supplements/Ramezani_2021_Supporting_Information.pdf
S3,30 wt% MEA,323.15,,,,,,viscosity,mPa s,1.376,Bernhardsen_et_al,"Ramezani2021 supplied SI PDF p. 3, Table S3",verified,retained_property_observation_or_comparison,,,,,,,,,9T8XETPA,VMZKH34U,NCLG54A3,Downloads/Zotero-Supplements/Ramezani_2021_Supporting_Information.pdf
S3,30 wt% MEA,323.15,,,,,,viscosity,mPa s,1.305,Hartono_et_al,"Ramezani2021 supplied SI PDF p. 3, Table S3",verified,retained_property_observation_or_comparison,,,,,,,,,9T8XETPA,VMZKH34U,NCLG54A3,Downloads/Zotero-Supplements/Ramezani_2021_Supporting_Information.pdf
S3,30 wt% MEA,323.15,,,,,,viscosity,mPa s,1.330,Amundsen_et_al,"Ramezani2021 supplied SI PDF p. 3, Table S3",verified,retained_property_observation_or_comparison,,,,,,,,,9T8XETPA,VMZKH34U,NCLG54A3,Downloads/Zotero-Supplements/Ramezani_2021_Supporting_Information.pdf
S3,30 wt% MEA,333.15,,,,,,viscosity,mPa s,1.097,this_work,"Ramezani2021 supplied SI PDF p. 3, Table S3",verified,retained_property_observation_or_comparison,,,,,,,,,9T8XETPA,VMZKH34U,NCLG54A3,Downloads/Zotero-Supplements/Ramezani_2021_Supporting_Information.pdf
S3,30 wt% MEA,333.15,,,,,,viscosity,mPa s,1.098,Bernhardsen_et_al,"Ramezani2021 supplied SI PDF p. 3, Table S3",verified,retained_property_observation_or_comparison,,,,,,,,,9T8XETPA,VMZKH34U,NCLG54A3,Downloads/Zotero-Supplements/Ramezani_2021_Supporting_Information.pdf
S3,30 wt% MEA,333.15,,,,,,viscosity,mPa s,1.055,Hartono_et_al,"Ramezani2021 supplied SI PDF p. 3, Table S3",verified,retained_property_observation_or_comparison,,,,,,,,,9T8XETPA,VMZKH34U,NCLG54A3,Downloads/Zotero-Supplements/Ramezani_2021_Supporting_Information.pdf
S3,30 wt% MEA,333.15,,,,,,viscosity,mPa s,-,Amundsen_et_al,"Ramezani2021 supplied SI PDF p. 3, Table S3",verified,retained_property_observation_or_comparison,,,,,,,,,9T8XETPA,VMZKH34U,NCLG54A3,Downloads/Zotero-Supplements/Ramezani_2021_Supporting_Information.pdf
S3,30 wt% MEA,343.15,,,,,,viscosity,mPa s,0.879,this_work,"Ramezani2021 supplied SI PDF p. 3, Table S3",verified,retained_property_observation_or_comparison,,,,,,,,,9T8XETPA,VMZKH34U,NCLG54A3,Downloads/Zotero-Supplements/Ramezani_2021_Supporting_Information.pdf
S3,30 wt% MEA,343.15,,,,,,viscosity,mPa s,0.889,Bernhardsen_et_al,"Ramezani2021 supplied SI PDF p. 3, Table S3",verified,retained_property_observation_or_comparison,,,,,,,,,9T8XETPA,VMZKH34U,NCLG54A3,Downloads/Zotero-Supplements/Ramezani_2021_Supporting_Information.pdf
S3,30 wt% MEA,343.15,,,,,,viscosity,mPa s,0.874,Hartono_et_al,"Ramezani2021 supplied SI PDF p. 3, Table S3",verified,retained_property_observation_or_comparison,,,,,,,,,9T8XETPA,VMZKH34U,NCLG54A3,Downloads/Zotero-Supplements/Ramezani_2021_Supporting_Information.pdf
S3,30 wt% MEA,343.15,,,,,,viscosity,mPa s,0.920,Amundsen_et_al,"Ramezani2021 supplied SI PDF p. 3, Table S3",verified,retained_property_observation_or_comparison,,,,,,,,,9T8XETPA,VMZKH34U,NCLG54A3,Downloads/Zotero-Supplements/Ramezani_2021_Supporting_Information.pdf
S4,30 wt% MEA,298.15,0,,0.300,0,0.700,viscosity,mPa s,2.464,,"Ramezani2021 supplied SI PDF p. 4, Table S4",verified,retained_property_observation,,,,,,,,,9T8XETPA,VMZKH34U,NCLG54A3,Downloads/Zotero-Supplements/Ramezani_2021_Supporting_Information.pdf
S4,30 wt% MEA,298.15,0.100,0.001,0.300,0,0.700,viscosity,mPa s,2.762,,"Ramezani2021 supplied SI PDF p. 4, Table S4",verified,retained_property_observation,,,,,,,,,9T8XETPA,VMZKH34U,NCLG54A3,Downloads/Zotero-Supplements/Ramezani_2021_Supporting_Information.pdf
S4,30 wt% MEA,298.15,0.200,0.003,0.300,0,0.700,viscosity,mPa s,2.952,,"Ramezani2021 supplied SI PDF p. 4, Table S4",verified,retained_property_observation,,,,,,,,,9T8XETPA,VMZKH34U,NCLG54A3,Downloads/Zotero-Supplements/Ramezani_2021_Supporting_Information.pdf
S4,30 wt% MEA,298.15,0.300,0.004,0.300,0,0.700,viscosity,mPa s,3.305,,"Ramezani2021 supplied SI PDF p. 4, Table S4",verified,retained_property_observation,,,,,,,,,9T8XETPA,VMZKH34U,NCLG54A3,Downloads/Zotero-Supplements/Ramezani_2021_Supporting_Information.pdf
S4,30 wt% MEA,298.15,0.400,0.005,0.300,0,0.700,viscosity,mPa s,3.607,,"Ramezani2021 supplied SI PDF p. 4, Table S4",verified,retained_property_observation,,,,,,,,,9T8XETPA,VMZKH34U,NCLG54A3,Downloads/Zotero-Supplements/Ramezani_2021_Supporting_Information.pdf
S4,30 wt% MEA,313.15,0,,0.300,0,0.700,viscosity,mPa s,1.647,,"Ramezani2021 supplied SI PDF p. 4, Table S4",verified,retained_property_observation,,,,,,,,,9T8XETPA,VMZKH34U,NCLG54A3,Downloads/Zotero-Supplements/Ramezani_2021_Supporting_Information.pdf
S4,30 wt% MEA,313.15,0.100,0.001,0.300,0,0.700,viscosity,mPa s,1.868,,"Ramezani2021 supplied SI PDF p. 4, Table S4",verified,retained_property_observation,,,,,,,,,9T8XETPA,VMZKH34U,NCLG54A3,Downloads/Zotero-Supplements/Ramezani_2021_Supporting_Information.pdf
S4,30 wt% MEA,313.15,0.200,0.003,0.300,0,0.700,viscosity,mPa s,1.999,,"Ramezani2021 supplied SI PDF p. 4, Table S4",verified,retained_property_observation,,,,,,,,,9T8XETPA,VMZKH34U,NCLG54A3,Downloads/Zotero-Supplements/Ramezani_2021_Supporting_Information.pdf
S4,30 wt% MEA,313.15,0.300,0.004,0.300,0,0.700,viscosity,mPa s,2.256,,"Ramezani2021 supplied SI PDF p. 4, Table S4",verified,retained_property_observation,,,,,,,,,9T8XETPA,VMZKH34U,NCLG54A3,Downloads/Zotero-Supplements/Ramezani_2021_Supporting_Information.pdf
S4,30 wt% MEA,313.15,0.400,0.005,0.300,0,0.700,viscosity,mPa s,2.466,,"Ramezani2021 supplied SI PDF p. 4, Table S4",verified,retained_property_observation,,,,,,,,,9T8XETPA,VMZKH34U,NCLG54A3,Downloads/Zotero-Supplements/Ramezani_2021_Supporting_Information.pdf
S4,30 wt% MEA,323.15,0,,0.300,0,0.700,viscosity,mPa s,1.331,,"Ramezani2021 supplied SI PDF p. 4, Table S4",verified,retained_property_observation,,,,,,,,,9T8XETPA,VMZKH34U,NCLG54A3,Downloads/Zotero-Supplements/Ramezani_2021_Supporting_Information.pdf
S4,30 wt% MEA,323.15,0.100,0.001,0.300,0,0.700,viscosity,mPa s,1.506,,"Ramezani2021 supplied SI PDF p. 4, Table S4",verified,retained_property_observation,,,,,,,,,9T8XETPA,VMZKH34U,NCLG54A3,Downloads/Zotero-Supplements/Ramezani_2021_Supporting_Information.pdf
S4,30 wt% MEA,323.15,0.200,0.003,0.300,0,0.700,viscosity,mPa s,1.605,,"Ramezani2021 supplied SI PDF p. 4, Table S4",verified,retained_property_observation,,,,,,,,,9T8XETPA,VMZKH34U,NCLG54A3,Downloads/Zotero-Supplements/Ramezani_2021_Supporting_Information.pdf
S4,30 wt% MEA,323.15,0.300,0.004,0.300,0,0.700,viscosity,mPa s,1.840,,"Ramezani2021 supplied SI PDF p. 4, Table S4",verified,retained_property_observation,,,,,,,,,9T8XETPA,VMZKH34U,NCLG54A3,Downloads/Zotero-Supplements/Ramezani_2021_Supporting_Information.pdf
S4,30 wt% MEA,323.15,0.400,0.005,0.300,0,0.700,viscosity,mPa s,2.007,,"Ramezani2021 supplied SI PDF p. 4, Table S4",verified,retained_property_observation,,,,,,,,,9T8XETPA,VMZKH34U,NCLG54A3,Downloads/Zotero-Supplements/Ramezani_2021_Supporting_Information.pdf
S4,30 wt% MEA,333.15,0,,0.300,0,0.700,viscosity,mPa s,1.096,,"Ramezani2021 supplied SI PDF p. 4, Table S4",verified,retained_property_observation,,,,,,,,,9T8XETPA,VMZKH34U,NCLG54A3,Downloads/Zotero-Supplements/Ramezani_2021_Supporting_Information.pdf
S4,30 wt% MEA,333.15,0.100,0.001,0.300,0,0.700,viscosity,mPa s,1.264,,"Ramezani2021 supplied SI PDF p. 4, Table S4",verified,retained_property_observation,,,,,,,,,9T8XETPA,VMZKH34U,NCLG54A3,Downloads/Zotero-Supplements/Ramezani_2021_Supporting_Information.pdf
S4,30 wt% MEA,333.15,0.200,0.003,0.300,0,0.700,viscosity,mPa s,1.331,,"Ramezani2021 supplied SI PDF p. 4, Table S4",verified,retained_property_observation,,,,,,,,,9T8XETPA,VMZKH34U,NCLG54A3,Downloads/Zotero-Supplements/Ramezani_2021_Supporting_Information.pdf
S4,30 wt% MEA,333.15,0.300,0.004,0.300,0,0.700,viscosity,mPa s,1.547,,"Ramezani2021 supplied SI PDF p. 4, Table S4",verified,retained_property_observation,,,,,,,,,9T8XETPA,VMZKH34U,NCLG54A3,Downloads/Zotero-Supplements/Ramezani_2021_Supporting_Information.pdf
S4,30 wt% MEA,333.15,0.400,0.005,0.300,0,0.700,viscosity,mPa s,1.705,,"Ramezani2021 supplied SI PDF p. 4, Table S4",verified,retained_property_observation,,,,,,,,,9T8XETPA,VMZKH34U,NCLG54A3,Downloads/Zotero-Supplements/Ramezani_2021_Supporting_Information.pdf
S4,30 wt% MEA,343.15,0,,0.300,0,0.700,viscosity,mPa s,0.879,,"Ramezani2021 supplied SI PDF p. 4, Table S4",verified,retained_property_observation,,,,,,,,,9T8XETPA,VMZKH34U,NCLG54A3,Downloads/Zotero-Supplements/Ramezani_2021_Supporting_Information.pdf
S4,30 wt% MEA,343.15,0.100,0.001,0.300,0,0.700,viscosity,mPa s,1.007,,"Ramezani2021 supplied SI PDF p. 4, Table S4",verified,retained_property_observation,,,,,,,,,9T8XETPA,VMZKH34U,NCLG54A3,Downloads/Zotero-Supplements/Ramezani_2021_Supporting_Information.pdf
S4,30 wt% MEA,343.15,0.200,0.003,0.300,0,0.700,viscosity,mPa s,1.125,,"Ramezani2021 supplied SI PDF p. 4, Table S4",verified,retained_property_observation,,,,,,,,,9T8XETPA,VMZKH34U,NCLG54A3,Downloads/Zotero-Supplements/Ramezani_2021_Supporting_Information.pdf
S4,30 wt% MEA,343.15,0.300,0.004,0.300,0,0.700,viscosity,mPa s,1.320,,"Ramezani2021 supplied SI PDF p. 4, Table S4",verified,retained_property_observation,,,,,,,,,9T8XETPA,VMZKH34U,NCLG54A3,Downloads/Zotero-Supplements/Ramezani_2021_Supporting_Information.pdf
S4,30 wt% MEA,343.15,0.400,0.005,0.300,0,0.700,viscosity,mPa s,1.454,,"Ramezani2021 supplied SI PDF p. 4, Table S4",verified,retained_property_observation,,,,,,,,,9T8XETPA,VMZKH34U,NCLG54A3,Downloads/Zotero-Supplements/Ramezani_2021_Supporting_Information.pdf
S4,30 wt% MEA + sugar,298.15,0,,0.300,0.030,0.670,viscosity,mPa s,2.805,,"Ramezani2021 supplied SI PDF p. 4, Table S4",verified,retained_property_observation,,,,,,,,,9T8XETPA,VMZKH34U,NCLG54A3,Downloads/Zotero-Supplements/Ramezani_2021_Supporting_Information.pdf
S4,30 wt% MEA + sugar,298.15,0.100,0.001,0.300,0.030,0.670,viscosity,mPa s,3.310,,"Ramezani2021 supplied SI PDF p. 4, Table S4",verified,retained_property_observation,,,,,,,,,9T8XETPA,VMZKH34U,NCLG54A3,Downloads/Zotero-Supplements/Ramezani_2021_Supporting_Information.pdf
S4,30 wt% MEA + sugar,298.15,0.200,0.003,0.300,0.030,0.670,viscosity,mPa s,3.463,,"Ramezani2021 supplied SI PDF p. 4, Table S4",verified,retained_property_observation,,,,,,,,,9T8XETPA,VMZKH34U,NCLG54A3,Downloads/Zotero-Supplements/Ramezani_2021_Supporting_Information.pdf
S4,30 wt% MEA + sugar,298.15,0.300,0.004,0.300,0.030,0.670,viscosity,mPa s,3.826,,"Ramezani2021 supplied SI PDF p. 4, Table S4",verified,retained_property_observation,,,,,,,,,9T8XETPA,VMZKH34U,NCLG54A3,Downloads/Zotero-Supplements/Ramezani_2021_Supporting_Information.pdf
S4,30 wt% MEA + sugar,298.15,0.400,0.005,0.300,0.030,0.670,viscosity,mPa s,4.288,,"Ramezani2021 supplied SI PDF p. 4, Table S4",verified,retained_property_observation,,,,,,,,,9T8XETPA,VMZKH34U,NCLG54A3,Downloads/Zotero-Supplements/Ramezani_2021_Supporting_Information.pdf
S4,30 wt% MEA + sugar,313.15,0,,0.300,0.030,0.670,viscosity,mPa s,1.856,,"Ramezani2021 supplied SI PDF p. 4, Table S4",verified,retained_property_observation,,,,,,,,,9T8XETPA,VMZKH34U,NCLG54A3,Downloads/Zotero-Supplements/Ramezani_2021_Supporting_Information.pdf
S4,30 wt% MEA + sugar,313.15,0.100,0.001,0.300,0.030,0.670,viscosity,mPa s,2.209,,"Ramezani2021 supplied SI PDF p. 4, Table S4",verified,retained_property_observation,,,,,,,,,9T8XETPA,VMZKH34U,NCLG54A3,Downloads/Zotero-Supplements/Ramezani_2021_Supporting_Information.pdf
S4,30 wt% MEA + sugar,313.15,0.200,0.003,0.300,0.030,0.670,viscosity,mPa s,2.308,,"Ramezani2021 supplied SI PDF p. 4, Table S4",verified,retained_property_observation,,,,,,,,,9T8XETPA,VMZKH34U,NCLG54A3,Downloads/Zotero-Supplements/Ramezani_2021_Supporting_Information.pdf
S4,30 wt% MEA + sugar,313.15,0.300,0.004,0.300,0.030,0.670,viscosity,mPa s,2.547,,"Ramezani2021 supplied SI PDF p. 4, Table S4",verified,retained_property_observation,,,,,,,,,9T8XETPA,VMZKH34U,NCLG54A3,Downloads/Zotero-Supplements/Ramezani_2021_Supporting_Information.pdf
S4,30 wt% MEA + sugar,313.15,0.400,0.005,0.300,0.030,0.670,viscosity,mPa s,2.895,,"Ramezani2021 supplied SI PDF p. 4, Table S4",verified,retained_property_observation,,,,,,,,,9T8XETPA,VMZKH34U,NCLG54A3,Downloads/Zotero-Supplements/Ramezani_2021_Supporting_Information.pdf
S4,30 wt% MEA + sugar,323.15,0,,0.300,0.030,0.670,viscosity,mPa s,1.484,,"Ramezani2021 supplied SI PDF p. 4, Table S4",verified,retained_property_observation,,,,,,,,,9T8XETPA,VMZKH34U,NCLG54A3,Downloads/Zotero-Supplements/Ramezani_2021_Supporting_Information.pdf
S4,30 wt% MEA + sugar,323.15,0.100,0.001,0.300,0.030,0.670,viscosity,mPa s,1.790,,"Ramezani2021 supplied SI PDF p. 4, Table S4",verified,retained_property_observation,,,,,,,,,9T8XETPA,VMZKH34U,NCLG54A3,Downloads/Zotero-Supplements/Ramezani_2021_Supporting_Information.pdf
S4,30 wt% MEA + sugar,323.15,0.200,0.003,0.300,0.030,0.670,viscosity,mPa s,1.831,,"Ramezani2021 supplied SI PDF p. 4, Table S4",verified,retained_property_observation,,,,,,,,,9T8XETPA,VMZKH34U,NCLG54A3,Downloads/Zotero-Supplements/Ramezani_2021_Supporting_Information.pdf
S4,30 wt% MEA + sugar,323.15,0.300,0.004,0.300,0.030,0.670,viscosity,mPa s,2.058,,"Ramezani2021 supplied SI PDF p. 4, Table S4",verified,retained_property_observation,,,,,,,,,9T8XETPA,VMZKH34U,NCLG54A3,Downloads/Zotero-Supplements/Ramezani_2021_Supporting_Information.pdf
S4,30 wt% MEA + sugar,323.15,0.400,0.005,0.300,0.030,0.670,viscosity,mPa s,2.360,,"Ramezani2021 supplied SI PDF p. 4, Table S4",verified,retained_property_observation,,,,,,,,,9T8XETPA,VMZKH34U,NCLG54A3,Downloads/Zotero-Supplements/Ramezani_2021_Supporting_Information.pdf
S4,30 wt% MEA + sugar,333.15,0,,0.300,0.030,0.670,viscosity,mPa s,1.220,,"Ramezani2021 supplied SI PDF p. 4, Table S4",verified,retained_property_observation,,,,,,,,,9T8XETPA,VMZKH34U,NCLG54A3,Downloads/Zotero-Supplements/Ramezani_2021_Supporting_Information.pdf
S4,30 wt% MEA + sugar,333.15,0.100,0.001,0.300,0.030,0.670,viscosity,mPa s,1.497,,"Ramezani2021 supplied SI PDF p. 4, Table S4",verified,retained_property_observation,,,,,,,,,9T8XETPA,VMZKH34U,NCLG54A3,Downloads/Zotero-Supplements/Ramezani_2021_Supporting_Information.pdf
S4,30 wt% MEA + sugar,333.15,0.200,0.003,0.300,0.030,0.670,viscosity,mPa s,1.503,,"Ramezani2021 supplied SI PDF p. 4, Table S4",verified,retained_property_observation,,,,,,,,,9T8XETPA,VMZKH34U,NCLG54A3,Downloads/Zotero-Supplements/Ramezani_2021_Supporting_Information.pdf
S4,30 wt% MEA + sugar,333.15,0.300,0.004,0.300,0.030,0.670,viscosity,mPa s,1.736,,"Ramezani2021 supplied SI PDF p. 4, Table S4",verified,retained_property_observation,,,,,,,,,9T8XETPA,VMZKH34U,NCLG54A3,Downloads/Zotero-Supplements/Ramezani_2021_Supporting_Information.pdf
S4,30 wt% MEA + sugar,333.15,0.400,0.005,0.300,0.030,0.670,viscosity,mPa s,2.016,,"Ramezani2021 supplied SI PDF p. 4, Table S4",verified,retained_property_observation,,,,,,,,,9T8XETPA,VMZKH34U,NCLG54A3,Downloads/Zotero-Supplements/Ramezani_2021_Supporting_Information.pdf
S4,30 wt% MEA + sugar,343.15,0,,0.300,0.030,0.670,viscosity,mPa s,0.964,,"Ramezani2021 supplied SI PDF p. 4, Table S4",verified,retained_property_observation,,,,,,,,,9T8XETPA,VMZKH34U,NCLG54A3,Downloads/Zotero-Supplements/Ramezani_2021_Supporting_Information.pdf
S4,30 wt% MEA + sugar,343.15,0.100,0.001,0.300,0.030,0.670,viscosity,mPa s,1.172,,"Ramezani2021 supplied SI PDF p. 4, Table S4",verified,retained_property_observation,,,,,,,,,9T8XETPA,VMZKH34U,NCLG54A3,Downloads/Zotero-Supplements/Ramezani_2021_Supporting_Information.pdf
S4,30 wt% MEA + sugar,343.15,0.200,0.003,0.300,0.030,0.670,viscosity,mPa s,1.256,,"Ramezani2021 supplied SI PDF p. 4, Table S4",verified,retained_property_observation,,,,,,,,,9T8XETPA,VMZKH34U,NCLG54A3,Downloads/Zotero-Supplements/Ramezani_2021_Supporting_Information.pdf
S4,30 wt% MEA + sugar,343.15,0.300,0.004,0.300,0.030,0.670,viscosity,mPa s,1.483,,"Ramezani2021 supplied SI PDF p. 4, Table S4",verified,retained_property_observation,,,,,,,,,9T8XETPA,VMZKH34U,NCLG54A3,Downloads/Zotero-Supplements/Ramezani_2021_Supporting_Information.pdf
S4,30 wt% MEA + sugar,343.15,0.400,0.005,0.300,0.030,0.670,viscosity,mPa s,1.744,,"Ramezani2021 supplied SI PDF p. 4, Table S4",verified,retained_property_observation,,,,,,,,,9T8XETPA,VMZKH34U,NCLG54A3,Downloads/Zotero-Supplements/Ramezani_2021_Supporting_Information.pdf
S4,30 wt% MEA + sugar,298.15,0,,0.300,0.060,0.640,viscosity,mPa s,3.254,,"Ramezani2021 supplied SI PDF p. 4, Table S4",verified,retained_property_observation,,,,,,,,,9T8XETPA,VMZKH34U,NCLG54A3,Downloads/Zotero-Supplements/Ramezani_2021_Supporting_Information.pdf
S4,30 wt% MEA + sugar,298.15,0.100,0.001,0.300,0.060,0.640,viscosity,mPa s,3.709,,"Ramezani2021 supplied SI PDF p. 4, Table S4",verified,retained_property_observation,,,,,,,,,9T8XETPA,VMZKH34U,NCLG54A3,Downloads/Zotero-Supplements/Ramezani_2021_Supporting_Information.pdf
S4,30 wt% MEA + sugar,298.15,0.200,0.003,0.300,0.060,0.640,viscosity,mPa s,3.997,,"Ramezani2021 supplied SI PDF p. 4, Table S4",verified,retained_property_observation,,,,,,,,,9T8XETPA,VMZKH34U,NCLG54A3,Downloads/Zotero-Supplements/Ramezani_2021_Supporting_Information.pdf
S4,30 wt% MEA + sugar,298.15,0.300,0.004,0.300,0.060,0.640,viscosity,mPa s,4.615,,"Ramezani2021 supplied SI PDF p. 4, Table S4",verified,retained_property_observation,,,,,,,,,9T8XETPA,VMZKH34U,NCLG54A3,Downloads/Zotero-Supplements/Ramezani_2021_Supporting_Information.pdf
S4,30 wt% MEA + sugar,298.15,0.400,0.005,0.300,0.060,0.640,viscosity,mPa s,5.361,,"Ramezani2021 supplied SI PDF p. 4, Table S4",verified,retained_property_observation,,,,,,,,,9T8XETPA,VMZKH34U,NCLG54A3,Downloads/Zotero-Supplements/Ramezani_2021_Supporting_Information.pdf
S4,30 wt% MEA + sugar,313.15,0,,0.300,0.060,0.640,viscosity,mPa s,2.121,,"Ramezani2021 supplied SI PDF p. 4, Table S4",verified,retained_property_observation,,,,,,,,,9T8XETPA,VMZKH34U,NCLG54A3,Downloads/Zotero-Supplements/Ramezani_2021_Supporting_Information.pdf
S4,30 wt% MEA + sugar,313.15,0.100,0.001,0.300,0.060,0.640,viscosity,mPa s,2.433,,"Ramezani2021 supplied SI PDF p. 4, Table S4",verified,retained_property_observation,,,,,,,,,9T8XETPA,VMZKH34U,NCLG54A3,Downloads/Zotero-Supplements/Ramezani_2021_Supporting_Information.pdf
S4,30 wt% MEA + sugar,313.15,0.200,0.003,0.300,0.060,0.640,viscosity,mPa s,2.649,,"Ramezani2021 supplied SI PDF p. 4, Table S4",verified,retained_property_observation,,,,,,,,,9T8XETPA,VMZKH34U,NCLG54A3,Downloads/Zotero-Supplements/Ramezani_2021_Supporting_Information.pdf
S4,30 wt% MEA + sugar,313.15,0.300,0.004,0.300,0.060,0.640,viscosity,mPa s,3.074,,"Ramezani2021 supplied SI PDF p. 4, Table S4",verified,retained_property_observation,,,,,,,,,9T8XETPA,VMZKH34U,NCLG54A3,Downloads/Zotero-Supplements/Ramezani_2021_Supporting_Information.pdf
S4,30 wt% MEA + sugar,313.15,0.400,0.005,0.300,0.060,0.640,viscosity,mPa s,3.590,,"Ramezani2021 supplied SI PDF p. 4, Table S4",verified,retained_property_observation,,,,,,,,,9T8XETPA,VMZKH34U,NCLG54A3,Downloads/Zotero-Supplements/Ramezani_2021_Supporting_Information.pdf
S4,30 wt% MEA + sugar,323.15,0,,0.300,0.060,0.640,viscosity,mPa s,1.697,,"Ramezani2021 supplied SI PDF p. 4, Table S4",verified,retained_property_observation,,,,,,,,,9T8XETPA,VMZKH34U,NCLG54A3,Downloads/Zotero-Supplements/Ramezani_2021_Supporting_Information.pdf
S4,30 wt% MEA + sugar,323.15,0.100,0.001,0.300,0.060,0.640,viscosity,mPa s,1.966,,"Ramezani2021 supplied SI PDF p. 4, Table S4",verified,retained_property_observation,,,,,,,,,9T8XETPA,VMZKH34U,NCLG54A3,Downloads/Zotero-Supplements/Ramezani_2021_Supporting_Information.pdf
S4,30 wt% MEA + sugar,323.15,0.200,0.003,0.300,0.060,0.640,viscosity,mPa s,2.103,,"Ramezani2021 supplied SI PDF p. 4, Table S4",verified,retained_property_observation,,,,,,,,,9T8XETPA,VMZKH34U,NCLG54A3,Downloads/Zotero-Supplements/Ramezani_2021_Supporting_Information.pdf
S4,30 wt% MEA + sugar,323.15,0.300,0.004,0.300,0.060,0.640,viscosity,mPa s,2.492,,"Ramezani2021 supplied SI PDF p. 4, Table S4",verified,retained_property_observation,,,,,,,,,9T8XETPA,VMZKH34U,NCLG54A3,Downloads/Zotero-Supplements/Ramezani_2021_Supporting_Information.pdf
S4,30 wt% MEA + sugar,323.15,0.400,0.005,0.300,0.060,0.640,viscosity,mPa s,2.874,,"Ramezani2021 supplied SI PDF p. 4, Table S4",verified,retained_property_observation,,,,,,,,,9T8XETPA,VMZKH34U,NCLG54A3,Downloads/Zotero-Supplements/Ramezani_2021_Supporting_Information.pdf
S4,30 wt% MEA + sugar,333.15,0,,0.300,0.060,0.640,viscosity,mPa s,1.392,,"Ramezani2021 supplied SI PDF p. 4, Table S4",verified,retained_property_observation,,,,,,,,,9T8XETPA,VMZKH34U,NCLG54A3,Downloads/Zotero-Supplements/Ramezani_2021_Supporting_Information.pdf
S4,30 wt% MEA + sugar,333.15,0.100,0.001,0.300,0.060,0.640,viscosity,mPa s,1.641,,"Ramezani2021 supplied SI PDF p. 4, Table S4",verified,retained_property_observation,,,,,,,,,9T8XETPA,VMZKH34U,NCLG54A3,Downloads/Zotero-Supplements/Ramezani_2021_Supporting_Information.pdf
S4,30 wt% MEA + sugar,333.15,0.200,0.003,0.300,0.060,0.640,viscosity,mPa s,1.737,,"Ramezani2021 supplied SI PDF p. 4, Table S4",verified,retained_property_observation,,,,,,,,,9T8XETPA,VMZKH34U,NCLG54A3,Downloads/Zotero-Supplements/Ramezani_2021_Supporting_Information.pdf
S4,30 wt% MEA + sugar,333.15,0.300,0.004,0.300,0.060,0.640,viscosity,mPa s,2.095,,"Ramezani2021 supplied SI PDF p. 4, Table S4",verified,retained_property_observation,,,,,,,,,9T8XETPA,VMZKH34U,NCLG54A3,Downloads/Zotero-Supplements/Ramezani_2021_Supporting_Information.pdf
S4,30 wt% MEA + sugar,333.15,0.400,0.005,0.300,0.060,0.640,viscosity,mPa s,2.405,,"Ramezani2021 supplied SI PDF p. 4, Table S4",verified,retained_property_observation,,,,,,,,,9T8XETPA,VMZKH34U,NCLG54A3,Downloads/Zotero-Supplements/Ramezani_2021_Supporting_Information.pdf
S4,30 wt% MEA + sugar,343.15,0,,0.300,0.060,0.640,viscosity,mPa s,1.084,,"Ramezani2021 supplied SI PDF p. 4, Table S4",verified,retained_property_observation,,,,,,,,,9T8XETPA,VMZKH34U,NCLG54A3,Downloads/Zotero-Supplements/Ramezani_2021_Supporting_Information.pdf
S4,30 wt% MEA + sugar,343.15,0.100,0.001,0.300,0.060,0.640,viscosity,mPa s,1.257,,"Ramezani2021 supplied SI PDF p. 4, Table S4",verified,retained_property_observation,,,,,,,,,9T8XETPA,VMZKH34U,NCLG54A3,Downloads/Zotero-Supplements/Ramezani_2021_Supporting_Information.pdf
S4,30 wt% MEA + sugar,343.15,0.200,0.003,0.300,0.060,0.640,viscosity,mPa s,1.450,,"Ramezani2021 supplied SI PDF p. 4, Table S4",verified,retained_property_observation,,,,,,,,,9T8XETPA,VMZKH34U,NCLG54A3,Downloads/Zotero-Supplements/Ramezani_2021_Supporting_Information.pdf
S4,30 wt% MEA + sugar,343.15,0.300,0.004,0.300,0.060,0.640,viscosity,mPa s,1.792,,"Ramezani2021 supplied SI PDF p. 4, Table S4",verified,retained_property_observation,,,,,,,,,9T8XETPA,VMZKH34U,NCLG54A3,Downloads/Zotero-Supplements/Ramezani_2021_Supporting_Information.pdf
S4,30 wt% MEA + sugar,343.15,0.400,0.005,0.300,0.060,0.640,viscosity,mPa s,2.050,,"Ramezani2021 supplied SI PDF p. 4, Table S4",verified,retained_property_observation,,,,,,,,,9T8XETPA,VMZKH34U,NCLG54A3,Downloads/Zotero-Supplements/Ramezani_2021_Supporting_Information.pdf
S4,30 wt% MEA + sugar,298.15,0,,0.300,0.100,0.600,viscosity,mPa s,4.030,,"Ramezani2021 supplied SI PDF p. 4, Table S4",verified,retained_property_observation,,,,,,,,,9T8XETPA,VMZKH34U,NCLG54A3,Downloads/Zotero-Supplements/Ramezani_2021_Supporting_Information.pdf
S4,30 wt% MEA + sugar,298.15,0.100,0.001,0.300,0.100,0.600,viscosity,mPa s,4.560,,"Ramezani2021 supplied SI PDF p. 4, Table S4",verified,retained_property_observation,,,,,,,,,9T8XETPA,VMZKH34U,NCLG54A3,Downloads/Zotero-Supplements/Ramezani_2021_Supporting_Information.pdf
S4,30 wt% MEA + sugar,298.15,0.200,0.003,0.300,0.100,0.600,viscosity,mPa s,5.127,,"Ramezani2021 supplied SI PDF p. 4, Table S4",verified,retained_property_observation,,,,,,,,,9T8XETPA,VMZKH34U,NCLG54A3,Downloads/Zotero-Supplements/Ramezani_2021_Supporting_Information.pdf
S4,30 wt% MEA + sugar,298.15,0.300,0.004,0.300,0.100,0.600,viscosity,mPa s,5.784,,"Ramezani2021 supplied SI PDF p. 4, Table S4",verified,retained_property_observation,,,,,,,,,9T8XETPA,VMZKH34U,NCLG54A3,Downloads/Zotero-Supplements/Ramezani_2021_Supporting_Information.pdf
S4,30 wt% MEA + sugar,298.15,0.400,0.005,0.300,0.100,0.600,viscosity,mPa s,7.082,,"Ramezani2021 supplied SI PDF p. 4, Table S4",verified,retained_property_observation,,,,,,,,,9T8XETPA,VMZKH34U,NCLG54A3,Downloads/Zotero-Supplements/Ramezani_2021_Supporting_Information.pdf
S4,30 wt% MEA + sugar,313.15,0,,0.300,0.100,0.600,viscosity,mPa s,2.580,,"Ramezani2021 supplied SI PDF p. 4, Table S4",verified,retained_property_observation,,,,,,,,,9T8XETPA,VMZKH34U,NCLG54A3,Downloads/Zotero-Supplements/Ramezani_2021_Supporting_Information.pdf
S4,30 wt% MEA + sugar,313.15,0.100,0.001,0.300,0.100,0.600,viscosity,mPa s,2.947,,"Ramezani2021 supplied SI PDF p. 4, Table S4",verified,retained_property_observation,,,,,,,,,9T8XETPA,VMZKH34U,NCLG54A3,Downloads/Zotero-Supplements/Ramezani_2021_Supporting_Information.pdf
S4,30 wt% MEA + sugar,313.15,0.200,0.003,0.300,0.100,0.600,viscosity,mPa s,3.297,,"Ramezani2021 supplied SI PDF p. 4, Table S4",verified,retained_property_observation,,,,,,,,,9T8XETPA,VMZKH34U,NCLG54A3,Downloads/Zotero-Supplements/Ramezani_2021_Supporting_Information.pdf
S4,30 wt% MEA + sugar,313.15,0.300,0.004,0.300,0.100,0.600,viscosity,mPa s,3.779,,"Ramezani2021 supplied SI PDF p. 4, Table S4",verified,retained_property_observation,,,,,,,,,9T8XETPA,VMZKH34U,NCLG54A3,Downloads/Zotero-Supplements/Ramezani_2021_Supporting_Information.pdf
S4,30 wt% MEA + sugar,313.15,0.400,0.005,0.300,0.100,0.600,viscosity,mPa s,4.553,,"Ramezani2021 supplied SI PDF p. 4, Table S4",verified,retained_property_observation,,,,,,,,,9T8XETPA,VMZKH34U,NCLG54A3,Downloads/Zotero-Supplements/Ramezani_2021_Supporting_Information.pdf
S4,30 wt% MEA + sugar,323.15,0,,0.300,0.100,0.600,viscosity,mPa s,2.068,,"Ramezani2021 supplied SI PDF p. 4, Table S4",verified,retained_property_observation,,,,,,,,,9T8XETPA,VMZKH34U,NCLG54A3,Downloads/Zotero-Supplements/Ramezani_2021_Supporting_Information.pdf
S4,30 wt% MEA + sugar,323.15,0.100,0.001,0.300,0.100,0.600,viscosity,mPa s,2.372,,"Ramezani2021 supplied SI PDF p. 4, Table S4",verified,retained_property_observation,,,,,,,,,9T8XETPA,VMZKH34U,NCLG54A3,Downloads/Zotero-Supplements/Ramezani_2021_Supporting_Information.pdf
S4,30 wt% MEA + sugar,323.15,0.200,0.003,0.300,0.100,0.600,viscosity,mPa s,2.607,,"Ramezani2021 supplied SI PDF p. 4, Table S4",verified,retained_property_observation,,,,,,,,,9T8XETPA,VMZKH34U,NCLG54A3,Downloads/Zotero-Supplements/Ramezani_2021_Supporting_Information.pdf
S4,30 wt% MEA + sugar,323.15,0.300,0.004,0.300,0.100,0.600,viscosity,mPa s,3.018,,"Ramezani2021 supplied SI PDF p. 4, Table S4",verified,retained_property_observation,,,,,,,,,9T8XETPA,VMZKH34U,NCLG54A3,Downloads/Zotero-Supplements/Ramezani_2021_Supporting_Information.pdf
S4,30 wt% MEA + sugar,323.15,0.400,0.005,0.300,0.100,0.600,viscosity,mPa s,3.614,,"Ramezani2021 supplied SI PDF p. 4, Table S4",verified,retained_property_observation,,,,,,,,,9T8XETPA,VMZKH34U,NCLG54A3,Downloads/Zotero-Supplements/Ramezani_2021_Supporting_Information.pdf
S4,30 wt% MEA + sugar,333.15,0,,0.300,0.100,0.600,viscosity,mPa s,1.695,,"Ramezani2021 supplied SI PDF p. 4, Table S4",verified,retained_property_observation,,,,,,,,,9T8XETPA,VMZKH34U,NCLG54A3,Downloads/Zotero-Supplements/Ramezani_2021_Supporting_Information.pdf
S4,30 wt% MEA + sugar,333.15,0.100,0.001,0.300,0.100,0.600,viscosity,mPa s,1.968,,"Ramezani2021 supplied SI PDF p. 4, Table S4",verified,retained_property_observation,,,,,,,,,9T8XETPA,VMZKH34U,NCLG54A3,Downloads/Zotero-Supplements/Ramezani_2021_Supporting_Information.pdf
S4,30 wt% MEA + sugar,333.15,0.200,0.003,0.300,0.100,0.600,viscosity,mPa s,2.153,,"Ramezani2021 supplied SI PDF p. 4, Table S4",verified,retained_property_observation,,,,,,,,,9T8XETPA,VMZKH34U,NCLG54A3,Downloads/Zotero-Supplements/Ramezani_2021_Supporting_Information.pdf
S4,30 wt% MEA + sugar,333.15,0.300,0.004,0.300,0.100,0.600,viscosity,mPa s,2.561,,"Ramezani2021 supplied SI PDF p. 4, Table S4",verified,retained_property_observation,,,,,,,,,9T8XETPA,VMZKH34U,NCLG54A3,Downloads/Zotero-Supplements/Ramezani_2021_Supporting_Information.pdf
S4,30 wt% MEA + sugar,333.15,0.400,0.005,0.300,0.100,0.600,viscosity,mPa s,2.980,,"Ramezani2021 supplied SI PDF p. 4, Table S4",verified,retained_property_observation,,,,,,,,,9T8XETPA,VMZKH34U,NCLG54A3,Downloads/Zotero-Supplements/Ramezani_2021_Supporting_Information.pdf
S4,30 wt% MEA + sugar,343.15,0,,0.300,0.100,0.600,viscosity,mPa s,1.274,,"Ramezani2021 supplied SI PDF p. 4, Table S4",verified,retained_property_observation,,,,,,,,,9T8XETPA,VMZKH34U,NCLG54A3,Downloads/Zotero-Supplements/Ramezani_2021_Supporting_Information.pdf
S4,30 wt% MEA + sugar,343.15,0.100,0.001,0.300,0.100,0.600,viscosity,mPa s,1.471,,"Ramezani2021 supplied SI PDF p. 4, Table S4",verified,retained_property_observation,,,,,,,,,9T8XETPA,VMZKH34U,NCLG54A3,Downloads/Zotero-Supplements/Ramezani_2021_Supporting_Information.pdf
S4,30 wt% MEA + sugar,343.15,0.200,0.003,0.300,0.100,0.600,viscosity,mPa s,1.817,,"Ramezani2021 supplied SI PDF p. 4, Table S4",verified,retained_property_observation,,,,,,,,,9T8XETPA,VMZKH34U,NCLG54A3,Downloads/Zotero-Supplements/Ramezani_2021_Supporting_Information.pdf
S4,30 wt% MEA + sugar,343.15,0.300,0.004,0.300,0.100,0.600,viscosity,mPa s,2.156,,"Ramezani2021 supplied SI PDF p. 4, Table S4",verified,retained_property_observation,,,,,,,,,9T8XETPA,VMZKH34U,NCLG54A3,Downloads/Zotero-Supplements/Ramezani_2021_Supporting_Information.pdf
S4,30 wt% MEA + sugar,343.15,0.400,0.005,0.300,0.100,0.600,viscosity,mPa s,2.495,,"Ramezani2021 supplied SI PDF p. 4, Table S4",verified,retained_property_observation,,,,,,,,,9T8XETPA,VMZKH34U,NCLG54A3,Downloads/Zotero-Supplements/Ramezani_2021_Supporting_Information.pdf
S4,30 wt% MEA + sugar,298.15,0,,0.300,0.200,0.500,viscosity,mPa s,7.729,,"Ramezani2021 supplied SI PDF p. 4, Table S4",verified,retained_property_observation,,,,,,,,,9T8XETPA,VMZKH34U,NCLG54A3,Downloads/Zotero-Supplements/Ramezani_2021_Supporting_Information.pdf
S4,30 wt% MEA + sugar,298.15,0.100,0.001,0.300,0.200,0.500,viscosity,mPa s,8.911,,"Ramezani2021 supplied SI PDF p. 4, Table S4",verified,retained_property_observation,,,,,,,,,9T8XETPA,VMZKH34U,NCLG54A3,Downloads/Zotero-Supplements/Ramezani_2021_Supporting_Information.pdf
S4,30 wt% MEA + sugar,298.15,0.200,0.003,0.300,0.200,0.500,viscosity,mPa s,10.415,,"Ramezani2021 supplied SI PDF p. 4, Table S4",verified,retained_property_observation,,,,,,,,,9T8XETPA,VMZKH34U,NCLG54A3,Downloads/Zotero-Supplements/Ramezani_2021_Supporting_Information.pdf
S4,30 wt% MEA + sugar,298.15,0.300,0.004,0.300,0.200,0.500,viscosity,mPa s,13.444,,"Ramezani2021 supplied SI PDF p. 4, Table S4",verified,retained_property_observation,,,,,,,,,9T8XETPA,VMZKH34U,NCLG54A3,Downloads/Zotero-Supplements/Ramezani_2021_Supporting_Information.pdf
S4,30 wt% MEA + sugar,298.15,0.400,0.005,0.300,0.200,0.500,viscosity,mPa s,16.121,,"Ramezani2021 supplied SI PDF p. 4, Table S4",verified,retained_property_observation,,,,,,,,,9T8XETPA,VMZKH34U,NCLG54A3,Downloads/Zotero-Supplements/Ramezani_2021_Supporting_Information.pdf
S4,30 wt% MEA + sugar,313.15,0,,0.300,0.200,0.500,viscosity,mPa s,4.751,,"Ramezani2021 supplied SI PDF p. 4, Table S4",verified,retained_property_observation,,,,,,,,,9T8XETPA,VMZKH34U,NCLG54A3,Downloads/Zotero-Supplements/Ramezani_2021_Supporting_Information.pdf
S4,30 wt% MEA + sugar,313.15,0.100,0.001,0.300,0.200,0.500,viscosity,mPa s,5.247,,"Ramezani2021 supplied SI PDF p. 4, Table S4",verified,retained_property_observation,,,,,,,,,9T8XETPA,VMZKH34U,NCLG54A3,Downloads/Zotero-Supplements/Ramezani_2021_Supporting_Information.pdf
S4,30 wt% MEA + sugar,313.15,0.200,0.003,0.300,0.200,0.500,viscosity,mPa s,6.110,,"Ramezani2021 supplied SI PDF p. 4, Table S4",verified,retained_property_observation,,,,,,,,,9T8XETPA,VMZKH34U,NCLG54A3,Downloads/Zotero-Supplements/Ramezani_2021_Supporting_Information.pdf
S4,30 wt% MEA + sugar,313.15,0.300,0.004,0.300,0.200,0.500,viscosity,mPa s,7.789,,"Ramezani2021 supplied SI PDF p. 4, Table S4",verified,retained_property_observation,,,,,,,,,9T8XETPA,VMZKH34U,NCLG54A3,Downloads/Zotero-Supplements/Ramezani_2021_Supporting_Information.pdf
S4,30 wt% MEA + sugar,313.15,0.400,0.005,0.300,0.200,0.500,viscosity,mPa s,9.554,,"Ramezani2021 supplied SI PDF p. 4, Table S4",verified,retained_property_observation,,,,,,,,,9T8XETPA,VMZKH34U,NCLG54A3,Downloads/Zotero-Supplements/Ramezani_2021_Supporting_Information.pdf
S4,30 wt% MEA + sugar,323.15,0,,0.300,0.200,0.500,viscosity,mPa s,3.770,,"Ramezani2021 supplied SI PDF p. 4, Table S4",verified,retained_property_observation,,,,,,,,,9T8XETPA,VMZKH34U,NCLG54A3,Downloads/Zotero-Supplements/Ramezani_2021_Supporting_Information.pdf
S4,30 wt% MEA + sugar,323.15,0.100,0.001,0.300,0.200,0.500,viscosity,mPa s,4.276,,"Ramezani2021 supplied SI PDF p. 4, Table S4",verified,retained_property_observation,,,,,,,,,9T8XETPA,VMZKH34U,NCLG54A3,Downloads/Zotero-Supplements/Ramezani_2021_Supporting_Information.pdf
S4,30 wt% MEA + sugar,323.15,0.200,0.003,0.300,0.200,0.500,viscosity,mPa s,4.612,,"Ramezani2021 supplied SI PDF p. 4, Table S4",verified,retained_property_observation,,,,,,,,,9T8XETPA,VMZKH34U,NCLG54A3,Downloads/Zotero-Supplements/Ramezani_2021_Supporting_Information.pdf
S4,30 wt% MEA + sugar,323.15,0.300,0.004,0.300,0.200,0.500,viscosity,mPa s,5.810,,"Ramezani2021 supplied SI PDF p. 4, Table S4",verified,retained_property_observation,,,,,,,,,9T8XETPA,VMZKH34U,NCLG54A3,Downloads/Zotero-Supplements/Ramezani_2021_Supporting_Information.pdf
S4,30 wt% MEA + sugar,323.15,0.400,0.005,0.300,0.200,0.500,viscosity,mPa s,7.341,,"Ramezani2021 supplied SI PDF p. 4, Table S4",verified,retained_property_observation,,,,,,,,,9T8XETPA,VMZKH34U,NCLG54A3,Downloads/Zotero-Supplements/Ramezani_2021_Supporting_Information.pdf
S4,30 wt% MEA + sugar,333.15,0,,0.300,0.200,0.500,viscosity,mPa s,3.045,,"Ramezani2021 supplied SI PDF p. 4, Table S4",verified,retained_property_observation,,,,,,,,,9T8XETPA,VMZKH34U,NCLG54A3,Downloads/Zotero-Supplements/Ramezani_2021_Supporting_Information.pdf
S4,30 wt% MEA + sugar,333.15,0.100,0.001,0.300,0.200,0.500,viscosity,mPa s,3.491,,"Ramezani2021 supplied SI PDF p. 4, Table S4",verified,retained_property_observation,,,,,,,,,9T8XETPA,VMZKH34U,NCLG54A3,Downloads/Zotero-Supplements/Ramezani_2021_Supporting_Information.pdf
S4,30 wt% MEA + sugar,333.15,0.200,0.003,0.300,0.200,0.500,viscosity,mPa s,4.059,,"Ramezani2021 supplied SI PDF p. 4, Table S4",verified,retained_property_observation,,,,,,,,,9T8XETPA,VMZKH34U,NCLG54A3,Downloads/Zotero-Supplements/Ramezani_2021_Supporting_Information.pdf
S4,30 wt% MEA + sugar,333.15,0.300,0.004,0.300,0.200,0.500,viscosity,mPa s,4.469,,"Ramezani2021 supplied SI PDF p. 4, Table S4",verified,retained_property_observation,,,,,,,,,9T8XETPA,VMZKH34U,NCLG54A3,Downloads/Zotero-Supplements/Ramezani_2021_Supporting_Information.pdf
S4,30 wt% MEA + sugar,333.15,0.400,0.005,0.300,0.200,0.500,viscosity,mPa s,5.246,,"Ramezani2021 supplied SI PDF p. 4, Table S4",verified,retained_property_observation,,,,,,,,,9T8XETPA,VMZKH34U,NCLG54A3,Downloads/Zotero-Supplements/Ramezani_2021_Supporting_Information.pdf
S4,30 wt% MEA + sugar,343.15,0,,0.300,0.200,0.500,viscosity,mPa s,2.045,,"Ramezani2021 supplied SI PDF p. 4, Table S4",verified,retained_property_observation,,,,,,,,,9T8XETPA,VMZKH34U,NCLG54A3,Downloads/Zotero-Supplements/Ramezani_2021_Supporting_Information.pdf
S4,30 wt% MEA + sugar,343.15,0.100,0.001,0.300,0.200,0.500,viscosity,mPa s,2.425,,"Ramezani2021 supplied SI PDF p. 4, Table S4",verified,retained_property_observation,,,,,,,,,9T8XETPA,VMZKH34U,NCLG54A3,Downloads/Zotero-Supplements/Ramezani_2021_Supporting_Information.pdf
S4,30 wt% MEA + sugar,343.15,0.200,0.003,0.300,0.200,0.500,viscosity,mPa s,3.305,,"Ramezani2021 supplied SI PDF p. 4, Table S4",verified,retained_property_observation,,,,,,,,,9T8XETPA,VMZKH34U,NCLG54A3,Downloads/Zotero-Supplements/Ramezani_2021_Supporting_Information.pdf
S4,30 wt% MEA + sugar,343.15,0.300,0.004,0.300,0.200,0.500,viscosity,mPa s,3.841,,"Ramezani2021 supplied SI PDF p. 4, Table S4",verified,retained_property_observation,,,,,,,,,9T8XETPA,VMZKH34U,NCLG54A3,Downloads/Zotero-Supplements/Ramezani_2021_Supporting_Information.pdf
S4,30 wt% MEA + sugar,343.15,0.400,0.005,0.300,0.200,0.500,viscosity,mPa s,4.202,,"Ramezani2021 supplied SI PDF p. 4, Table S4",verified,retained_property_observation,,,,,,,,,9T8XETPA,VMZKH34U,NCLG54A3,Downloads/Zotero-Supplements/Ramezani_2021_Supporting_Information.pdf
S5,30 wt% MEA,301.86,0,,30,0,,kinetics_state,reported Table S5 columns retained individually,,,Ramezani2021 supplied SI DOCX XML Table 5; PDF pp. 5-8 Table S5,verified,retained_kinetics_observation,20.07,1.07,3782,4.95,3.79,71946,177,4525,9T8XETPA,VMZKH34U,NCLG54A3,Downloads/Zotero-Supplements/Ramezani_2021_Supporting_Information.pdf
S5,30 wt% MEA,310.97,0,,30,0,,kinetics_state,reported Table S5 columns retained individually,,,Ramezani2021 supplied SI DOCX XML Table 5; PDF pp. 5-8 Table S5,verified,retained_kinetics_observation,23.27,1.34,4363,6.16,3.88,108149,195,6810,9T8XETPA,VMZKH34U,NCLG54A3,Downloads/Zotero-Supplements/Ramezani_2021_Supporting_Information.pdf
S5,30 wt% MEA,320.35,0,,30,0,,kinetics_state,reported Table S5 columns retained individually,,,Ramezani2021 supplied SI DOCX XML Table 5; PDF pp. 5-8 Table S5,verified,retained_kinetics_observation,27.09,1.70,5012,7.69,3.89,164271,217,9607,9T8XETPA,VMZKH34U,NCLG54A3,Downloads/Zotero-Supplements/Ramezani_2021_Supporting_Information.pdf
S5,30 wt% MEA,328.45,0,,30,0,,kinetics_state,reported Table S5 columns retained individually,,,Ramezani2021 supplied SI DOCX XML Table 5; PDF pp. 5-8 Table S5,verified,retained_kinetics_observation,31.71,2.08,5614,9.30,3.64,262669,251,12251,9T8XETPA,VMZKH34U,NCLG54A3,Downloads/Zotero-Supplements/Ramezani_2021_Supporting_Information.pdf
S5,30 wt% MEA,336.00,0,,30,0,,kinetics_state,reported Table S5 columns retained individually,,,Ramezani2021 supplied SI DOCX XML Table 5; PDF pp. 5-8 Table S5,verified,retained_kinetics_observation,36.44,2.52,6209,11.3,3.67,389795,277,13913,9T8XETPA,VMZKH34U,NCLG54A3,Downloads/Zotero-Supplements/Ramezani_2021_Supporting_Information.pdf
S5,30 wt% MEA,302.88,0.100,0.001,30,0,,kinetics_state,reported Table S5 columns retained individually,,,Ramezani2021 supplied SI DOCX XML Table 5; PDF pp. 5-8 Table S5,verified,retained_kinetics_observation,15.89,0.89,4172,4.15,3.80,61257,178,5409,9T8XETPA,VMZKH34U,NCLG54A3,Downloads/Zotero-Supplements/Ramezani_2021_Supporting_Information.pdf
S5,30 wt% MEA,311.21,0.100,0.001,30,0,,kinetics_state,reported Table S5 columns retained individually,,,Ramezani2021 supplied SI DOCX XML Table 5; PDF pp. 5-8 Table S5,verified,retained_kinetics_observation,18.10,1.10,4764,5.00,3.86,87923,196,7496,9T8XETPA,VMZKH34U,NCLG54A3,Downloads/Zotero-Supplements/Ramezani_2021_Supporting_Information.pdf
S5,30 wt% MEA,320.00,0.100,0.001,30,0,,kinetics_state,reported Table S5 columns retained individually,,,Ramezani2021 supplied SI DOCX XML Table 5; PDF pp. 5-8 Table S5,verified,retained_kinetics_observation,21.82,1.36,5437,6.13,3.93,142677,227,10641,9T8XETPA,VMZKH34U,NCLG54A3,Downloads/Zotero-Supplements/Ramezani_2021_Supporting_Information.pdf
S5,30 wt% MEA,328.02,0.100,0.001,30,0,,kinetics_state,reported Table S5 columns retained individually,,,Ramezani2021 supplied SI DOCX XML Table 5; PDF pp. 5-8 Table S5,verified,retained_kinetics_observation,24.06,1.66,6095,7.37,3.76,191110,241,13927,9T8XETPA,VMZKH34U,NCLG54A3,Downloads/Zotero-Supplements/Ramezani_2021_Supporting_Information.pdf
S5,30 wt% MEA,336.37,0.100,0.001,30,0,,kinetics_state,reported Table S5 columns retained individually,,,Ramezani2021 supplied SI DOCX XML Table 5; PDF pp. 5-8 Table S5,verified,retained_kinetics_observation,28.64,2.03,6823,8.96,3.68,307556,279,19592,9T8XETPA,VMZKH34U,NCLG54A3,Downloads/Zotero-Supplements/Ramezani_2021_Supporting_Information.pdf
S5,30 wt% MEA,303.89,0.200,0.003,30,0,,kinetics_state,reported Table S5 columns retained individually,,,Ramezani2021 supplied SI DOCX XML Table 5; PDF pp. 5-8 Table S5,verified,retained_kinetics_observation,14.41,0.87,4601,4.06,3.76,61575,180,970,9T8XETPA,VMZKH34U,NCLG54A3,Downloads/Zotero-Supplements/Ramezani_2021_Supporting_Information.pdf
S5,30 wt% MEA,312.16,0.200,0.003,30,0,,kinetics_state,reported Table S5 columns retained individually,,,Ramezani2021 supplied SI DOCX XML Table 5; PDF pp. 5-8 Table S5,verified,retained_kinetics_observation,16.75,1.07,5263,4.89,3.81,93026,203,1307,9T8XETPA,VMZKH34U,NCLG54A3,Downloads/Zotero-Supplements/Ramezani_2021_Supporting_Information.pdf
S5,30 wt% MEA,320.15,0.200,0.003,30,0,,kinetics_state,reported Table S5 columns retained individually,,,Ramezani2021 supplied SI DOCX XML Table 5; PDF pp. 5-8 Table S5,verified,retained_kinetics_observation,19.45,1.29,5953,5.86,3.92,138075,227,1742,9T8XETPA,VMZKH34U,NCLG54A3,Downloads/Zotero-Supplements/Ramezani_2021_Supporting_Information.pdf
S5,30 wt% MEA,328.65,0.200,0.003,30,0,,kinetics_state,reported Table S5 columns retained individually,,,Ramezani2021 supplied SI DOCX XML Table 5; PDF pp. 5-8 Table S5,verified,retained_kinetics_observation,22.11,1.58,6738,7.08,3.88,197053,249,2255,9T8XETPA,VMZKH34U,NCLG54A3,Downloads/Zotero-Supplements/Ramezani_2021_Supporting_Information.pdf
S5,30 wt% MEA,336.60,0.200,0.003,30,0,,kinetics_state,reported Table S5 columns retained individually,,,Ramezani2021 supplied SI DOCX XML Table 5; PDF pp. 5-8 Table S5,verified,retained_kinetics_observation,26.02,1.92,7521,8.47,3.63,313429,289,3111,9T8XETPA,VMZKH34U,NCLG54A3,Downloads/Zotero-Supplements/Ramezani_2021_Supporting_Information.pdf
S5,30 wt% MEA,307.60,0.300,0.004,30,0,,kinetics_state,reported Table S5 columns retained individually,,,Ramezani2021 supplied SI DOCX XML Table 5; PDF pp. 5-8 Table S5,verified,retained_kinetics_observation,10.47,0.86,5366,4.01,3.80,42287,150,819,9T8XETPA,VMZKH34U,NCLG54A3,Downloads/Zotero-Supplements/Ramezani_2021_Supporting_Information.pdf
S5,30 wt% MEA,312.82,0.300,0.004,30,0,,kinetics_state,reported Table S5 columns retained individually,,,Ramezani2021 supplied SI DOCX XML Table 5; PDF pp. 5-8 Table S5,verified,retained_kinetics_observation,12.62,0.98,5852,4.56,3.84,66009,177,932,9T8XETPA,VMZKH34U,NCLG54A3,Downloads/Zotero-Supplements/Ramezani_2021_Supporting_Information.pdf
S5,30 wt% MEA,320.62,0.300,0.004,30,0,,kinetics_state,reported Table S5 columns retained individually,,,Ramezani2021 supplied SI DOCX XML Table 5; PDF pp. 5-8 Table S5,verified,retained_kinetics_observation,14.04,1.20,6623,5.48,3.88,88004,187,1118,9T8XETPA,VMZKH34U,NCLG54A3,Downloads/Zotero-Supplements/Ramezani_2021_Supporting_Information.pdf
S5,30 wt% MEA,328.30,0.300,0.004,30,0,,kinetics_state,reported Table S5 columns retained individually,,,Ramezani2021 supplied SI DOCX XML Table 5; PDF pp. 5-8 Table S5,verified,retained_kinetics_observation,14.79,1.44,7434,6.53,3.87,104509,188,1404,9T8XETPA,VMZKH34U,NCLG54A3,Downloads/Zotero-Supplements/Ramezani_2021_Supporting_Information.pdf
S5,30 wt% MEA,336.15,0.300,0.004,30,0,,kinetics_state,reported Table S5 columns retained individually,,,Ramezani2021 supplied SI DOCX XML Table 5; PDF pp. 5-8 Table S5,verified,retained_kinetics_observation,18.41,1.69,8316,7.53,3.67,187908,236,2106,9T8XETPA,VMZKH34U,NCLG54A3,Downloads/Zotero-Supplements/Ramezani_2021_Supporting_Information.pdf
S5,30 wt% MEA,307.52,0.400,0.005,30,0,,kinetics_state,reported Table S5 columns retained individually,,,Ramezani2021 supplied SI DOCX XML Table 5; PDF pp. 5-8 Table S5,verified,retained_kinetics_observation,06.41,0.74,5972,3.44,3.80,21367,116,412,9T8XETPA,VMZKH34U,NCLG54A3,Downloads/Zotero-Supplements/Ramezani_2021_Supporting_Information.pdf
S5,30 wt% MEA,312.45,0.400,0.005,30,0,,kinetics_state,reported Table S5 columns retained individually,,,Ramezani2021 supplied SI DOCX XML Table 5; PDF pp. 5-8 Table S5,verified,retained_kinetics_observation,06.93,0.84,6503,3.82,3.88,26560,123,450,9T8XETPA,VMZKH34U,NCLG54A3,Downloads/Zotero-Supplements/Ramezani_2021_Supporting_Information.pdf
S5,30 wt% MEA,320.47,0.400,0.005,30,0,,kinetics_state,reported Table S5 columns retained individually,,,Ramezani2021 supplied SI DOCX XML Table 5; PDF pp. 5-8 Table S5,verified,retained_kinetics_observation,07.78,1.01,7421,4.53,3.91,36851,134,582,9T8XETPA,VMZKH34U,NCLG54A3,Downloads/Zotero-Supplements/Ramezani_2021_Supporting_Information.pdf
S5,30 wt% MEA,328.46,0.400,0.005,30,0,,kinetics_state,reported Table S5 columns retained individually,,,Ramezani2021 supplied SI DOCX XML Table 5; PDF pp. 5-8 Table S5,verified,retained_kinetics_observation,08.34,1.19,8405,5.29,3.82,46741,140,717,9T8XETPA,VMZKH34U,NCLG54A3,Downloads/Zotero-Supplements/Ramezani_2021_Supporting_Information.pdf
S5,30 wt% MEA,336.39,0.400,0.005,30,0,,kinetics_state,reported Table S5 columns retained individually,,,Ramezani2021 supplied SI DOCX XML Table 5; PDF pp. 5-8 Table S5,verified,retained_kinetics_observation,09.75,1.36,9449,5.90,3.73,72658,168,997,9T8XETPA,VMZKH34U,NCLG54A3,Downloads/Zotero-Supplements/Ramezani_2021_Supporting_Information.pdf
S5,30 wt% MEA + 3 wt% sugar,306.28,0,,30,3,,kinetics_state,reported Table S5 columns retained individually,,,Ramezani2021 supplied SI DOCX XML Table 5; PDF pp. 5-8 Table S5,verified,retained_kinetics_observation,20.61,0.97,4180,4.44,3.78,103006,225,6740,9T8XETPA,VMZKH34U,NCLG54A3,Downloads/Zotero-Supplements/Ramezani_2021_Supporting_Information.pdf
S5,30 wt% MEA + 3 wt% sugar,312.80,0,,30,3,,kinetics_state,reported Table S5 columns retained individually,,,Ramezani2021 supplied SI DOCX XML Table 5; PDF pp. 5-8 Table S5,verified,retained_kinetics_observation,22.92,1.14,4621,5.20,3.86,137036,241,8752,9T8XETPA,VMZKH34U,NCLG54A3,Downloads/Zotero-Supplements/Ramezani_2021_Supporting_Information.pdf
S5,30 wt% MEA + 3 wt% sugar,321.68,0,,30,3,,kinetics_state,reported Table S5 columns retained individually,,,Ramezani2021 supplied SI DOCX XML Table 5; PDF pp. 5-8 Table S5,verified,retained_kinetics_observation,27.07,1.43,5262,6.45,3.88,213308,272,12341,9T8XETPA,VMZKH34U,NCLG54A3,Downloads/Zotero-Supplements/Ramezani_2021_Supporting_Information.pdf
S5,30 wt% MEA + 3 wt% sugar,330.56,0,,30,3,,kinetics_state,reported Table S5 columns retained individually,,,Ramezani2021 supplied SI DOCX XML Table 5; PDF pp. 5-8 Table S5,verified,retained_kinetics_observation,31.06,1.80,5951,8.04,3.87,311806,295,15321,9T8XETPA,VMZKH34U,NCLG54A3,Downloads/Zotero-Supplements/Ramezani_2021_Supporting_Information.pdf
S5,30 wt% MEA + 3 wt% sugar,336.23,0,,30,3,,kinetics_state,reported Table S5 columns retained individually,,,Ramezani2021 supplied SI DOCX XML Table 5; PDF pp. 5-8 Table S5,verified,retained_kinetics_observation,35.13,2.09,6415,9.25,3.64,459198,335,17388,9T8XETPA,VMZKH34U,NCLG54A3,Downloads/Zotero-Supplements/Ramezani_2021_Supporting_Information.pdf
S5,30 wt% MEA + 3 wt% sugar,303.14,0.100,0.001,30,3,,kinetics_state,reported Table S5 columns retained individually,,,Ramezani2021 supplied SI DOCX XML Table 5; PDF pp. 5-8 Table S5,verified,retained_kinetics_observation,14.87,0.77,4316,3.57,3.78,65417,200,1120,9T8XETPA,VMZKH34U,NCLG54A3,Downloads/Zotero-Supplements/Ramezani_2021_Supporting_Information.pdf
S5,30 wt% MEA + 3 wt% sugar,311.83,0.100,0.001,30,3,,kinetics_state,reported Table S5 columns retained individually,,,Ramezani2021 supplied SI DOCX XML Table 5; PDF pp. 5-8 Table S5,verified,retained_kinetics_observation,17.35,0.97,4954,4.44,3.84,97144,219,1435,9T8XETPA,VMZKH34U,NCLG54A3,Downloads/Zotero-Supplements/Ramezani_2021_Supporting_Information.pdf
S5,30 wt% MEA + 3 wt% sugar,320.00,0.100,0.001,30,3,,kinetics_state,reported Table S5 columns retained individually,,,Ramezani2021 supplied SI DOCX XML Table 5; PDF pp. 5-8 Table S5,verified,retained_kinetics_observation,20.42,1.21,5601,5.48,3.93,145067,242,1981,9T8XETPA,VMZKH34U,NCLG54A3,Downloads/Zotero-Supplements/Ramezani_2021_Supporting_Information.pdf
S5,30 wt% MEA + 3 wt% sugar,327.97,0.100,0.001,30,3,,kinetics_state,reported Table S5 columns retained individually,,,Ramezani2021 supplied SI DOCX XML Table 5; PDF pp. 5-8 Table S5,verified,retained_kinetics_observation,23.15,1.49,6274,6.68,3.78,203720,262,2515,9T8XETPA,VMZKH34U,NCLG54A3,Downloads/Zotero-Supplements/Ramezani_2021_Supporting_Information.pdf
S5,30 wt% MEA + 3 wt% sugar,335.96,0.100,0.001,30,3,,kinetics_state,reported Table S5 columns retained individually,,,Ramezani2021 supplied SI DOCX XML Table 5; PDF pp. 5-8 Table S5,verified,retained_kinetics_observation,27.10,1.80,6991,7.96,3.66,316769,301,3389,9T8XETPA,VMZKH34U,NCLG54A3,Downloads/Zotero-Supplements/Ramezani_2021_Supporting_Information.pdf
S5,30 wt% MEA + 3 wt% sugar,306.31,0.200,0.003,30,3,,kinetics_state,reported Table S5 columns retained individually,,,Ramezani2021 supplied SI DOCX XML Table 5; PDF pp. 5-8 Table S5,verified,retained_kinetics_observation,13.64,0.80,4933,3.69,3.78,68041,201,1180,9T8XETPA,VMZKH34U,NCLG54A3,Downloads/Zotero-Supplements/Ramezani_2021_Supporting_Information.pdf
S5,30 wt% MEA + 3 wt% sugar,313.56,0.200,0.003,30,3,,kinetics_state,reported Table S5 columns retained individually,,,Ramezani2021 supplied SI DOCX XML Table 5; PDF pp. 5-8 Table S5,verified,retained_kinetics_observation,15.65,0.98,5543,4.48,3.83,96040,217,1503,9T8XETPA,VMZKH34U,NCLG54A3,Downloads/Zotero-Supplements/Ramezani_2021_Supporting_Information.pdf
S5,30 wt% MEA + 3 wt% sugar,320.87,0.200,0.003,30,3,,kinetics_state,reported Table S5 columns retained individually,,,Ramezani2021 supplied SI DOCX XML Table 5; PDF pp. 5-8 Table S5,verified,retained_kinetics_observation,18.18,1.19,6198,5.43,3.92,138605,237,1914,9T8XETPA,VMZKH34U,NCLG54A3,Downloads/Zotero-Supplements/Ramezani_2021_Supporting_Information.pdf
S5,30 wt% MEA + 3 wt% sugar,328.44,0.200,0.003,30,3,,kinetics_state,reported Table S5 columns retained individually,,,Ramezani2021 supplied SI DOCX XML Table 5; PDF pp. 5-8 Table S5,verified,retained_kinetics_observation,20.72,1.44,6920,6.47,3.89,195043,260,2440,9T8XETPA,VMZKH34U,NCLG54A3,Downloads/Zotero-Supplements/Ramezani_2021_Supporting_Information.pdf
S5,30 wt% MEA + 3 wt% sugar,337.78,0.200,0.003,30,3,,kinetics_state,reported Table S5 columns retained individually,,,Ramezani2021 supplied SI DOCX XML Table 5; PDF pp. 5-8 Table S5,verified,retained_kinetics_observation,25.91,1.76,7871,7.78,3.67,368663,328,3660,9T8XETPA,VMZKH34U,NCLG54A3,Downloads/Zotero-Supplements/Ramezani_2021_Supporting_Information.pdf
S5,30 wt% MEA + 3 wt% sugar,303.69,0.300,0.004,30,3,,kinetics_state,reported Table S5 columns retained individually,,,Ramezani2021 supplied SI DOCX XML Table 5; PDF pp. 5-8 Table S5,verified,retained_kinetics_observation,09.21,0.71,5170,3.26,3.84,36200,155,798,9T8XETPA,VMZKH34U,NCLG54A3,Downloads/Zotero-Supplements/Ramezani_2021_Supporting_Information.pdf
S5,30 wt% MEA + 3 wt% sugar,313.24,0.300,0.004,30,3,,kinetics_state,reported Table S5 columns retained individually,,,Ramezani2021 supplied SI DOCX XML Table 5; PDF pp. 5-8 Table S5,verified,retained_kinetics_observation,11.04,0.92,6070,4.20,3.88,56850,172,1123,9T8XETPA,VMZKH34U,NCLG54A3,Downloads/Zotero-Supplements/Ramezani_2021_Supporting_Information.pdf
S5,30 wt% MEA + 3 wt% sugar,320.49,0.300,0.004,30,3,,kinetics_state,reported Table S5 columns retained individually,,,Ramezani2021 supplied SI DOCX XML Table 5; PDF pp. 5-8 Table S5,verified,retained_kinetics_observation,12.51,1.12,6808,5.08,3.91,77406,183,1384,9T8XETPA,VMZKH34U,NCLG54A3,Downloads/Zotero-Supplements/Ramezani_2021_Supporting_Information.pdf
S5,30 wt% MEA + 3 wt% sugar,327.12,0.300,0.004,30,3,,kinetics_state,reported Table S5 columns retained individually,,,Ramezani2021 supplied SI DOCX XML Table 5; PDF pp. 5-8 Table S5,verified,retained_kinetics_observation,14.27,1.32,7526,5.93,4.11,106340,200,1787,9T8XETPA,VMZKH34U,NCLG54A3,Downloads/Zotero-Supplements/Ramezani_2021_Supporting_Information.pdf
S5,30 wt% MEA + 3 wt% sugar,335.04,0.300,0.004,30,3,,kinetics_state,reported Table S5 columns retained individually,,,Ramezani2021 supplied SI DOCX XML Table 5; PDF pp. 5-8 Table S5,verified,retained_kinetics_observation,17.14,1.57,8435,6.93,4.12,170530,236,2576,9T8XETPA,VMZKH34U,NCLG54A3,Downloads/Zotero-Supplements/Ramezani_2021_Supporting_Information.pdf
S5,30 wt% MEA + 3 wt% sugar,303.73,0.400,0.005,30,3,,kinetics_state,reported Table S5 columns retained individually,,,Ramezani2021 supplied SI DOCX XML Table 5; PDF pp. 5-8 Table S5,verified,retained_kinetics_observation,05.87,0.64,5751,2.96,3.79,19152,119,384,9T8XETPA,VMZKH34U,NCLG54A3,Downloads/Zotero-Supplements/Ramezani_2021_Supporting_Information.pdf
S5,30 wt% MEA + 3 wt% sugar,311.97,0.400,0.005,30,3,,kinetics_state,reported Table S5 columns retained individually,,,Ramezani2021 supplied SI DOCX XML Table 5; PDF pp. 5-8 Table S5,verified,retained_kinetics_observation,06.43,0.80,6644,3.65,3.89,24850,122,467,9T8XETPA,VMZKH34U,NCLG54A3,Downloads/Zotero-Supplements/Ramezani_2021_Supporting_Information.pdf
S5,30 wt% MEA + 3 wt% sugar,319.52,0.400,0.005,30,3,,kinetics_state,reported Table S5 columns retained individually,,,Ramezani2021 supplied SI DOCX XML Table 5; PDF pp. 5-8 Table S5,verified,retained_kinetics_observation,07.56,0.97,7529,4.41,3.90,36883,136,613,9T8XETPA,VMZKH34U,NCLG54A3,Downloads/Zotero-Supplements/Ramezani_2021_Supporting_Information.pdf
S5,30 wt% MEA + 3 wt% sugar,327.73,0.400,0.005,30,3,,kinetics_state,reported Table S5 columns retained individually,,,Ramezani2021 supplied SI DOCX XML Table 5; PDF pp. 5-8 Table S5,verified,retained_kinetics_observation,07.97,1.19,8563,5.29,3.79,44041,137,716,9T8XETPA,VMZKH34U,NCLG54A3,Downloads/Zotero-Supplements/Ramezani_2021_Supporting_Information.pdf
S5,30 wt% MEA + 3 wt% sugar,338.81,0.400,0.005,30,3,,kinetics_state,reported Table S5 columns retained individually,,,Ramezani2021 supplied SI DOCX XML Table 5; PDF pp. 5-8 Table S5,verified,retained_kinetics_observation,09.72,1.46,10075,6.38,3.65,76550,166,1033,9T8XETPA,VMZKH34U,NCLG54A3,Downloads/Zotero-Supplements/Ramezani_2021_Supporting_Information.pdf
S5,30 wt% MEA + 6 wt% sugar,304.92,0,,30,6,,kinetics_state,reported Table S5 columns retained individually,,,Ramezani2021 supplied SI DOCX XML Table 5; PDF pp. 5-8 Table S5,verified,retained_kinetics_observation,19.05,0.83,4216,3.81,3.90,100419,240,7354,9T8XETPA,VMZKH34U,NCLG54A3,Downloads/Zotero-Supplements/Ramezani_2021_Supporting_Information.pdf
S5,30 wt% MEA + 6 wt% sugar,312.20,0,,30,6,,kinetics_state,reported Table S5 columns retained individually,,,Ramezani2021 supplied SI DOCX XML Table 5; PDF pp. 5-8 Table S5,verified,retained_kinetics_observation,21.80,1.01,4718,4.61,3.87,144009,262,9793,9T8XETPA,VMZKH34U,NCLG54A3,Downloads/Zotero-Supplements/Ramezani_2021_Supporting_Information.pdf
S5,30 wt% MEA + 6 wt% sugar,320.25,0,,30,6,,kinetics_state,reported Table S5 columns retained individually,,,Ramezani2021 supplied SI DOCX XML Table 5; PDF pp. 5-8 Table S5,verified,retained_kinetics_observation,25.81,1.24,5312,5.57,3.89,223342,299,13693,9T8XETPA,VMZKH34U,NCLG54A3,Downloads/Zotero-Supplements/Ramezani_2021_Supporting_Information.pdf
S5,30 wt% MEA + 6 wt% sugar,328.43,0,,30,6,,kinetics_state,reported Table S5 columns retained individually,,,Ramezani2021 supplied SI DOCX XML Table 5; PDF pp. 5-8 Table S5,verified,retained_kinetics_observation,29.18,1.54,5957,6.82,3.82,314057,323,16933,9T8XETPA,VMZKH34U,NCLG54A3,Downloads/Zotero-Supplements/Ramezani_2021_Supporting_Information.pdf
S5,30 wt% MEA + 6 wt% sugar,337.81,0,,30,6,,kinetics_state,reported Table S5 columns retained individually,,,Ramezani2021 supplied SI DOCX XML Table 5; PDF pp. 5-8 Table S5,verified,retained_kinetics_observation,34.81,1.97,6746,8.58,3.61,530867,377,21377,9T8XETPA,VMZKH34U,NCLG54A3,Downloads/Zotero-Supplements/Ramezani_2021_Supporting_Information.pdf
S5,30 wt% MEA + 6 wt% sugar,303.55,0.100,0.001,30,6,,kinetics_state,reported Table S5 columns retained individually,,,Ramezani2021 supplied SI DOCX XML Table 5; PDF pp. 5-8 Table S5,verified,retained_kinetics_observation,14.49,0.71,4477,3.27,3.78,71806,220,1460,9T8XETPA,VMZKH34U,NCLG54A3,Downloads/Zotero-Supplements/Ramezani_2021_Supporting_Information.pdf
S5,30 wt% MEA + 6 wt% sugar,311.99,0.100,0.001,30,6,,kinetics_state,reported Table S5 columns retained individually,,,Ramezani2021 supplied SI DOCX XML Table 5; PDF pp. 5-8 Table S5,verified,retained_kinetics_observation,16.29,0.90,5118,4.06,3.84,97250,231,1915,9T8XETPA,VMZKH34U,NCLG54A3,Downloads/Zotero-Supplements/Ramezani_2021_Supporting_Information.pdf
S5,30 wt% MEA + 6 wt% sugar,320.40,0.100,0.001,30,6,,kinetics_state,reported Table S5 columns retained individually,,,Ramezani2021 supplied SI DOCX XML Table 5; PDF pp. 5-8 Table S5,verified,retained_kinetics_observation,19.58,1.14,5804,5.09,3.87,151757,258,2440,9T8XETPA,VMZKH34U,NCLG54A3,Downloads/Zotero-Supplements/Ramezani_2021_Supporting_Information.pdf
S5,30 wt% MEA + 6 wt% sugar,328.39,0.100,0.001,30,6,,kinetics_state,reported Table S5 columns retained individually,,,Ramezani2021 supplied SI DOCX XML Table 5; PDF pp. 5-8 Table S5,verified,retained_kinetics_observation,22.08,1.41,6502,6.23,3.77,207821,275,3081,9T8XETPA,VMZKH34U,NCLG54A3,Downloads/Zotero-Supplements/Ramezani_2021_Supporting_Information.pdf
S5,30 wt% MEA + 6 wt% sugar,339.03,0.100,0.001,30,6,,kinetics_state,reported Table S5 columns retained individually,,,Ramezani2021 supplied SI DOCX XML Table 5; PDF pp. 5-8 Table S5,verified,retained_kinetics_observation,27.28,1.80,7499,7.84,3.64,373820,331,4537,9T8XETPA,VMZKH34U,NCLG54A3,Downloads/Zotero-Supplements/Ramezani_2021_Supporting_Information.pdf
S5,30 wt% MEA + 6 wt% sugar,303.23,0.200,0.003,30,6,,kinetics_state,reported Table S5 columns retained individually,,,Ramezani2021 supplied SI DOCX XML Table 5; PDF pp. 5-8 Table S5,verified,retained_kinetics_observation,11.00,0.67,4829,3.08,3.85,48572,186,1152,9T8XETPA,VMZKH34U,NCLG54A3,Downloads/Zotero-Supplements/Ramezani_2021_Supporting_Information.pdf
S5,30 wt% MEA + 6 wt% sugar,311.41,0.200,0.003,30,6,,kinetics_state,reported Table S5 columns retained individually,,,Ramezani2021 supplied SI DOCX XML Table 5; PDF pp. 5-8 Table S5,verified,retained_kinetics_observation,13.31,0.84,5521,3.83,3.90,76826,210,1559,9T8XETPA,VMZKH34U,NCLG54A3,Downloads/Zotero-Supplements/Ramezani_2021_Supporting_Information.pdf
S5,30 wt% MEA + 6 wt% sugar,320.14,0.200,0.003,30,6,,kinetics_state,reported Table S5 columns retained individually,,,Ramezani2021 supplied SI DOCX XML Table 5; PDF pp. 5-8 Table S5,verified,retained_kinetics_observation,15.98,1.08,6317,4.82,3.96,118623,235,2025,9T8XETPA,VMZKH34U,NCLG54A3,Downloads/Zotero-Supplements/Ramezani_2021_Supporting_Information.pdf
S5,30 wt% MEA + 6 wt% sugar,328.13,0.200,0.003,30,6,,kinetics_state,reported Table S5 columns retained individually,,,Ramezani2021 supplied SI DOCX XML Table 5; PDF pp. 5-8 Table S5,verified,retained_kinetics_observation,19.35,1.33,7099,5.89,3.90,189824,270,2684,9T8XETPA,VMZKH34U,NCLG54A3,Downloads/Zotero-Supplements/Ramezani_2021_Supporting_Information.pdf
S5,30 wt% MEA + 6 wt% sugar,336.00,0.200,0.003,30,6,,kinetics_state,reported Table S5 columns retained individually,,,Ramezani2021 supplied SI DOCX XML Table 5; PDF pp. 5-8 Table S5,verified,retained_kinetics_observation,22.99,1.59,7918,6.99,3.70,305760,316,3663,9T8XETPA,VMZKH34U,NCLG54A3,Downloads/Zotero-Supplements/Ramezani_2021_Supporting_Information.pdf
S5,30 wt% MEA + 6 wt% sugar,303.17,0.300,0.004,30,6,,kinetics_state,reported Table S5 columns retained individually,,,Ramezani2021 supplied SI DOCX XML Table 5; PDF pp. 5-8 Table S5,verified,retained_kinetics_observation,07.29,0.59,5279,2.70,3.83,27475,150,834,9T8XETPA,VMZKH34U,NCLG54A3,Downloads/Zotero-Supplements/Ramezani_2021_Supporting_Information.pdf
S5,30 wt% MEA + 6 wt% sugar,312.12,0.300,0.004,30,6,,kinetics_state,reported Table S5 columns retained individually,,,Ramezani2021 supplied SI DOCX XML Table 5; PDF pp. 5-8 Table S5,verified,retained_kinetics_observation,08.98,0.75,6141,3.39,3.87,45539,173,1178,9T8XETPA,VMZKH34U,NCLG54A3,Downloads/Zotero-Supplements/Ramezani_2021_Supporting_Information.pdf
S5,30 wt% MEA + 6 wt% sugar,320.02,0.300,0.004,30,6,,kinetics_state,reported Table S5 columns retained individually,,,Ramezani2021 supplied SI DOCX XML Table 5; PDF pp. 5-8 Table S5,verified,retained_kinetics_observation,11.47,0.93,6964,4.16,3.91,80569,208,1610,9T8XETPA,VMZKH34U,NCLG54A3,Downloads/Zotero-Supplements/Ramezani_2021_Supporting_Information.pdf
S5,30 wt% MEA + 6 wt% sugar,328.06,0.300,0.004,30,6,,kinetics_state,reported Table S5 columns retained individually,,,Ramezani2021 supplied SI DOCX XML Table 5; PDF pp. 5-8 Table S5,verified,retained_kinetics_observation,13.90,1.13,7862,5.00,3.76,130357,243,2273,9T8XETPA,VMZKH34U,NCLG54A3,Downloads/Zotero-Supplements/Ramezani_2021_Supporting_Information.pdf
S5,30 wt% MEA + 6 wt% sugar,336.05,0.300,0.004,30,6,,kinetics_state,reported Table S5 columns retained individually,,,Ramezani2021 supplied SI DOCX XML Table 5; PDF pp. 5-8 Table S5,verified,retained_kinetics_observation,16.67,1.33,8814,5.79,3.66,213017,291,3325,9T8XETPA,VMZKH34U,NCLG54A3,Downloads/Zotero-Supplements/Ramezani_2021_Supporting_Information.pdf
S5,30 wt% MEA + 6 wt% sugar,304.30,0.400,0.005,30,6,,kinetics_state,reported Table S5 columns retained individually,,,Ramezani2021 supplied SI DOCX XML Table 5; PDF pp. 5-8 Table S5,verified,retained_kinetics_observation,05.44,0.54,5987,2.46,3.87,21080,137,439,9T8XETPA,VMZKH34U,NCLG54A3,Downloads/Zotero-Supplements/Ramezani_2021_Supporting_Information.pdf
S5,30 wt% MEA + 6 wt% sugar,311.90,0.400,0.005,30,6,,kinetics_state,reported Table S5 columns retained individually,,,Ramezani2021 supplied SI DOCX XML Table 5; PDF pp. 5-8 Table S5,verified,retained_kinetics_observation,06.26,0.66,6838,2.98,3.87,30116,150,566,9T8XETPA,VMZKH34U,NCLG54A3,Downloads/Zotero-Supplements/Ramezani_2021_Supporting_Information.pdf
S5,30 wt% MEA + 6 wt% sugar,320.27,0.400,0.005,30,6,,kinetics_state,reported Table S5 columns retained individually,,,Ramezani2021 supplied SI DOCX XML Table 5; PDF pp. 5-8 Table S5,verified,retained_kinetics_observation,07.19,0.82,7851,3.68,3.91,42601,161,751,9T8XETPA,VMZKH34U,NCLG54A3,Downloads/Zotero-Supplements/Ramezani_2021_Supporting_Information.pdf
S5,30 wt% MEA + 6 wt% sugar,328.60,0.400,0.005,30,6,,kinetics_state,reported Table S5 columns retained individually,,,Ramezani2021 supplied SI DOCX XML Table 5; PDF pp. 5-8 Table S5,verified,retained_kinetics_observation,07.69,1.01,8940,4.45,3.90,52078,163,894,9T8XETPA,VMZKH34U,NCLG54A3,Downloads/Zotero-Supplements/Ramezani_2021_Supporting_Information.pdf
S5,30 wt% MEA + 6 wt% sugar,340.13,0.400,0.005,30,6,,kinetics_state,reported Table S5 columns retained individually,,,Ramezani2021 supplied SI DOCX XML Table 5; PDF pp. 5-8 Table S5,verified,retained_kinetics_observation,09.27,1.26,10575,5.36,3.73,88274,197,1397,9T8XETPA,VMZKH34U,NCLG54A3,Downloads/Zotero-Supplements/Ramezani_2021_Supporting_Information.pdf
S5,30 wt% MEA + 10 wt% sugar,303.48,0,,30,10,,kinetics_state,reported Table S5 columns retained individually,,,Ramezani2021 supplied SI DOCX XML Table 5; PDF pp. 5-8 Table S5,verified,retained_kinetics_observation,17.76,0.68,4289,3.06,3.87,108861,282,8655,9T8XETPA,VMZKH34U,NCLG54A3,Downloads/Zotero-Supplements/Ramezani_2021_Supporting_Information.pdf
S5,30 wt% MEA + 10 wt% sugar,311.69,0,,30,10,,kinetics_state,reported Table S5 columns retained individually,,,Ramezani2021 supplied SI DOCX XML Table 5; PDF pp. 5-8 Table S5,verified,retained_kinetics_observation,20.23,0.84,4873,3.77,3.87,153733,303,11926,9T8XETPA,VMZKH34U,NCLG54A3,Downloads/Zotero-Supplements/Ramezani_2021_Supporting_Information.pdf
S5,30 wt% MEA + 10 wt% sugar,320.08,0,,30,10,,kinetics_state,reported Table S5 columns retained individually,,,Ramezani2021 supplied SI DOCX XML Table 5; PDF pp. 5-8 Table S5,verified,retained_kinetics_observation,23.47,1.06,5515,4.68,3.85,225840,330,15890,9T8XETPA,VMZKH34U,NCLG54A3,Downloads/Zotero-Supplements/Ramezani_2021_Supporting_Information.pdf
S5,30 wt% MEA + 10 wt% sugar,328.10,0,,30,10,,kinetics_state,reported Table S5 columns retained individually,,,Ramezani2021 supplied SI DOCX XML Table 5; PDF pp. 5-8 Table S5,verified,retained_kinetics_observation,27.27,1.31,6172,5.73,3.74,337414,367,19948,9T8XETPA,VMZKH34U,NCLG54A3,Downloads/Zotero-Supplements/Ramezani_2021_Supporting_Information.pdf
S5,30 wt% MEA + 10 wt% sugar,335.91,0,,30,10,,kinetics_state,reported Table S5 columns retained individually,,,Ramezani2021 supplied SI DOCX XML Table 5; PDF pp. 5-8 Table S5,verified,retained_kinetics_observation,31.90,1.62,6850,6.99,3.76,509333,411,24343,9T8XETPA,VMZKH34U,NCLG54A3,Downloads/Zotero-Supplements/Ramezani_2021_Supporting_Information.pdf
S5,30 wt% MEA + 10 wt% sugar,302.73,0.100,0.001,30,10,,kinetics_state,reported Table S5 columns retained individually,,,Ramezani2021 supplied SI DOCX XML Table 5; PDF pp. 5-8 Table S5,verified,retained_kinetics_observation,12.64,0.59,4598,2.66,3.82,67916,238,1848,9T8XETPA,VMZKH34U,NCLG54A3,Downloads/Zotero-Supplements/Ramezani_2021_Supporting_Information.pdf
S5,30 wt% MEA + 10 wt% sugar,311.82,0.100,0.001,30,10,,kinetics_state,reported Table S5 columns retained individually,,,Ramezani2021 supplied SI DOCX XML Table 5; PDF pp. 5-8 Table S5,verified,retained_kinetics_observation,14.42,0.75,5312,3.36,3.88,94897,252,2573,9T8XETPA,VMZKH34U,NCLG54A3,Downloads/Zotero-Supplements/Ramezani_2021_Supporting_Information.pdf
S5,30 wt% MEA + 10 wt% sugar,321.03,0.100,0.001,30,10,,kinetics_state,reported Table S5 columns retained individually,,,Ramezani2021 supplied SI DOCX XML Table 5; PDF pp. 5-8 Table S5,verified,retained_kinetics_observation,17.26,0.97,6097,4.30,3.96,145146,277,3345,9T8XETPA,VMZKH34U,NCLG54A3,Downloads/Zotero-Supplements/Ramezani_2021_Supporting_Information.pdf
S5,30 wt% MEA + 10 wt% sugar,329.08,0.100,0.001,30,10,,kinetics_state,reported Table S5 columns retained individually,,,Ramezani2021 supplied SI DOCX XML Table 5; PDF pp. 5-8 Table S5,verified,retained_kinetics_observation,20.14,1.21,6832,5.28,3.82,213541,305,4081,9T8XETPA,VMZKH34U,NCLG54A3,Downloads/Zotero-Supplements/Ramezani_2021_Supporting_Information.pdf
S5,30 wt% MEA + 10 wt% sugar,337.10,0.100,0.001,30,10,,kinetics_state,reported Table S5 columns retained individually,,,Ramezani2021 supplied SI DOCX XML Table 5; PDF pp. 5-8 Table S5,verified,retained_kinetics_observation,24.03,1.47,7610,6.31,3.76,338430,353,5405,9T8XETPA,VMZKH34U,NCLG54A3,Downloads/Zotero-Supplements/Ramezani_2021_Supporting_Information.pdf
S5,30 wt% MEA + 10 wt% sugar,303.27,0.200,0.003,30,10,,kinetics_state,reported Table S5 columns retained individually,,,Ramezani2021 supplied SI DOCX XML Table 5; PDF pp. 5-8 Table S5,verified,retained_kinetics_observation,09.68,0.55,5030,2.50,3.84,48775,208,1360,9T8XETPA,VMZKH34U,NCLG54A3,Downloads/Zotero-Supplements/Ramezani_2021_Supporting_Information.pdf
S5,30 wt% MEA + 10 wt% sugar,311.83,0.200,0.003,30,10,,kinetics_state,reported Table S5 columns retained individually,,,Ramezani2021 supplied SI DOCX XML Table 5; PDF pp. 5-8 Table S5,verified,retained_kinetics_observation,11.92,0.70,5784,3.14,3.90,79127,238,1952,9T8XETPA,VMZKH34U,NCLG54A3,Downloads/Zotero-Supplements/Ramezani_2021_Supporting_Information.pdf
S5,30 wt% MEA + 10 wt% sugar,319.84,0.200,0.003,30,10,,kinetics_state,reported Table S5 columns retained individually,,,Ramezani2021 supplied SI DOCX XML Table 5; PDF pp. 5-8 Table S5,verified,retained_kinetics_observation,14.43,0.89,6545,3.95,3.96,122720,265,2551,9T8XETPA,VMZKH34U,NCLG54A3,Downloads/Zotero-Supplements/Ramezani_2021_Supporting_Information.pdf
S5,30 wt% MEA + 10 wt% sugar,328.01,0.200,0.003,30,10,,kinetics_state,reported Table S5 columns retained individually,,,Ramezani2021 supplied SI DOCX XML Table 5; PDF pp. 5-8 Table S5,verified,retained_kinetics_observation,17.94,1.11,7376,4.86,3.81,208055,313,3321,9T8XETPA,VMZKH34U,NCLG54A3,Downloads/Zotero-Supplements/Ramezani_2021_Supporting_Information.pdf
S5,30 wt% MEA + 10 wt% sugar,335.94,0.200,0.003,30,10,,kinetics_state,reported Table S5 columns retained individually,,,Ramezani2021 supplied SI DOCX XML Table 5; PDF pp. 5-8 Table S5,verified,retained_kinetics_observation,20.91,1.32,8234,5.69,3.75,315733,358,4328,9T8XETPA,VMZKH34U,NCLG54A3,Downloads/Zotero-Supplements/Ramezani_2021_Supporting_Information.pdf
S5,30 wt% MEA + 10 wt% sugar,303.48,0.300,0.004,30,10,,kinetics_state,reported Table S5 columns retained individually,,,Ramezani2021 supplied SI DOCX XML Table 5; PDF pp. 5-8 Table S5,verified,retained_kinetics_observation,06.71,0.50,5524,2.27,3.78,29814,171,1065,9T8XETPA,VMZKH34U,NCLG54A3,Downloads/Zotero-Supplements/Ramezani_2021_Supporting_Information.pdf
S5,30 wt% MEA + 10 wt% sugar,312.28,0.300,0.004,30,10,,kinetics_state,reported Table S5 columns retained individually,,,Ramezani2021 supplied SI DOCX XML Table 5; PDF pp. 5-8 Table S5,verified,retained_kinetics_observation,08.00,0.64,6408,2.88,3.90,45445,188,1510,9T8XETPA,VMZKH34U,NCLG54A3,Downloads/Zotero-Supplements/Ramezani_2021_Supporting_Information.pdf
S5,30 wt% MEA + 10 wt% sugar,319.91,0.300,0.004,30,10,,kinetics_state,reported Table S5 columns retained individually,,,Ramezani2021 supplied SI DOCX XML Table 5; PDF pp. 5-8 Table S5,verified,retained_kinetics_observation,09.63,0.79,7236,3.51,3.91,69819,212,2059,9T8XETPA,VMZKH34U,NCLG54A3,Downloads/Zotero-Supplements/Ramezani_2021_Supporting_Information.pdf
S5,30 wt% MEA + 10 wt% sugar,327.35,0.300,0.004,30,10,,kinetics_state,reported Table S5 columns retained individually,,,Ramezani2021 supplied SI DOCX XML Table 5; PDF pp. 5-8 Table S5,verified,retained_kinetics_observation,11.95,0.96,8098,4.22,3.82,116224,251,2890,9T8XETPA,VMZKH34U,NCLG54A3,Downloads/Zotero-Supplements/Ramezani_2021_Supporting_Information.pdf
S5,30 wt% MEA + 10 wt% sugar,335.68,0.300,0.004,30,10,,kinetics_state,reported Table S5 columns retained individually,,,Ramezani2021 supplied SI DOCX XML Table 5; PDF pp. 5-8 Table S5,verified,retained_kinetics_observation,15.74,1.15,9126,4.94,3.66,232168,331,4535,9T8XETPA,VMZKH34U,NCLG54A3,Downloads/Zotero-Supplements/Ramezani_2021_Supporting_Information.pdf
S5,30 wt% MEA + 10 wt% sugar,304.43,0.400,0.005,30,10,,kinetics_state,reported Table S5 columns retained individually,,,Ramezani2021 supplied SI DOCX XML Table 5; PDF pp. 5-8 Table S5,verified,retained_kinetics_observation,04.47,0.44,6245,1.96,3.86,18641,147,489,9T8XETPA,VMZKH34U,NCLG54A3,Downloads/Zotero-Supplements/Ramezani_2021_Supporting_Information.pdf
S5,30 wt% MEA + 10 wt% sugar,311.76,0.400,0.005,30,10,,kinetics_state,reported Table S5 columns retained individually,,,Ramezani2021 supplied SI DOCX XML Table 5; PDF pp. 5-8 Table S5,verified,retained_kinetics_observation,05.48,0.54,7100,2.42,3.88,29755,167,652,9T8XETPA,VMZKH34U,NCLG54A3,Downloads/Zotero-Supplements/Ramezani_2021_Supporting_Information.pdf
S5,30 wt% MEA + 10 wt% sugar,320.37,0.400,0.005,30,10,,kinetics_state,reported Table S5 columns retained individually,,,Ramezani2021 supplied SI DOCX XML Table 5; PDF pp. 5-8 Table S5,verified,retained_kinetics_observation,06.00,0.70,8185,3.07,3.88,37355,167,788,9T8XETPA,VMZKH34U,NCLG54A3,Downloads/Zotero-Supplements/Ramezani_2021_Supporting_Information.pdf
S5,30 wt% MEA + 10 wt% sugar,328.00,0.400,0.005,30,10,,kinetics_state,reported Table S5 columns retained individually,,,Ramezani2021 supplied SI DOCX XML Table 5; PDF pp. 5-8 Table S5,verified,retained_kinetics_observation,07.02,0.86,9220,3.74,3.86,53834,182,992,9T8XETPA,VMZKH34U,NCLG54A3,Downloads/Zotero-Supplements/Ramezani_2021_Supporting_Information.pdf
S5,30 wt% MEA + 10 wt% sugar,339.23,0.400,0.005,30,10,,kinetics_state,reported Table S5 columns retained individually,,,Ramezani2021 supplied SI DOCX XML Table 5; PDF pp. 5-8 Table S5,verified,retained_kinetics_observation,08.09,1.09,10868,4.62,3.74,80597,203,1494,9T8XETPA,VMZKH34U,NCLG54A3,Downloads/Zotero-Supplements/Ramezani_2021_Supporting_Information.pdf
S5,30 wt% MEA + 20 wt% sugar,303.05,0,,30,20,,kinetics_state,reported Table S5 columns retained individually,,,Ramezani2021 supplied SI DOCX XML Table 5; PDF pp. 5-8 Table S5,verified,retained_kinetics_observation,14.21,0.40,4712,1.73,3.76,136605,428,15036,9T8XETPA,VMZKH34U,NCLG54A3,Downloads/Zotero-Supplements/Ramezani_2021_Supporting_Information.pdf
S5,30 wt% MEA + 20 wt% sugar,311.79,0,,30,20,,kinetics_state,reported Table S5 columns retained individually,,,Ramezani2021 supplied SI DOCX XML Table 5; PDF pp. 5-8 Table S5,verified,retained_kinetics_observation,16.13,0.51,5399,2.22,3.86,184631,441,20799,9T8XETPA,VMZKH34U,NCLG54A3,Downloads/Zotero-Supplements/Ramezani_2021_Supporting_Information.pdf
S5,30 wt% MEA + 20 wt% sugar,319.74,0,,30,20,,kinetics_state,reported Table S5 columns retained individually,,,Ramezani2021 supplied SI DOCX XML Table 5; PDF pp. 5-8 Table S5,verified,retained_kinetics_observation,18.80,0.65,6072,2.77,3.88,262986,473,25802,9T8XETPA,VMZKH34U,NCLG54A3,Downloads/Zotero-Supplements/Ramezani_2021_Supporting_Information.pdf
S5,30 wt% MEA + 20 wt% sugar,327.76,0,,30,20,,kinetics_state,reported Table S5 columns retained individually,,,Ramezani2021 supplied SI DOCX XML Table 5; PDF pp. 5-8 Table S5,verified,retained_kinetics_observation,22.96,0.82,6796,3.46,3.80,422128,540,32473,9T8XETPA,VMZKH34U,NCLG54A3,Downloads/Zotero-Supplements/Ramezani_2021_Supporting_Information.pdf
S5,30 wt% MEA + 20 wt% sugar,335.17,0,,30,20,,kinetics_state,reported Table S5 columns retained individually,,,Ramezani2021 supplied SI DOCX XML Table 5; PDF pp. 5-8 Table S5,verified,retained_kinetics_observation,27.37,1.03,7506,4.28,3.77,646681,604,39646,9T8XETPA,VMZKH34U,NCLG54A3,Downloads/Zotero-Supplements/Ramezani_2021_Supporting_Information.pdf
S5,30 wt% MEA + 20 wt% sugar,303.50,0.100,0.001,30,20,,kinetics_state,reported Table S5 columns retained individually,,,Ramezani2021 supplied SI DOCX XML Table 5; PDF pp. 5-8 Table S5,verified,retained_kinetics_observation,10.24,0.36,5151,1.55,3.83,88370,365,3254,9T8XETPA,VMZKH34U,NCLG54A3,Downloads/Zotero-Supplements/Ramezani_2021_Supporting_Information.pdf
S5,30 wt% MEA + 20 wt% sugar,311.70,0.100,0.001,30,20,,kinetics_state,reported Table S5 columns retained individually,,,Ramezani2021 supplied SI DOCX XML Table 5; PDF pp. 5-8 Table S5,verified,retained_kinetics_observation,11.73,0.46,5866,1.98,3.87,120183,377,4041,9T8XETPA,VMZKH34U,NCLG54A3,Downloads/Zotero-Supplements/Ramezani_2021_Supporting_Information.pdf
S5,30 wt% MEA + 20 wt% sugar,320.17,0.100,0.001,30,20,,kinetics_state,reported Table S5 columns retained individually,,,Ramezani2021 supplied SI DOCX XML Table 5; PDF pp. 5-8 Table S5,verified,retained_kinetics_observation,13.88,0.60,6661,2.56,3.47,177220,404,4849,9T8XETPA,VMZKH34U,NCLG54A3,Downloads/Zotero-Supplements/Ramezani_2021_Supporting_Information.pdf
S5,30 wt% MEA + 20 wt% sugar,328.45,0.100,0.001,30,20,,kinetics_state,reported Table S5 columns retained individually,,,Ramezani2021 supplied SI DOCX XML Table 5; PDF pp. 5-8 Table S5,verified,retained_kinetics_observation,16.68,0.77,7493,3.27,3.51,265984,440,6093,9T8XETPA,VMZKH34U,NCLG54A3,Downloads/Zotero-Supplements/Ramezani_2021_Supporting_Information.pdf
S5,30 wt% MEA + 20 wt% sugar,336.35,0.100,0.001,30,20,,kinetics_state,reported Table S5 columns retained individually,,,Ramezani2021 supplied SI DOCX XML Table 5; PDF pp. 5-8 Table S5,verified,retained_kinetics_observation,19.48,0.95,8337,3.99,3.52,385949,481,7614,9T8XETPA,VMZKH34U,NCLG54A3,Downloads/Zotero-Supplements/Ramezani_2021_Supporting_Information.pdf
S5,30 wt% MEA + 20 wt% sugar,304.51,0.200,0.003,30,20,,kinetics_state,reported Table S5 columns retained individually,,,Ramezani2021 supplied SI DOCX XML Table 5; PDF pp. 5-8 Table S5,verified,retained_kinetics_observation,07.95,0.33,5681,1.43,3.85,67972,334,2538,9T8XETPA,VMZKH34U,NCLG54A3,Downloads/Zotero-Supplements/Ramezani_2021_Supporting_Information.pdf
S5,30 wt% MEA + 20 wt% sugar,312.31,0.200,0.003,30,20,,kinetics_state,reported Table S5 columns retained individually,,,Ramezani2021 supplied SI DOCX XML Table 5; PDF pp. 5-8 Table S5,verified,retained_kinetics_observation,09.67,0.43,6448,1.84,3.88,103005,363,3275,9T8XETPA,VMZKH34U,NCLG54A3,Downloads/Zotero-Supplements/Ramezani_2021_Supporting_Information.pdf
S5,30 wt% MEA + 20 wt% sugar,320.01,0.200,0.003,30,20,,kinetics_state,reported Table S5 columns retained individually,,,Ramezani2021 supplied SI DOCX XML Table 5; PDF pp. 5-8 Table S5,verified,retained_kinetics_observation,11.75,0.55,7260,2.36,3.93,155040,394,4195,9T8XETPA,VMZKH34U,NCLG54A3,Downloads/Zotero-Supplements/Ramezani_2021_Supporting_Information.pdf
S5,30 wt% MEA + 20 wt% sugar,328.19,0.200,0.003,30,20,,kinetics_state,reported Table S5 columns retained individually,,,Ramezani2021 supplied SI DOCX XML Table 5; PDF pp. 5-8 Table S5,verified,retained_kinetics_observation,14.41,0.70,8181,2.96,3.76,246948,445,5505,9T8XETPA,VMZKH34U,NCLG54A3,Downloads/Zotero-Supplements/Ramezani_2021_Supporting_Information.pdf
S5,30 wt% MEA + 20 wt% sugar,338.97,0.200,0.003,30,20,,kinetics_state,reported Table S5 columns retained individually,,,Ramezani2021 supplied SI DOCX XML Table 5; PDF pp. 5-8 Table S5,verified,retained_kinetics_observation,18.66,0.85,9487,3.53,3.66,498528,586,8501,9T8XETPA,VMZKH34U,NCLG54A3,Downloads/Zotero-Supplements/Ramezani_2021_Supporting_Information.pdf
S5,30 wt% MEA + 20 wt% sugar,303.78,0.300,0.004,30,20,,kinetics_state,reported Table S5 columns retained individually,,,Ramezani2021 supplied SI DOCX XML Table 5; PDF pp. 5-8 Table S5,verified,retained_kinetics_observation,05.57,0.26,6143,1.12,3.83,47444,316,1910,9T8XETPA,VMZKH34U,NCLG54A3,Downloads/Zotero-Supplements/Ramezani_2021_Supporting_Information.pdf
S5,30 wt% MEA + 20 wt% sugar,311.70,0.300,0.004,30,20,,kinetics_state,reported Table S5 columns retained individually,,,Ramezani2021 supplied SI DOCX XML Table 5; PDF pp. 5-8 Table S5,verified,retained_kinetics_observation,06.75,0.34,7022,1.47,3.88,70756,337,2643,9T8XETPA,VMZKH34U,NCLG54A3,Downloads/Zotero-Supplements/Ramezani_2021_Supporting_Information.pdf
S5,30 wt% MEA + 20 wt% sugar,319.94,0.300,0.004,30,20,,kinetics_state,reported Table S5 columns retained individually,,,Ramezani2021 supplied SI DOCX XML Table 5; PDF pp. 5-8 Table S5,verified,retained_kinetics_observation,07.95,0.46,8009,1.95,3.89,97877,345,3235,9T8XETPA,VMZKH34U,NCLG54A3,Downloads/Zotero-Supplements/Ramezani_2021_Supporting_Information.pdf
S5,30 wt% MEA + 20 wt% sugar,327.05,0.300,0.004,30,20,,kinetics_state,reported Table S5 columns retained individually,,,Ramezani2021 supplied SI DOCX XML Table 5; PDF pp. 5-8 Table S5,verified,retained_kinetics_observation,09.41,0.58,8919,2.45,3.69,139536,369,3734,9T8XETPA,VMZKH34U,NCLG54A3,Downloads/Zotero-Supplements/Ramezani_2021_Supporting_Information.pdf
S5,30 wt% MEA + 20 wt% sugar,336.29,0.300,0.004,30,20,,kinetics_state,reported Table S5 columns retained individually,,,Ramezani2021 supplied SI DOCX XML Table 5; PDF pp. 5-8 Table S5,verified,retained_kinetics_observation,12.40,0.73,10183,3.03,3.62,266505,461,4795,9T8XETPA,VMZKH34U,NCLG54A3,Downloads/Zotero-Supplements/Ramezani_2021_Supporting_Information.pdf
S5,30 wt% MEA + 20 wt% sugar,304.12,0.400,0.005,30,20,,kinetics_state,reported Table S5 columns retained individually,,,Ramezani2021 supplied SI DOCX XML Table 5; PDF pp. 5-8 Table S5,verified,retained_kinetics_observation,03.15,0.23,6871,0.97,3.88,21151,228,813,9T8XETPA,VMZKH34U,NCLG54A3,Downloads/Zotero-Supplements/Ramezani_2021_Supporting_Information.pdf
S5,30 wt% MEA + 20 wt% sugar,312.29,0.400,0.005,30,20,,kinetics_state,reported Table S5 columns retained individually,,,Ramezani2021 supplied SI DOCX XML Table 5; PDF pp. 5-8 Table S5,verified,retained_kinetics_observation,03.57,0.30,7926,1.26,3.90,27854,230,1003,9T8XETPA,VMZKH34U,NCLG54A3,Downloads/Zotero-Supplements/Ramezani_2021_Supporting_Information.pdf
S5,30 wt% MEA + 20 wt% sugar,320.21,0.400,0.005,30,20,,kinetics_state,reported Table S5 columns retained individually,,,Ramezani2021 supplied SI DOCX XML Table 5; PDF pp. 5-8 Table S5,verified,retained_kinetics_observation,04.47,0.39,9032,1.65,3.90,43939,252,1329,9T8XETPA,VMZKH34U,NCLG54A3,Downloads/Zotero-Supplements/Ramezani_2021_Supporting_Information.pdf
S5,30 wt% MEA + 20 wt% sugar,328.73,0.400,0.005,30,20,,kinetics_state,reported Table S5 columns retained individually,,,Ramezani2021 supplied SI DOCX XML Table 5; PDF pp. 5-8 Table S5,verified,retained_kinetics_observation,04.87,0.52,10314,2.17,3.93,51620,239,1502,9T8XETPA,VMZKH34U,NCLG54A3,Downloads/Zotero-Supplements/Ramezani_2021_Supporting_Information.pdf
S5,30 wt% MEA + 20 wt% sugar,339.47,0.400,0.005,30,20,,kinetics_state,reported Table S5 columns retained individually,,,Ramezani2021 supplied SI DOCX XML Table 5; PDF pp. 5-8 Table S5,verified,retained_kinetics_observation,06.95,0.69,12064,2.87,3.74,112043,308,2635,9T8XETPA,VMZKH34U,NCLG54A3,Downloads/Zotero-Supplements/Ramezani_2021_Supporting_Information.pdf
