Position,Fl_CO2,Fl_MEA,Fl_H2O,Fl_T,Fl_CO2_true,Fl_MEA_true,Fl_H2O_true,Fl_MEAH_true,Fl_MEACOO_true,Fl_HCO3_true,Fl_CO3_true,Fl_H3O_true,Fl_OH_true,Fv_CO2,Fv_H2O,Fv_N2,Fv_O2,Fv_T,Cl_CO2,Cl_MEA,Cl_H2O,Cl_CO2_true,Cl_MEA_true,Cl_H2O_true,Cl_MEAH_true,Cl_MEACOO_true,Cl_HCO3_true,Cl_CO3_true,Cl_H3O_true,Cl_OH_true,x_CO2,x_MEA,x_H2O,x_CO2_true,x_MEA_true,x_H2O_true,x_MEAH_true,x_MEACOO_true,x_HCO3_true,x_CO3_true,x_H3O_true,x_OH_true,Tl,Tv,Nl_CO2,Nv_CO2,kv_CO2,a_eA,DF_CO2,fv_CO2,fl_CO2,Psi,H_CO2_mix,capture_pct,net_energy_W,E,mesh,tol,run,mul_mix,Dl_CO2,Dl_MEA,Dl_ion,kl_CO2,Ha,Psi_H,h_L,a_e,UT,Ekl_CO2_m_s,overall_CO2_conductance_mol_m2_s_Pa
0.0,4.02697898993126,9.729875260332737,75.23510977031545,88.99196402057945,0.0009376421400742,2.1637432596583035,74.47165768784366,4.30347014250224,3.2626618581721902,0.4860232351213457,0.2773562544976548,2.6319754561900122e-08,7.25665331488799e-05,1.7417130263823344,1.6681384637478156,15.30085529628352,1.6855287352087107,20.39623552162238,1952.7335208550887,4718.140725863259,36482.46518321542,0.5640626983263214,1301.6553004236332,44800.33734502504,2588.8629328821085,1962.7379922378188,292.37975314346977,166.8507745366846,1.583332397613411e-05,0.0436542607746925,0.0452510407456567,0.1093343131305956,0.8454146461237475,1.103550824352526e-05,0.0254660126270985,0.876488542055159,0.0506493663239002,0.0383996519491349,0.0057202137025342,0.0032643234578382,3.0976836046681834e-10,8.540663228991267e-07,323.83607974181075,316.75,0.671608436315532,-0.671608436315532,2.632262887496088e-05,72.97815783678799,8119.841170152677,9414.203359062049,1294.3621889093702,103.24973354404932,2294.7133230933064,0.0,4487406.245035012,99.67028029730216,41,0.05,baseline,0.0044111849816659,2.4420626056788358e-09,1.338125766573959e-09,2.987381436138779e-10,2.7267951985404165e-05,319.8659895306412,0.0430572661485601,0.060159710353184,226.85223745049507,97.28883030632304,0.00271780441751861,1.1333804371989637e-06
0.01,3.9883211337576334,9.729875260332737,75.55355254262032,89.2717489367107,0.0010184568269748,2.2317600621538367,74.8281634929097,4.236126991766352,3.261988206412545,0.476564678448826,0.2487497920692939,2.8213099835808342e-08,7.45509794940928e-05,1.703055170208709,1.9865812360527004,15.30085529628352,1.6855287352087107,20.67602043775364,1927.5059814708936,4702.327654741129,36514.09191066556,0.6088076033899064,1334.089436875797,44730.37410677743,2532.249039139936,1949.933634527255,284.8782511562234,148.69630282048706,1.6865073943544618e-05,0.0445646805579217,0.0446761845853962,0.1089916505078302,0.8463321649067735,1.1941882390519184e-05,0.0261684300013603,0.8773951965986841,0.0496705692250486,0.0382483365897268,0.0055879436327368,0.002916707594156,3.3081178424809154e-10,8.741450846383793e-07,325.84790842007385,320.86201807854246,0.6187720510151904,-0.6187720510151904,2.6692281764707298e-05,73.06041152279592,7650.025010292304,9091.167761756604,1441.1427514643003,102.42927490196398,2367.156296077549,2.219530748640075,4487406.6854996085,96.86979901798642,41,0.05,baseline,0.0041100798064949,2.550933166115231e-09,1.3971264060955583e-09,3.1993686150466946e-10,2.8224184362457812e-05,333.70532889229327,0.0414763011679475,0.0594435494236638,227.10792262072343,98.47612771815892,0.0027340710666378834,1.107097117332713e-06
0.02,3.95244006922324,9.729875260332737,75.82381142181657,89.50612675137255,0.001078091343137,2.293800060564072,75.12962526669622,4.178822885293632,3.2572523144750303,0.4667251883362988,0.2273844750687922,2.9685462714157227e-08,7.646203018185098e-05,1.6671741056743148,2.2568401152489344,15.30085529628352,1.6855287352087107,20.91039825241548,1904.8707574604005,4689.294342871007,36543.13754717995,0.6409790539017917,1363.778498009292,44668.30795924724,2484.518548905766,1936.5988978044,277.49139398656064,135.19140713759117,1.7649487611866486e-05,0.0454604891110269,0.044158318683616,0.1087062485382714,0.8471354327781124,1.2601184118631884e-05,0.0268108978691827,0.8781465937707003,0.0488438358326051,0.0380721321962446,0.0054552798967066,0.0026577651831642,3.4697614788316953e-10,8.937203016604049e-07,327.4678754157632,323.7823441469669,0.579647611587123,-0.579647611587123,2.699344450537225e-05,73.12910854154697,7251.564920475806,8807.176837269235,1555.6119167934294,102.42197853487988,2426.9309696222526,4.27963272817925,4487406.504639839,95.27865911439386,41,0.05,baseline,0.00387978098759,2.6411623851924483e-09,1.4460129845662612e-09,3.382110337911329e-10,2.901722189847693e-05,345.7807433587628,0.0404933517125412,0.0588671813401073,227.32146695880752,99.41997153673675,0.002764721993711708,1.0930550422890012e-06
0.03,3.918606681061703,9.729875260332737,76.05971635084647,89.70819829224091,0.0011218456866165,2.3516657876425406,75.39220602408558,4.128156612696183,3.25005285999401,0.456838487744367,0.2105934876367167,3.0847780348156735e-08,7.832053215344935e-05,1.633340717512777,2.4927450442788355,15.30085529628352,1.6855287352087107,21.11246979328384,1884.102561016796,4678.214576870979,36570.21947607514,0.6638286256506002,1391.5488435032173,44611.75463505934,2442.7499818995184,1923.150526921913,270.3245812517058,124.61427372465003,1.82535261998903e-05,0.0463445301255772,0.0436817008440647,0.1084613830793466,0.8478569160765886,1.3076539888907193e-05,0.0274116590582373,0.8787921557732638,0.0481189215750227,0.0378835042749478,0.0053250342529679,0.0024547352405758,3.5957015748174713e-10,9.129255253580274e-07,328.81987305911593,325.9838008613219,0.5495909705255737,-0.5495909705255737,2.7247700948966064e-05,73.18823912886296,6906.429954681144,8551.387594009628,1644.957639328485,102.99089440635436,2477.9853952762387,6.222167901830222,4487406.343620561,94.49905525069752,41,0.05,baseline,0.0036949104427218,2.718244299539464e-09,1.4877689037354502e-09,3.5439130058455143e-10,2.9696223775000884e-05,356.6193575596339,0.0399038514294217,0.0583841723097653,227.5052740927776,100.20192909606462,0.002806265091250886,1.0872882104608545e-06
0.04,3.886365276237764,9.729875260332737,76.26984232069714,89.88608285726764,0.0011533150134839,2.406434335798854,75.62578401256442,4.0822070995776345,3.241233824956248,0.4470631062355842,0.1969150300324512,3.1771894077521713e-08,8.014009279356947e-05,1.6010993126888382,2.702871014129505,15.30085529628352,1.6855287352087107,21.290354358310573,1864.7539110961488,4668.584051303443,36595.75893079418,0.6795419123483936,1417.8892768852024,44559.28284112315,2405.2672397538386,1909.7594378187985,263.4129570844892,116.0238222115685,1.872023983729261e-05,0.0472191476535203,0.0432365629105121,0.108246737993723,0.8485166990957647,1.3410503887548417e-05,0.0279815112419933,0.8793606765212855,0.0474670437292681,0.0376883837475809,0.0051983555698637,0.0022896864645763,3.6943688763253476e-10,9.318521075262328e-07,329.976996499058,327.71224416542526,0.525884822406179,-0.525884822406179,2.7467772105859137e-05,73.24023191505133,6602.725451041924,8316.976567785894,1714.2511167439698,103.99109030289787,2522.656933432963,8.073299766584462,4487406.307787678,94.29939707043503,41,0.05,baseline,0.0035414023910949,2.7855173604317163e-09,1.5242062763359274e-09,3.689900090908074e-10,3.029079355986003e-05,366.5377712792642,0.0395907976109384,0.057967803315611,227.666893407758,100.86838329595024,0.002856403569479817,1.0874710062664484e-06
0.05,3.855408881146801,9.729875260332737,76.45940436020913,90.04468850168867,0.0011747565360666,2.458789058461984,75.8363590298193,4.0398154441238505,3.2312707577469,0.4374639459796639,0.1854994208886936,3.250137780682666e-08,8.193112127677681e-05,1.5701429175978752,2.8924330536415104,15.30085529628352,1.6855287352087107,21.448960002731614,1846.5387153287609,4660.100113215409,36620.04592885279,0.6894902058366058,1443.116868882499,44510.01138707644,2371.0557009855474,1896.5032085136,256.75712107082984,108.87365165837276,1.9075766753368293e-05,0.048087160138468,0.0428166163412792,0.1080560710713132,0.8491273125874075,1.36297754148711e-05,0.0285273940859163,0.8798695815890571,0.0468707987829506,0.037489891207749,0.005075549829048,0.0021522037704654,3.7708790424281765e-10,9.505823106377536e-07,330.9826225476317,329.1063400421893,0.5069552087969492,-0.5069552087969492,2.7661212599246013e-05,73.28655167336436,6332.838544390283,8099.5493905659,1766.7108461756177,105.34421315763444,2562.34364349229,9.8506531320388,4487406.377268548,94.5516721424608,41,0.05,baseline,0.0034110228400829,2.8449690245344607e-09,1.5564037561633131e-09,3.823110778764191e-10,3.081858427488385e-05,375.72551646933766,0.0394889577860602,0.0576021544404857,227.81087814405376,101.44648108646751,0.0029139486762536156,1.0923124566428624e-06
0.06,3.825467905553553,9.729875260332737,76.63302008138719,90.18836324727349,0.0011885183315604,2.509316063551187,76.02912720293298,4.000088952883141,3.2204702438984074,0.4280832467013437,0.1757258966252193,3.30809890821802e-08,8.370211394072048e-05,1.5402019420046271,3.0660487748195604,15.30085529628352,1.6855287352087107,21.592634748316417,1829.2085434049145,4652.495169709011,36643.30181316992,0.695065709751445,1467.490659915106,44463.12510107028,2339.319969473372,1883.3857050144493,250.35035455490404,102.7674894161281,1.934632436463608e-05,0.0489504180869607,0.042416424556515,0.1078839321394036,0.8496996433040813,1.3761719900664948e-05,0.0290550880805433,0.8803327008722168,0.0463165794633097,0.037289462238892,0.0049567276993836,0.0020347103653624,3.830410467360536e-10,9.691773501157055e-07,331.8744633972361,330.2807496664765,0.4914612749436327,-0.4914612749436327,2.7834564105284025e-05,73.32851326247862,6089.391798381152,7895.350862028636,1805.9590636474843,106.96993153977442,2598.2565940323743,11.569706451369921,4487406.310562202,95.1396126043245,41,0.05,baseline,0.0032976206168433,2.898466401444453e-09,1.585374055507914e-09,3.946587379026835e-10,3.1295706754290025e-05,384.3612886760777,0.0395419498251262,0.0572743580619496,227.94131553326324,101.95977181736328,0.0029774614167816945,1.1006329372553997e-06
0.07,3.796377850877679,9.729875260332737,76.79345692674379,90.3197100379542,0.0011959286313606,2.558358839327833,76.2072109156395,3.962495017388919,3.209021403615984,0.4189328488916191,0.1672276697387154,3.353504250479941e-08,8.545893892736032e-05,1.5111118873287532,3.2264856201761534,15.30085529628352,1.6855287352087107,21.723981538997133,1812.6134792623216,4645.613197944127,36665.70099506444,0.6970598141063706,1491.1668557765774,44418.18924761667,2309.5826688888624,1870.4125015578404,244.17949877092656,97.470438724163,1.9546258766168224e-05,0.0498106580278611,0.042032662076554,0.1077270427046769,0.850240295218769,1.3821845173906706e-05,0.0295680183994367,0.8807584690173494,0.045796204887589,0.0370879965889511,0.004841781377084,0.0019327198122951,3.8757845012403324e-10,9.87684542041968e-07,332.673552415238,331.2861935860781,0.4786709347448396,-0.4786709347448396,2.7991515477750888e-05,73.36686616560058,5868.071993692387,7702.092072878395,1834.0200791860077,108.8307564444288,2631.0799189266386,13.239904367745158,4487406.346640252,96.00499066464026,41,0.05,baseline,0.0031975586857781,2.947022710805892e-09,1.611666721363894e-09,4.06193107470326e-10,3.173103588032083e-05,392.5404058861713,0.039720549075816,0.0569769872638237,228.0605353401731,102.42061536218446,0.003046337803469566,1.1118383642404673e-06
0.08,3.7679888099071785,9.729875260332737,76.94312303557695,90.44098710581686,0.0011982523011475,2.6062236293685634,76.37329691023557,3.926599957962986,3.197051673001185,0.4100166572106937,0.1597222273941484,3.3886866283785096e-08,8.720684967708956e-05,1.482722846358253,3.3761517290093157,15.30085529628352,1.6855287352087107,21.8452586068598,1796.621090087264,4639.3182088730055,36687.38007380178,0.6962145673619107,1514.28113664503,44374.79637255064,2281.452819509242,1857.5670125736929,238.2299364981324,92.80261038247362,1.9689117163741115e-05,0.0506693615866915,0.041662402528829,0.1075825858573246,0.8507550116138463,1.382478694776291e-05,0.0300691985984421,0.8811537914603501,0.0453029865212409,0.0368858530026625,0.0047305504237657,0.0018427886701586,3.9096833467543234e-10,1.0061454637030575e-06,333.39828056023634,332.1686753726463,0.4679573854582746,-0.4679573854582746,2.8135277245861093e-05,73.40227630513881,5664.882511076532,7517.795682868049,1852.9131717915172,110.8907138781138,2661.4110917163907,14.869853764717089,4487406.357877097,97.09581687916214,41,0.05,baseline,0.003107984832391,2.991572544264334e-09,1.6357884892999243e-09,4.1706915016019855e-10,3.2132599315118e-05,400.3524453949181,0.039999510029657,0.056703859395281,228.17060758124893,102.84000346798,0.0031199409789521887,1.1253973043830012e-06
0.09,3.740190250860936,9.729875260332737,77.0838278169007,90.55389332809436,0.0011964452957116,2.6531319128048736,76.52939463169164,3.8920937432295752,3.184649604298286,0.4013331792370616,0.1530110220298771,3.4153820246450163e-08,8.894978829389704e-05,1.4549242873120103,3.51685651033306,15.30085529628352,1.6855287352087107,21.9581648291373,1781.133472323436,4633.509352557984,36708.44975543545,0.6930879460739314,1536.9309024825957,44332.658692942656,2254.6482217707344,1844.833408697904,232.48801251986265,88.63764633909436,1.978494228698592e-05,0.0515276597210903,0.0413034725885225,0.1074484475789407,0.8512480798325368,1.3781566324351302e-05,0.0305607899956892,0.8815237367386651,0.0448320940833381,0.0366832147685875,0.00462286060854,0.0017624972541743,3.9340966163978535e-10,1.0245912715802183e-06,334.06189179465326,332.9560877655803,0.4588752003447197,-0.4588752003447197,2.826817447770999e-05,73.4352328238505,5476.817490658237,7341.003899971412,1864.1864093131755,113.12465612674302,2689.682340997348,16.465900795724387,4487406.336314878,98.37584776231247,41,0.05,baseline,0.0030268783667343,3.0327954022415076e-09,1.6581077182894339e-09,4.273999579819823e-10,3.250622576435672e-05,407.86176697061256,0.0403612008400215,0.0564505526659892,228.2730527542971,103.22557523431864,0.0031978275171217164,1.1409374674756228e-06
0.1,3.71289810899154,9.729875260332737,77.21688189456846,90.65965526389272,0.0011912054326115,2.699247172770157,76.67696223993438,3.8587501133986666,3.1718779741639125,0.3928763761661119,0.146952553231708,3.43483401400879e-08,9.06909535653434e-05,1.4276321454426144,3.649910588000816,15.30085529628352,1.6855287352087107,22.06392676493566,1766.0778262793335,4628.11433153084,36728.99684431879,0.688086202910968,1559.1892775016029,44291.57083573284,2228.962898271639,1832.199057852268,226.94054819486095,84.88546273634387,1.984092608734327e-05,0.0523865927477697,0.0409542491440543,0.1073231001376626,0.851722650718283,1.370021323187521e-05,0.0310444032742643,0.8818720129209742,0.0443800018995748,0.0364801934258008,0.0045185238245948,0.0016901209977099,3.9504486060687646e-10,1.0430488042044325e-06,334.6737785027796,333.6668688854987,0.451115133834014,-0.451115133834014,2.839186379135728e-05,73.466086429578,5301.651559760728,7170.632925826927,1868.9813660662,115.51692105490616,2716.20235685503,18.032872016355583,4487406.373949544,99.82151508677175,41,0.05,baseline,0.002952792742448,3.071171800024081e-09,1.6788848823041115e-09,4.3726503917435325e-10,3.2856049974165294e-05,415.1137831842522,0.0407939169521662,0.056213898035081,228.36896103288572,103.5826816253573,0.0032797406881878675,1.1582153336218433e-06
0.11,3.686036447540479,9.729875260332737,77.34347564449997,90.75938735237318,0.0011831847346423,2.7447162106700973,76.81731192634355,3.826377037445181,3.1587820122174546,0.384639874627682,0.1414313759637496,3.4482259482608394e-08,9.243315480455936e-05,1.4007704839915525,3.7765043379323378,15.30085529628352,1.6855287352087107,22.16365885341612,1751.3888851562308,4623.067521829274,36749.094999729066,0.6815848131082504,1581.1198629520788,44251.34271920765,2204.2208639017235,1819.6464038201648,221.5754559589781,81.4728884944841,1.9863833344762848e-05,0.0532469974450045,0.0406132804007308,0.1072051668061234,0.8521815527931458,1.3588183353635297e-05,0.0315214573280924,0.8822018139914879,0.0439436980909492,0.0362767604241858,0.004417363568454,0.0016242564768495,3.9600854421007203e-10,1.061540618861118e-06,335.2424068172859,334.3170332266907,0.4443994324340914,-0.4443994324340914,2.850783464161468e-05,73.49515756256815,5137.337526346829,7005.731223283628,1868.3936969368,118.05170748990884,2741.249014068127,19.575127315832543,4487406.352271685,101.41051202597914,41,0.05,baseline,0.0028845293176265,3.1071520530196723e-09,1.6983640309698543e-09,4.4674162743731637e-10,3.31858945295577e-05,422.15148480738094,0.0412869155733931,0.055991152792614,228.4593285039144,103.91613466952477,0.0033653985562825867,1.1770005620285963e-06
0.12,3.659552567625109,9.729875260332737,77.46443305411121,90.85386088206906,0.0011728384749091,2.789638073655503,76.95135676177418,3.7948395368601946,3.145397649817037,0.3766164154998708,0.136365663833292,3.4563587337391614e-08,9.417844029101731e-05,1.374286604076183,3.897461747543584,15.30085529628352,1.6855287352087107,22.258132383111995,1737.0211696386489,4618.323959781055,36768.80100027336,0.6738459598534038,1602.7666090436485,44211.85181802465,2180.2979224427127,1807.1657298127616,216.38226868258783,78.34791712807049,1.985826197179163e-05,0.0541095494844805,0.0402795492904293,0.1070936905252974,0.8526267601842732,1.3450679546710035e-05,0.031992920238185,0.8825154210322083,0.0435210573608167,0.0360729433249046,0.0043192194196323,0.0015639074643574,3.963919561012089e-10,1.0800839567116109e-06,335.7734790144369,334.91596664278205,0.4385433450335112,-0.4385433450335112,2.8617098204278088e-05,73.5226638822747,4982.433261611095,6845.624526627663,1863.1912650165675,120.72022465817136,2765.01066419083,21.095692386783316,4487406.3639885,103.12947836752176,41,0.05,baseline,0.0028212399339886,3.1410333551799726e-09,1.7167062292472912e-09,4.558792571161019e-10,3.34983030940392e-05,429.0024474141804,0.0418335005265586,0.0557804195408662,228.54483176070272,104.2290955101166,0.003454662524285403,1.1971533927972465e-06
0.13,3.6333980769878367,9.729875260332737,77.5804937760041,90.94376711332468,0.0011605804469686,2.834102946053436,77.07991194686691,3.764020683891733,3.1317516303875648,0.3687985729184408,0.1316872932481131,3.4599749105501145e-08,9.592868924930546e-05,1.3481321134389106,4.01352246943648,15.30085529628352,1.6855287352087107,22.34803861436762,1722.9336331852523,4613.843288710614,36788.16335935548,0.6651058687919107,1624.168757197324,44172.98424743304,2157.086355925968,1794.7453745321218,211.35122161571508,75.46740237905061,1.982843692473317e-05,0.0549748484664519,0.0399521395728007,0.106987818617722,0.8530600418094773,1.3292407681531663e-05,0.0324596643591307,0.8828148159228775,0.0431102364189305,0.0358687065055624,0.0042239389750217,0.0015082463201093,3.9627926869722265e-10,1.0986944069127316e-06,336.2721173787627,335.47225835068105,0.4333812234740464,-0.4333812234740464,2.8720560085126155e-05,73.54880256974315,4835.628983288593,6689.715710024789,1854.0867267361955,123.5140206399288,2787.656542715423,22.597345658080094,4487406.367727435,104.9660696369153,41,0.05,baseline,0.00276220950754,3.1730905838210102e-09,1.734060427577441e-09,4.647251182878841e-10,3.3795605221908896e-05,435.6925823281208,0.0424276138934193,0.0555800421062471,228.6260837395413,104.5244224144667,0.003547391851144587,1.2185448340944821e-06
0.14,3.6075354387561394,9.729875260332737,77.6922508294084,91.02966152849729,0.0011467483627279,2.878179774634821,77.20363073027266,3.733829174802123,3.117866310895792,0.3611795458585465,0.1273428336519606,3.459677799535876e-08,9.768534064025076e-05,1.3222694752072135,4.125279522840758,15.30085529628352,1.6855287352087107,22.4339330295402,1709.0939425114575,4609.593211525168,36807.22130851907,0.6555564893542754,1645.3561130897222,44134.65305199454,2134.501365111184,1782.3766394438574,206.47388983084943,72.79750613701852,1.9777784789379235e-05,0.0558433402243198,0.0396303290398018,0.1068868662912335,0.8534828046689645,1.3117197806669753e-05,0.0329223521516352,0.883101584093834,0.0427097848613302,0.0356640309801547,0.00413138897838,0.0014566239574138,3.957387646571388e-10,1.117383706519453e-06,336.742378802554,335.99211914207507,0.4287813010609352,-0.4287813010609352,2.881893915466559e-05,73.57373087125318,4695.8631413722205,6537.531563618075,1841.668422245854,126.42655443465908,2809.3207101952444,24.082242299486957,4487406.360818834,106.91070383842266,41,0.05,baseline,0.0027068747842455,3.203542114338611e-09,1.750544951260567e-09,4.733164947387035e-10,3.40796482388981e-05,442.242018498138,0.0430645226031053,0.0553887140510063,228.70357323970163,104.80434769577312,0.003643479179786457,1.2410738566236126e-06
0.15,3.5819353751956764,9.729875260332737,77.80016527690006,91.11197591242848,0.0011316107096859,2.92192102929346,77.32302277605581,3.704193483361887,3.1037607476773874,0.3537527129164581,0.1232903038947743,3.4559427299206195e-08,9.944953791965306e-05,1.2966694116467503,4.233193970332423,15.30085529628352,1.6855287352087107,22.5162474134714,1695.4767876795638,4605.548655385947,36826.00619153037,0.645349873173713,1666.3516433150544,44096.79275285688,2112.476290863188,1770.0535950485937,201.74276052834944,70.31161980087727,1.9709005785821865e-05,0.0567153934955622,0.0393135516964139,0.1067903002091023,0.8538961480944837,1.2928088153241336e-05,0.033381490931628,0.8833769830627881,0.0423185636894985,0.0354589190514806,0.0040414483690255,0.0014085302512149,3.948242260570841e-10,1.1361613866142843e-06,337.1874070250836,336.4802618404926,0.4246413917691958,-0.4246413917691958,2.891279340017265e-05,73.59757103266439,4562.2882241710695,6388.697602823872,1826.4093786528028,129.4533564165084,2830.107286875032,25.552063284499415,4487406.372967441,108.95650187268905,41,0.05,baseline,0.0026547925316663,3.232556140554357e-09,1.766250934243342e-09,4.816816637739765e-10,3.4351856793298944e-05,448.6659048948404,0.0437407345275865,0.0552054135010699,228.77768026182477,105.07059565479574,0.0037428581490294224,1.2646668205679069e-06
0.16,3.556571408654009,9.729875260332737,77.9046635991178,91.19111026810454,0.0011154153028055,2.9653740224255145,77.43855685848256,3.6750507284893,3.0894505094179205,0.346511936585728,0.1194935473503998,3.449219805380388e-08,0.0001012222770493,1.271305445105083,4.337692292550151,15.30085529628352,1.6855287352087107,22.595381769147465,1682.0592015984066,4601.68638037868,36844.54526499075,0.6346252696938098,1687.175426042007,44059.34265685713,2090.952180626877,1757.769826013172,197.1509899987166,67.9868964709141,1.96246370631358e-05,0.0575912977972427,0.039001295172277,0.1066976290970316,0.8543010757306914,1.2727871002225657e-05,0.0338375293362467,0.8836421374300117,0.0419355655971303,0.0352533513326604,0.0039540063853357,0.0013635266186941,3.935863586484687e-10,1.1550353322169614e-06,337.610107066746,336.94094510670374,0.4208658800407108,-0.4208658800407108,2.900263693643252e-05,73.62043680170673,4434.125483041285,6242.878757344501,1808.7532743032148,132.58968019218122,2850.1122799221203,27.008328820639438,4487406.365453982,111.0966150091505,41,0.05,baseline,0.00260557667827,3.2602921487832392e-09,1.7812647827383182e-09,4.898481094669018e-10,3.461356906162082e-05,454.9786881750675,0.0444528759377286,0.0550292245985858,228.84875839015845,105.32475757899816,0.0038454503561315308,1.28925062160222e-06
0.17,3.531425456049766,9.729875260332737,78.00606159316322,91.26736230954572,0.0010983549049829,3.008569861882917,77.55058234481189,3.6463545073444608,3.0749508911053574,0.3394517736652884,0.1159244363861568,3.439852843364406e-08,0.0001030042000289,1.2461594925008403,4.439090286595595,15.30085529628352,1.6855287352087107,22.671633810588663,1668.8246571578154,4597.989097489324,36862.85909601473,0.6234907146768474,1707.8408489191768,44022.26255867955,2069.8848500017907,1745.5226175015518,192.6927516786404,65.80551455910178,1.95266238441005e-05,0.0584712300180873,0.03869319071666,0.106608485378733,0.854698323904607,1.2518714615444755e-05,0.0342907627859369,0.883897913353725,0.0415600378867475,0.0350473535353797,0.003868967909137,0.0013212714119004,3.9206394827247657e-10,1.174010493788743e-06,338.0126324134357,337.37715314897343,0.4173826798026856,-0.4173826798026856,2.908885155666761e-05,73.64241241182984,4310.776245623849,6099.824675734446,1789.048430110597,135.83240500537096,2869.406693631121,28.45207714331649,4487406.36954517,113.3263312353394,41,0.05,baseline,0.0025589281081032,3.286866060617965e-09,1.7956493021213641e-09,4.978349394906859e-10,3.4865759993422035e-05,461.19014406627,0.0451985351405149,0.0548594563167018,228.9170694639583,105.56800067723256,0.00395120866578639,1.3147734792812627e-06
0.18,3.506481244624274,9.729875260332737,78.1046473846046,91.34100388956162,0.0010806043399639,3.051536245047259,77.65941699331998,3.6180639364276574,3.0602750788578192,0.3325670268848018,0.1125585345534654,3.428161686136023e-08,0.0001047958597217,1.2212152810753478,4.537676078036967,15.30085529628352,1.6855287352087107,22.745275390604544,1655.758241600529,4594.4409874541525,36880.96544438223,0.6120434706736232,1728.3595532916604,43985.51565013005,2049.235161173033,1733.3091412002505,188.36263175935173,63.752026152643225,1.941676429397902e-05,0.0593553249087099,0.0383889063543015,0.106522534743508,0.8550885589021903,1.2302577770127489e-05,0.0347414503020689,0.8841450860496952,0.0411913142572431,0.0348409410949508,0.0037862440124633,0.0012814682246064,3.9029295175390245e-10,1.1930909089788915e-06,338.39695575712415,337.7916538762993,0.4141248719091612,-0.4141248719091612,2.9171785791608637e-05,73.6635753913552,4191.696002585944,5959.311506910472,1767.6155043245287,139.17835391663584,2888.055487919947,29.884242548733674,4487406.3706896445,115.64107716803728,41,0.05,baseline,0.0025145846173448,3.312386142804829e-09,1.8094631461967878e-09,5.056603229214755e-10,3.510933335033812e-05,467.30943873802255,0.0459754221802033,0.054695489748437,228.98285447962263,105.8013972959271,0.004060081127284796,1.3411851675196632e-06
0.19,3.4817270154054665,9.729875260332737,78.20065955330911,91.41226182904732,0.0010623132624728,3.09429243261135,77.76532427579095,3.590146771655806,3.0454360560655798,0.325853140020211,0.1093755060687542,3.4144219795265984e-08,0.0001065975767267,1.196461051856541,4.633688246741473,15.30085529628352,1.6855287352087107,22.81653333009024,1642.848305727499,4591.028824388186,36898.87819621769,0.6003663640910475,1748.7394376277166,43949.07475704139,2028.9715284498768,1721.1282553280928,184.15590938419285,61.81356970566076,1.929660658240385e-05,0.0602436228757759,0.0380881836390477,0.1064394980022357,0.8554723183587165,1.2081132348093536e-05,0.0351897672020599,0.8843843034410115,0.040828858896564,0.0346341492201063,0.0037057570960397,0.0012438703451563,3.883043287144575e-10,1.2122784096887034e-06,338.7647220222247,338.1866485053255,0.4110351432859566,-0.4110351432859566,2.925172964363535e-05,73.68399038241358,4076.426903494849,5821.159085052437,1744.7321815575883,142.6246486593383,2906.1124771690143,31.30550017521093,4487406.368064598,118.0368694850207,41,0.05,baseline,0.0024723277230591,3.336942577623892e-09,1.822755170162775e-09,5.133390313372225e-10,3.534503821817206e-05,473.3437337184531,0.0467815501215398,0.0545368130371186,229.0463143768906,106.0258340765178,0.004172017663101444,1.3684412564654586e-06
0.2,3.457154744286705,9.729875260332737,78.29428929171544,91.48131929633487,0.0010436070242204,3.1368505669429747,77.86851642470269,3.562577979720694,3.030446713669067,0.3193059566410681,0.106358466954764,3.3988655537973885e-08,0.0001084094896867,1.1718887807377796,4.727317985147799,15.30085529628352,1.6855287352087107,22.885590797377805,1630.086015820589,4587.741877553564,36916.60788512649,0.5885283937960785,1768.9854350303156,43912.92108535501,2009.0687850098675,1708.9803877206882,180.06837576803815,59.97945229456352,1.9167453252812637e-05,0.0611360994673557,0.0377908273610261,0.1063591488969983,0.8558500237419754,1.1855774567823496e-05,0.0356358210624405,0.8846161009233895,0.0404722471462969,0.0344270326312726,0.0036274376774414,0.0012082728252398,3.8612411431653166e-10,1.2315732271910531e-06,339.1172701754293,338.5639296631129,0.4080655494691686,-0.4080655494691686,2.9328918364602942e-05,73.70370986504038,3964.5902905502094,5685.224375530177,1720.6340849799667,146.1688733842562,2923.621193332188,32.71631072474216,4487406.372708799,120.51043059391742,41,0.05,baseline,0.0024319762750633,3.360608067518238e-09,1.8355647601343882e-09,5.208824781304346e-10,3.557347636885145e-05,479.2983113313397,0.0476152669099628,0.0543830086151213,229.10761228968883,106.24203048342392,0.004286974954932834,1.3965042761110788e-06
0.21,3.432757742738513,9.729875260332737,78.38571479499913,91.54834779807038,0.0010246010995069,3.179220381542938,77.9691905144595,3.5353357522955746,3.015319126494222,0.3129216023194573,0.1034924128279747,3.3817129775906203e-08,0.0001102316430757,1.1474917791895876,4.8187434884314975,15.30085529628352,1.6855287352087107,22.952619299113312,1617.4635331295187,4584.570073078438,36934.16334648112,0.5765926393831857,1789.101213981428,43877.03797207955,1989.5045725626217,1696.86604334553,176.0961340839949,58.24019074089344,1.903053600394897e-05,0.062032681845825,0.0374966651534793,0.106281276444159,0.8562220584023617,1.1627785560091491e-05,0.0360796927337294,0.8848409669209708,0.0401211027690657,0.0342196433470429,0.0035512213393501,0.0011744937459458,3.837769971955214e-10,1.250974558038503e-06,339.455856161373,338.9251538624237,0.4051702765229453,-0.4051702765229453,2.940357166102352e-05,73.72278326253235,3855.838829378433,5551.37999282706,1695.5411634486277,149.8083044174137,2940.6222827652555,34.11705821750601,4487406.36961088,123.05831504113384,41,0.05,baseline,0.0023933679816781,3.3834521300841356e-09,1.847929574249073e-09,5.28301724605313e-10,3.5795218006044165e-05,485.1781689509055,0.0484748970058517,0.054233695809136,229.1669018500873,106.4506601087466,0.004404899214353849,1.425335107872295e-06
0.22,3.408533486127563,9.729875260332737,78.47507090923337,91.61347965569368,0.0010053911408587,3.2214037924196552,78.06749704233395,3.5084051426184804,3.000066325294598,0.3066967522991655,0.100765017403893,3.36314710646143e-08,0.0001120638484022,1.123267522578637,4.908099602665741,15.30085529628352,1.6855287352087107,23.017751156736605,1604.975882479249,4581.505564173623,36951.55018948077,0.564611067665604,1809.0871907490784,43841.417597340944,1970.2624111899772,1684.7877230601723,172.2358331278961,56.58797034074004,1.8886878960101515e-05,0.0629332073077996,0.0372055891658922,0.1062057166358055,0.8565886941983023,1.1398223397244603e-05,0.0365213881309607,0.8850592920405577,0.0397751521357668,0.0340120623631636,0.0034770528164088,0.0011423834290163,3.8128346749209597e-10,1.2704794451961589e-06,339.7814624167321,339.271583249787,0.4023118210721088,-0.4023118210721088,2.9475860216935747e-05,73.74124889637542,3749.8959860790974,5419.533917496714,1669.6379314176168,153.54051123907743,2957.147011518511,35.5078876046678,4487406.371306105,125.6776222391599,41,0.05,baseline,0.0023563704642123,3.405527925385725e-09,1.8598784107056042e-09,5.356044454902307e-10,3.6010695987767685e-05,490.9863702518878,0.049359027583383,0.0540885761215039,229.22430218023285,106.65224415256148,0.004525738646919898,1.4548997974916732e-06
0.23,3.384480428347159,9.729875260332737,78.56248099361362,91.67683668229353,0.0009860639314555,3.263400879501268,78.16357355320876,3.4817735178154208,2.984700863016047,0.3006282204303648,0.098165280980076,3.3433395797765245e-08,0.0001139058422531,1.0992144647982331,4.99550968704599,15.30085529628352,1.6855287352087107,23.08110818333645,1592.6188467257457,4578.541091893412,36968.77276287448,0.5526304352946112,1828.942922511576,43806.05384595032,1951.3278534661476,1672.7480688984938,168.48431325648056,55.01582628497312,1.8737438297557845e-05,0.0638374786653215,0.036917508836786,0.1061323188326366,0.8569501723305774,1.1168043994782242e-05,0.036960894149208,0.8852714315825949,0.0394341569409513,0.0338043705748603,0.0034048798305434,0.0011118084150257,3.786627045705245e-10,1.2900841588107806e-06,340.0950003201005,339.60440141992035,0.3994548578808171,-0.3994548578808171,2.954594146297801e-05,73.75914241635357,3646.5114070750014,5289.605610430214,1643.094203355212,157.3628560136749,2973.224235250936,36.88888765554093,4487406.371723322,128.36536316868649,41,0.05,baseline,0.0023208648969958,3.426885445600746e-09,1.871438350354676e-09,5.427978524388657e-10,3.622031377823625e-05,496.725696615238,0.0502662444538821,0.0539473790416414,229.27992409729995,106.8472662584817,0.0046494337322270755,1.4851635161981437e-06
0.24,3.360599440437614,9.729875260332737,78.64804746992553,91.73852217069587,0.0009666957512845,3.305207244258313,78.25753477331068,3.455432177851989,2.9692358382224326,0.2947131972900669,0.0956837091844458,3.32244467052084e-08,0.0001157571950445,1.0753334768886884,5.081076163357895,15.30085529628352,1.6855287352087107,23.14279367173881,1580.3897894034565,4575.670438008753,36985.833444584256,0.5406915370262171,1848.66601794158,43770.94520611984,1932.689714266401,1660.7507450286528,164.8387627781925,53.51773990788984,1.858307242171517e-05,0.064745226848564,0.0366323694879738,0.1060609548759524,0.8573066756360738,1.0938084395038586e-05,0.0373981531756515,0.8854776890875098,0.0390979361732526,0.0335966638356424,0.0033346560383729,0.0010826534459255,3.7593193262423626e-10,1.3097833181198331e-06,340.3972529460445,339.92459408906933,0.396567970726174,-0.396567970726174,2.9613949458704823e-05,73.77649429777507,3545.473148571732,5161.534353049962,1616.06120447823,161.27254519724633,2988.878304562533,38.260008359572595,4487406.370561107,131.11857575691027,41,0.05,baseline,0.0022867489122885,3.447567409747774e-09,1.8826325339745127e-09,5.49887653196533e-10,3.642441183469185e-05,502.3980265505597,0.0511951817194863,0.0538098766436145,229.33386233363152,107.03613770814096,0.004775917002547943,1.5160915239700764e-06
0.25,3.336893483015545,9.729875260332737,78.73185192288629,91.79862066623456,0.0009473523534291,3.346814542545561,78.34947301189433,3.429375847833994,2.95368486995318,0.2889491278692616,0.0933121328418966,3.300598487997436e-08,0.0001176173337435,1.051627519466619,5.1648806163186505,15.30085529628352,1.6855287352087107,23.202892167277497,1568.2874866580923,4572.8884350645285,37002.732871322296,0.5288292352279841,1868.252470770476,43736.094330074055,1914.3396861313345,1648.8003700289523,161.29663451806675,52.08852194186471,1.8424538323932423e-05,0.065656125123902,0.0363501483878278,0.1059915191504787,0.8576583324616934,1.0709062985062558e-05,0.03783306982424,0.8856783205253013,0.0387663595503513,0.0333890523371355,0.003266339497263,0.0010548192594415,3.7310634177898456e-10,1.32957017590734e-06,340.68887700824257,340.2329936648817,0.3936238928955718,-0.3936238928955718,2.9679995263332847e-05,73.79332989900769,3446.6054935290995,5035.276846168406,1588.6713526393069,165.26673156237044,3004.1292099791217,39.62107973373051,4487406.372625549,133.9344124295731,41,0.05,baseline,0.0022539348410106,3.467609119939105e-09,1.8934800850310224e-09,5.568779969331335e-10,3.662326747083704e-05,508.00435567784,0.0521445520252638,0.0536758802416968,229.38619571558647,107.21920067516288,0.004905115809957656,1.5476500571184427e-06
0.26,3.313366276083195,9.729875260332737,78.81397006319038,91.85721159960632,0.0009280939574427,3.3882130131498083,78.43947383666264,3.403600773265793,2.9380614739171333,0.2833335698979172,0.0910431383131842,3.2779311418625734e-08,0.0001194856036851,1.028100312534269,5.246998756622751,15.30085529628352,1.6855287352087107,23.261483100649247,1556.3112238434028,4570.190197068291,37019.47082952724,0.5170751504064586,1887.6976186882057,43701.505011036046,1896.2707036787765,1636.901701973279,157.85551354503303,50.72346830754,1.826255547305609e-05,0.0665698079396564,0.0360708344873969,0.1059239126781248,0.8580052528344783,1.0481634563184855e-05,0.0382655337223819,0.8858735621443048,0.0384393187976841,0.033181647662728,0.0031998903940022,0.001028215837019,3.7020040995587264e-10,1.3494371160872648e-06,340.9704943768559,340.53037916977814,0.3905967174278472,-0.3905967174278472,2.9744183286036605e-05,73.80967331765788,3349.74949450384,4910.797157358289,1561.047662854449,169.3422301307177,3018.995713925437,40.97188819505423,4487406.371165025,136.80980552396463,41,0.05,baseline,0.0022223427089351,3.487044514469865e-09,1.9039993872702862e-09,5.637728295232644e-10,3.681714414974407e-05,513.5455413652928,0.053113011575957,0.0535452168491051,229.4369991504537,107.39677799887734,0.005036946331074259,1.5798031511886488e-06
0.27,3.2900239240281905,9.729875260332737,78.89445756431759,91.91435674867851,0.0009089720558226,3.429388425640096,78.52760136874639,3.378106684573611,2.922380150119027,0.277864397878911,0.0888704039744344,3.254556803409684e-08,0.0001213611723717,1.0047579604792647,5.327486257749954,15.30085529628352,1.6855287352087107,23.31862824972145,1544.4617903457804,4567.571820576783,37036.04532728045,0.50545605349073,1906.9949713053463,43667.18561223318,1878.4785100020997,1625.060669375576,154.51326700065127,49.41855294373327,1.809775589002124e-05,0.0674858361608679,0.0357944508388836,0.1058580574842854,0.8583474916768308,1.025635628625623e-05,0.0386953914721793,0.886063606448348,0.0381167556340496,0.0329745802761537,0.0031352737915941,0.0010027662793664,3.6722684614787036e-10,1.3693747956160751e-06,341.24260849581697,340.81737120563736,0.3874646051539151,-0.3874646051539151,2.9806596320382283e-05,73.82554376568172,3254.7797771845044,4788.07687222746,1533.297095042955,173.4957080680484,3033.492396527556,42.31208326171731,4487406.371967029,139.74173053150196,41,0.05,baseline,0.0021919050425811,3.5059002926900678e-09,1.9142049038575967e-09,5.705744571896007e-10,3.700624368994373e-05,519.0214930414216,0.0540992677270706,0.0534177496878901,229.486332358502,107.56912636803293,0.005171316533703211,1.6125150343690784e-06
0.28,3.2668731048208555,9.729875260332737,78.97336463166982,91.97011299682342,0.0008900330513206,3.470325430575896,78.61391365409662,3.3528944601201944,2.906655369636644,0.2725395246109475,0.0867881775219416,3.2305834533369253e-08,0.0001232431345539,0.9816071412719292,5.406393325102189,15.30085529628352,1.6855287352087107,23.374384497866348,1532.7403752210944,4565.029671758444,37052.45372383561,0.4939957794540426,1926.1375894891976,43633.14541394046,1860.9597809839631,1613.283330093534,151.26783740496288,48.17011383872786,1.7930734018859575e-05,0.0684037387443098,0.035521029586358,0.1057938817653599,0.858685088648282,1.0033727314305049e-05,0.0391224786659648,0.8862486303683655,0.0377986285751638,0.0327679824162919,0.0030724558692049,0.0009784006403678,3.641976372539183e-10,1.3893731290536663e-06,341.5056906777873,341.0945563911049,0.3842073353132414,-0.3842073353132414,2.986731109157217e-05,73.84095928449223,3161.585427176804,4667.10314123264,1505.517714055836,177.72354690797783,3047.632746416809,43.64128151979209,4487406.372138225,142.72699199974278,41,0.05,baseline,0.0021625602609276,3.5242016912983164e-09,1.9241103051682923e-09,5.772849207991978e-10,3.719075410632742e-05,524.4319814515383,0.0551019889727517,0.0532933546046545,229.53425142137348,107.73648537090716,0.005308124463798194,1.6457482464135544e-06
0.29,3.243921870850325,9.729875260332737,79.05073148485525,92.02452861603832,0.0008713179781468,3.5110060960422182,78.6984579250099,3.3279670087477102,2.890902155542805,0.2673570398476755,0.0847913574816969,3.2061108203540005e-08,0.0001251304549433,0.9586559073013996,5.483760178287624,15.30085529628352,1.6855287352087107,23.42880011708125,1521.1490068333192,4562.560591198074,37068.6923036511,0.4827151467300692,1945.1174718392865,43599.39610737294,1843.712769885792,1601.5763397457083,148.1173302470657,46.97489733342697,1.7762037440930056e-05,0.069322988200962,0.0352506219769428,0.1057313241008765,0.8590180539221806,9.814186440182486e-06,0.0395466055830272,0.8864287871961037,0.0374849245737937,0.0325619962475279,0.0030114055958547,0.0009550568354062,3.61123839149526e-10,1.4094207223525512e-06,341.760154685506,341.3624368093598,0.3808071249524226,-0.3808071249524226,2.9926393666472475e-05,73.85593559993745,3070.07529594262,4547.873052921319,1477.7977569786988,182.02182256553047,3061.428188009755,44.95902064345248,4487406.371554507,145.76224568936811,41,0.05,baseline,0.0021342540155933,3.541970639655778e-09,1.9337274700175067e-09,5.839054961932535e-10,3.7370834211716527e-05,529.7763301745478,0.0561198174696842,0.0531719269238528,229.58080522278772,107.89906200742628,0.005447256717984868,1.6794637500883485e-06
0.3,3.2211794469958503,9.729875260332737,79.1265882455189,92.07764295284748,0.0008528623830501,3.551410244192164,78.78127061869948,3.303329004551563,2.875136011589009,0.2623151432561643,0.0828754297676314,3.181229649540132e-08,0.0001270219834222,0.9359134834469246,5.559616938951286,15.30085529628352,1.6855287352087107,23.48191445389044,1509.6904570572233,4560.161912923201,37084.756419008045,0.4716319114444202,1963.9257576366977,43565.95153726185,1826.737119035064,1589.9468891555543,145.05997083874664,45.83001681150064,1.7592163169283725e-05,0.0702430099245596,0.034983296093335,0.1056703337347086,0.8593463701719564,9.59811097057908e-06,0.0399675613595476,0.8866042081692066,0.0371756557542453,0.0323567729603054,0.0029520939184017,0.0009326798642464,3.580154994054464e-10,1.4295050606279053e-06,342.006355679194,341.62144668593027,0.3772488686402487,-0.3772488686402487,2.9983899321712454e-05,73.87048608366568,2980.17702271951,4430.392375007579,1450.215352288069,186.38637766802637,3074.888100439681,46.2647709886579,4487406.372594627,148.84406275543068,41,0.05,baseline,0.0021069385719855,3.5592255792580782e-09,1.9430663881179096e-09,5.904366539946312e-10,3.754661274006963e-05,535.0534241480811,0.0571513924753041,0.0530533802541648,229.62603532844648,108.05703112193513,0.005588590382936777,1.7136215980751928e-06
0.31,3.198655471010118,9.729875260332737,79.20096221464304,92.1294929459859,0.0008346983268093,3.5915168856511417,78.86238498129308,3.2789858872925803,2.8593724873890145,0.2574120556202706,0.0810362296740263,3.1560268572896536e-08,0.0001289164955114,0.9133895074611922,5.633990908075415,15.30085529628352,1.6855287352087107,23.533764447028837,1498.367759000591,4557.831101633495,37100.64098487267,0.4607618335796367,1982.553279926385,43532.82609699714,1810.0330397042376,1578.4022416969908,142.09403196778717,44.73281013239104,1.7421584240501133e-05,0.0711631962622714,0.0347191259685477,0.10561086302773,0.8596700110037221,9.385838660299902e-06,0.0403851271193044,0.8867750156278696,0.0368708448538194,0.0321524651174545,0.0028944924719131,0.0009112190032377,3.5488221239553986e-10,1.449612858512714e-06,342.24463280204446,341.8719961295073,0.3735189075160665,-0.3735189075160665,3.0039880246994827e-05,73.8846235809467,2891.828063641243,4314.670424509442,1422.8423608681987,190.81270695384137,3088.021309868928,47.55797920634669,4487406.371807522,151.9687854493551,41,0.05,baseline,0.0020805697661004,3.575984350110405e-09,1.9521367229114492e-09,5.968787432792411e-10,3.771821199695346e-05,540.2620950614329,0.0581952931971656,0.0529376355408958,229.66998166780627,108.21055865760876,0.005731990866498312,1.7481796385816072e-06
0.32,3.176360804805022,9.729875260332737,79.2738710560864,92.18010712122415,0.0008168531731727,3.6313026959704353,78.94182400389795,3.254944820971825,2.843627743390474,0.2526461202369717,0.0792700880044035,3.130581176847821e-08,0.0001308126413836,0.8910948412560962,5.706899749518764,15.30085529628352,1.6855287352087107,23.58437862226709,1487.18469407596,4555.566086996664,37116.34002548392,0.4501180865494266,2000.989988008951,43500.03640353383,1793.602060636158,1566.9502436310124,139.21790592243207,43.68092272269538,1.725072822619018e-05,0.0720828880512094,0.0344582025775675,0.1055528743044003,0.859988923118032,9.177654988500703e-06,0.0407990620554052,0.8869413116884739,0.0365705386899067,0.0319492354338296,0.0028385749139127,0.0008906294821464,3.5173266014268296e-10,1.4697296040248688e-06,342.4752695534984,342.11442295058583,0.3696063728067273,-0.3696063728067273,3.009437843328079e-05,73.89835868034751,2804.983131663844,4200.72490352933,1395.7417718654856,195.29604754753973,3100.834677773433,48.83802166267508,4487406.372241044,155.1326571010337,41,0.05,baseline,0.0020551091602386,3.592261363862314e-09,1.9609462810564957e-09,6.032312794310395e-10,3.788572484510418e-05,545.4007197577084,0.059250091644506,0.0528246306494918,229.7126771553746,108.35977948305096,0.005877313161419659,1.7830946801563317e-06
0.33,3.154306583338278,9.729875260332737,79.34532979588943,92.22951163956044,0.0007993510780861,3.670743785229016,79.01960777732802,3.2312135213499498,2.8279179537537686,0.2480156673724114,0.0775736111340106,3.104967324811651e-08,0.0001327090054217,0.8690406197893532,5.778358489321781,15.30085529628352,1.6855287352087107,23.633783140603363,1476.1452318340646,4553.364928998118,37131.84725453892,0.4397120341044365,2019.225670332138,43467.59943464783,1777.4461172933804,1555.5987723225105,136.43000751459024,42.67217656881077,1.7079998209166845e-05,0.0730013986566118,0.0342006211164332,0.1054963328696544,0.8603030460139123,8.973809314920963e-06,0.04120912034227,0.8871031912928039,0.0362747918796987,0.031747247449752,0.0027843151365249,0.0008708699009365,3.4857505626478004e-10,1.4898401236645891e-06,342.6985339455031,342.3490489787428,0.3655020643175106,-0.3655020643175106,3.0147432956927333e-05,73.9117014583874,2719.605370013085,4088.5760434023623,1368.9706733892776,199.8313344792932,3113.334562647271,50.10425904694448,4487406.3723123185,158.3317339824252,41,0.05,baseline,0.0020305211646034,3.608070349928904e-09,1.969502499388344e-09,6.094936307255566e-10,3.8049237555729165e-05,550.4676293829071,0.0603143158791422,0.0527143094511669,229.75415311396105,108.50482027913426,0.006024401758907812,1.818321794309377e-06
0.34,3.132504532767985,9.729875260332737,79.41534891768778,92.2777287107885,0.0007822129318504,3.709815115137136,79.09575150378481,3.20780060438683,2.8122595408087685,0.2435190677673201,0.0759437112600494,3.079255085617808e-08,0.0001346040831924,0.847238569219059,5.848377611120153,15.30085529628352,1.6855287352087107,23.68200021183144,1465.2537059399665,4551.225907066257,37147.155923613216,0.4295532323875348,2037.2497172827195,43435.53314337964,1761.567806363534,1544.3559251945385,133.72880765342,41.70458621041469,1.6909768702541823e-05,0.0739180045145529,0.0339464849919063,0.105441208797277,0.8606123062108167,8.774514569055046e-06,0.041615045534038,0.8872607389377377,0.0359836714425425,0.0315466688263691,0.0027316879087029,0.0008519025622639,3.4541705346997156e-10,1.509928359573538e-06,342.914667228855,342.5761566000589,0.3611988665872005,-0.3611988665872005,3.0199077996868248e-05,73.9246609786322,2635.6683485380527,3978.2483156344856,1342.5799670964332,204.41320563728937,3125.5263978206613,51.35601810484041,4487406.371969681,161.5619079168269,41,0.05,baseline,0.0020067735642168,3.623423525866717e-09,1.9778119957093844e-09,6.156647945845895e-10,3.820882298448912e-05,555.460975279196,0.0613864604105786,0.0526066246741742,229.79443771761456,108.6457926924047,0.00617309034063037,1.8538145058907281e-06
0.35,3.110966804845216,9.729875260332737,79.48393429375282,92.32477635893078,0.0007654562649545,3.7484907915765047,79.17026549215682,3.184715395218667,2.7966690735375623,0.239154694185733,0.0743775808670147,3.0535087207016626e-08,0.0001364962964298,0.8257008412962905,5.916962987185195,15.30085529628352,1.6855287352087107,23.729047859973715,1454.5147390516938,4549.147536144325,37162.25893764623,0.4196493908161014,2055.051280112348,43403.85624318552,1745.9702620704834,1533.2299528490605,131.11280986355789,40.77634207236087,1.674038260788428e-05,0.0748319535262347,0.0336959040415188,0.1053874771654569,0.8609166187930243,8.579946324502034e-06,0.0420165739861396,0.8874140294084888,0.0356972545667442,0.0313476701895857,0.0026806684239342,0.0008336931589725,3.4226568028122475e-10,1.5299775447406414e-06,343.1238824723608,342.79599627825803,0.3566919028915413,-0.3566919028915413,3.0249342651670788e-05,73.93724524110324,2553.155395912726,3869.769557788669,1316.6141618759427,209.0360710024215,3137.414686377821,52.59260114673818,4487406.372581949,164.81896475579973,41,0.05,baseline,0.00198383726763,3.638331451442208e-09,1.985880489857909e-09,6.21743377628619e-10,3.836453983120124e-05,560.3787396196562,0.0624650073040562,0.052501537339992,229.83355583436125,108.78279315271024,0.006323203738311232,1.8895254096795144e-06
0.36,3.0897056714157998,9.729875260332737,79.55109066734305,92.37067159909158,0.0007490963412975,3.786744662863981,79.24315875527576,3.1619675204637314,2.781163077005023,0.234920906430467,0.0728725916493235,3.027789698472849e-08,0.0001383840074916,0.804439707866874,5.984119360775415,15.30085529628352,1.6855287352087107,23.77494310013452,1443.9330405624237,4547.128387963093,37177.14903721502,0.4100069598390635,2072.6194767129628,43372.58750058516,1730.6568176926814,1522.229058073308,128.58053275411427,39.88575048435038,1.6572165432721463e-05,0.0757424687240124,0.0334489900087094,0.1053351144025721,0.8612158955887184,8.390254836541962e-06,0.0424134399953305,0.8875631335452583,0.0354156225561146,0.0311504217436638,0.0026312320094488,0.0008162095859099,3.3912763634169234e-10,1.5499703097545473e-06,343.32638556365566,343.0088070874547,0.3519779085520018,-0.3519779085520018,3.0298254683039625e-05,73.94946206320043,2472.0554666787525,3763.168906759772,1291.1134400810197,213.69403407881236,3149.003715907187,53.81330358780434,4487406.372071227,168.09849342726295,41,0.05,baseline,0.0019616849804765,3.652804479828752e-09,1.993713589476433e-09,6.277279417667347e-10,3.851644435806665e-05,565.2189218049099,0.0635483917874278,0.0523990117898637,229.8715317645496,108.91591421945029,0.006474556268766005,1.9254053590730713e-06
0.37,3.068733615873128,9.729875260332737,79.61681898132538,92.41542785753124,0.0007331453543607,3.824550122429402,79.3144363019466,3.139567051218771,2.765758086684561,0.230816038635812,0.0714263451983947,3.0021539963191735e-08,0.0001402655231483,0.7834676523242021,6.049847674757758,15.30085529628352,1.6855287352087107,23.819699358574187,1433.513497066103,4545.1672436833605,37191.818805271374,0.4006307213380279,2089.943372386746,43341.74613419617,1715.6311568196977,1511.361492948546,126.13050809778817,39.03126171252016,1.6405411477536356e-05,0.0766487537342385,0.033205858448266,0.1052841012144901,0.8615100403372438,8.205556397108937e-06,0.0428053748639363,0.887708114508909,0.0351388634573616,0.030955094819961,0.0025833540526692,0.0007994225159836,3.360090026224484e-10,1.5698887729674191e-06,343.52235654251706,343.2147941996654,0.3470558971316795,-0.3470558971316795,3.034583738600687e-05,73.96131831636892,2392.3655700545523,3658.477623091164,1266.1120530366115,218.38103441977967,3160.296965764497,55.017408697256975,4487406.372353198,171.39602590985768,41,0.05,baseline,0.0019402919807399,3.6668514090554204e-09,2.0013160598199783e-09,6.33616698475858e-10,3.866458001876845e-05,569.9793913264549,0.064635053831075,0.0522990191903868,229.90838686803224,109.04523451498586,0.006626955358690603,1.9614048329936024e-06
0.38,3.0480631188310108,9.729875260332737,79.68111915643101,92.45905753559477,0.0007176134605488,3.861880542305138,79.38410199429389,3.1175242059249686,2.750470512102627,0.2268384020496456,0.0700365912181947,2.9766546548852632e-08,0.0001421391028533,0.7627971552820851,6.114147849863361,15.30085529628352,1.6855287352087107,23.86332903663768,1423.2610234655274,4543.262944805456,37206.26075648799,0.3915243463994342,2107.0121149096726,43311.35124479115,1700.897062571299,1500.635409929815,123.7612753707984,38.21142175869325,1.624039726511552e-05,0.0775499936970338,0.0329666254456203,0.1052344196412227,0.861798954913157,8.025944747666668e-06,0.0431921104586352,0.8878490322102228,0.0348670675813827,0.0307618593766873,0.0025370099386192,0.0007833044422023,3.3291551937614666e-10,1.5897145868913749e-06,343.71196801281417,343.41415533922043,0.3419265817162628,-0.3419265817162628,3.0392112740923767e-05,73.97282066867326,2314.087326417527,3555.72759170047,1241.640265282943,223.09076619573236,3171.2977154585888,56.20419990390319,4487406.372379817,174.70694627538904,41,0.05,baseline,0.0019196350386004,3.6804807603828653e-09,2.008692516031902e-09,6.39407809468857e-10,3.880898763459692e-05,574.6580456360914,0.0657234042012199,0.0522015333876291,229.94414187245457,109.17082894911192,0.006780199717679762,1.997473110200778e-06
0.39,3.0277065462438664,9.729875260332737,79.74398990783429,92.50157171441089,0.0007025085952837,3.8987094748096114,79.45215838628022,3.0958492369422124,2.7353165485809114,0.2229862632337949,0.0687012258338819,2.9513409624221264e-08,0.0001440029731521,0.7424405826949404,6.177018601266659,15.30085529628352,1.6855287352087107,23.905843215453828,1413.1805181487312,4541.414417780248,37220.46745811792,0.3826903057526378,2123.815040801121,43281.421735877135,1686.4583565287658,1490.0588168375998,121.4713696436943,37.42487038088372,1.607737731427311e-05,0.0784453630814537,0.0327314065061683,0.1051860533826682,0.8620825401111635,7.851489127297033e-06,0.0435733815322155,0.8879859433723178,0.034600326297483,0.0305708830967763,0.0024921748047932,0.0007678296483317,3.298524976487393e-10,1.6094291024947309e-06,343.89538126207145,343.6070700206175,0.3365925206077691,-0.3365925206077691,3.043710092548533e-05,73.983975452391,2237.226866367409,3454.950845798607,1217.7239794311974,227.81675853756389,3182.008953783915,57.37296721968923,4487406.372132062,178.02655873990292,41,0.05,baseline,0.0018996924336507,3.693700486133707e-09,2.015847264890852e-09,6.450993389156904e-10,3.894970346674767e-05,579.2527977256011,0.0668118483928205,0.0521065311769571,229.97881646166937,109.2927665401198,0.006934081672124755,2.0335589725505025e-06
0.4,3.007676009066962,9.729875260332737,79.80542865119007,92.54297992058976,0.0006878364098846,3.9350109121887473,79.51860666132148,3.074552281069228,2.720312067074758,0.2192578232739738,0.0674182823194863,2.926257957303208e-08,0.0001458553441024,0.722410045518036,6.238457344622447,15.30085529628352,1.6855287352087107,23.94725142163271,1403.2768021668703,4539.620690407376,37234.43162614429,0.3741298450090304,2140.341804431365,43251.97613561207,1672.3188128141674,1479.63951515973,119.25930971329429,36.67033491175008,1.5916581621579927e-05,0.0793340342246888,0.0325003151146399,0.1051389880537869,0.862360696831573,7.68223366329044e-06,0.0439489286414815,0.8881189017807808,0.0343387303925053,0.0303823302111074,0.0024488233054974,0.0007529740945857,3.2682476623820236e-10,1.6290135537057448e-06,344.07274453180355,343.79370332049047,0.3310581641561952,-0.3310581641561952,3.048082007546191e-05,73.99478859655692,2161.794328669992,3356.178924939333,1194.3845962693415,232.5524527132227,3192.4333548971817,58.52301529727117,4487406.372575486,181.35014910850916,41,0.05,baseline,0.0018804438696402,3.706517825728548e-09,2.0227842269054164e-09,6.506892403339173e-10,3.908675842895412e-05,583.7615841263647,0.0678988076962203,0.0520139920702605,230.0124290660516,109.41110989003238,0.007088389469259107,2.0696113407268793e-06
0.41,2.9879834740427818,9.729875260332737,79.86543277256533,92.58329150694084,0.0006736011819237,3.970759123466654,79.58344787887029,3.0536434342944805,2.7054727025716008,0.2156512742338605,0.06618589605544,2.9014485255171842e-08,0.0001476943926244,0.7027175104938557,6.298461465997699,15.30085529628352,1.6855287352087107,23.987563007983784,1393.554644154966,4537.88080619453,37248.146020388966,0.3658434840399126,2156.5822492525854,43223.03259736659,1658.4821746116888,1469.385128833875,117.12362688860814,35.94660974031188,1.5758227061095597e-05,0.0802151668091847,0.032273463444738,0.1050932096057883,0.8626333269494737,7.518207509292074e-06,0.0443184956629374,0.888247959645074,0.034082370421096,0.0301963620826323,0.0024069302026803,0.0007387150053866,3.2383690346370444e-10,1.6484488470433842e-06,344.2442035114452,343.97421523432183,0.3253294833683836,-0.3253294833683836,3.052328796634904e-05,74.00526601049863,2087.802498855168,3259.4431702880893,1171.6406714329212,237.2910879533017,3202.57356641918,59.653657069244545,4487406.372166817,184.67287918991465,41,0.05,baseline,0.0018618700221325,3.7189400408507443e-09,2.029507334433065e-09,6.561755032523434e-10,3.922018350078573e-05,588.1824181707461,0.0689826815283782,0.0519238967220877,230.04499805471653,109.52592048380066,0.007242904209446887,2.1055782529816346e-06
0.42,2.968640224491922,9.729875260332737,79.92399955912151,92.62251504394617,0.0006598049101538,4.005929617816465,79.64668302338967,3.033132211572709,2.6908134309435607,0.2121646862020278,0.0650023024361862,2.8769508640562185e-08,0.0001495183242561,0.683374260942996,6.357028252553879,15.30085529628352,1.6855287352087107,24.026786544989104,1384.0185262174932,4536.193879940604,37261.60387055819,0.3578305280492432,2172.5268915280003,43194.60829260342,1644.9518398661526,1459.3028576463223,115.06280194152512,35.25255397043791,1.5602503573624227e-05,0.0810879399323253,0.0320509567580129,0.1050487050121263,0.8629003382298608,7.359414812850987e-06,0.0446818405181684,0.8883731688206752,0.0338313307216523,0.0300131325450247,0.0023664691037765,0.0007250308387471,3.2089295606854643e-10,1.6677162497421191e-06,344.4098933276771,344.1487510700584,0.3194141818645991,-0.3194141818645991,3.056452109058311e-05,74.0154133558517,2015.2660658617872,3164.7723390751835,1149.5062732133963,242.02596651593188,3212.432095942372,60.764244706694626,4487406.372392557,187.9900013424817,41,0.05,baseline,0.0018439525190408,3.730973831403643e-09,2.0360202153411446e-09,6.615561023189423e-10,3.935000641107664e-05,592.5134179766101,0.0700619206080905,0.0518362266434118,230.07654102682983,109.63725510550393,0.007397407758044961,2.1414090500727414e-06
0.43,2.949657301203139,9.729875260332737,79.98112627319831,92.6606588347342,0.0006464484159571,4.040498381880004,79.70831296853315,3.013027976476005,2.6763489019767266,0.2087961239204687,0.0638658268899865,2.8528009155993613e-08,0.0001513253268456,0.6643913376542135,6.414154966630674,15.30085529628352,1.6855287352087107,24.06493033577712,1374.672835083402,4534.559049850892,37274.79852059231,0.350089678928721,2188.1665208043587,43166.719890229615,1631.7311186012746,1449.3996808809768,113.07533003488192,34.58708580378925,1.5449587808348573e-05,0.0819515274250164,0.0318328979989666,0.1050054616780412,0.863161640322992,7.205847072246507e-06,0.0450387265507939,0.888494579706896,0.0335856942131118,0.0298327916405603,0.0023274137597214,0.0007119011669793,3.1799671277618664e-10,1.6867968680731e-06,344.5699457112942,344.3174530710969,0.3133214043698358,-0.3133214043698358,3.060453548129499e-05,74.02523622471973,1944.20162453516,3072.194565531221,1127.9929409960614,246.7502671391094,3222.011412754968,61.85414430560912,4487406.372400669,191.29670197226295,41,0.05,baseline,0.0018266738509935,3.7426258342186635e-09,2.0423264631949267e-09,6.668290477314616e-10,3.947625457114699e-05,596.7527843233606,0.0711349726241914,0.0517509642461492,230.1070753654176,109.7451691883006,0.007551677305677889,2.1770527936380132e-06
0.44,2.9310450405380357,9.729875260332737,80.03681113285235,92.69773143372312,0.0006335309724414,4.074442723642421,79.76833955970407,2.993339458362855,2.66209307832746,0.2055435677705402,0.0627748634675974,2.8290313292841423e-08,0.0001531136199721,0.6457790769891093,6.469839826284721,15.30085529628352,1.6855287352087107,24.10200293476606,1365.521643258631,4532.975464529933,37287.72378033847,0.3426188307115151,2203.492587577424,43139.3829451197,1618.822930147644,1439.6821267110106,111.1596747644824,33.94916942491184,1.5299637243468575e-05,0.0828051219638148,0.0316193826451262,0.1049634668491255,0.8634171505057483,7.057478968701363e-06,0.0453889313737429,0.8886122435993243,0.0333455366707155,0.0296554813107554,0.0022897371553946,0.0006993064237701,3.1515158653219505e-10,1.7056721767065846e-06,344.7244891532154,344.4804560831378,0.3070616442426712,-0.3070616442426712,3.064334712365715e-05,74.03474022727706,1874.62614107084,2981.735187554117,1107.109046483277,251.4572136126156,3231.314064624377,62.922762406477496,4487406.372185883,194.58822766881545,41,0.05,baseline,0.0018100170675763,3.753902628755031e-09,2.0484296402446368e-09,6.719924553503284e-10,3.959895609200752e-05,600.8988739899621,0.0722003236858853,0.0516680914001516,230.1366185096784,109.8497173059948,0.007705490683478986,2.2124595811469884e-06
0.45,2.9128129765070594,9.729875260332737,80.09105309023035,92.73374132707012,0.000621050261748,4.107741459850046,79.82676540092338,2.974074654016868,2.648059146465821,0.2024049054221052,0.0617278743573906,2.8056710346468032e-08,0.0001548814708704,0.6275470129581334,6.524081783662719,15.30085529628352,1.6855287352087107,24.13801282811308,1356.5686702735716,4531.442303468915,37300.37399164288,0.335415054098526,2218.4972921518715,43112.61178780618,1606.2297569318778,1430.15623142623,109.31426405146452,33.33781433195681,1.5152788104780322e-05,0.0836479430579947,0.0314104977845509,0.1049227079711542,0.8636667942442948,6.914267966773593e-06,0.0457322489675547,0.8887262125116518,0.0331109257617588,0.0294813345364258,0.0022534114226741,0.0006872278954121,3.123605697477576e-10,1.724324195068787e-06,344.87364664462274,344.63788944220664,0.3006466983207497,-0.3006466983207497,3.068097160062719e-05,74.04393089596144,1806.556665592922,2893.416362662046,1086.8596970691242,256.1401554067345,3240.342625617114,63.96955161657173,4487406.372570047,197.8599474568301,41,0.05,baseline,0.0017939657936649,3.764810563772647e-09,2.054333183610283e-09,6.770445259832828e-10,3.971813868761328e-05,604.9501975578094,0.0732565184638864,0.0515875895038043,230.16518765716745,109.9509522539884,0.007858628833814255,2.2475811625513197e-06
0.46,2.8949702950485894,9.729875260332737,80.14385176057387,92.7686973159552,0.0006090032952376,4.140374117176831,79.88359367794152,2.955241279060167,2.6342598640957355,0.1993780396706952,0.0607233879869235,2.7827473400959282e-08,0.0001566271473623,0.609704331499663,6.576880454006236,15.30085529628352,1.6855287352087107,24.17296881699813,1347.8174835229677,4529.958739405282,37312.74368670557,0.3284751047735159,2233.173174228223,43086.42007069799,1593.953918412829,1420.8277551633228,107.53755026041068,32.752074393005515,1.5009167130033432e-05,0.0844792122514684,0.0312063269056025,0.1048831722536142,0.8639105008407831,6.776164611370369e-06,0.0460684807291581,0.888836537901431,0.0328819261403428,0.0293104792828329,0.0022184090418982,0.0006756476951392,3.096264699353742e-10,1.7427349596236476e-06,345.0175410064138,344.7898806257952,0.2940894445874409,-0.2940894445874409,3.07174246696456e-05,74.05281380639585,1740.010749629738,2807.259128235825,1067.2483786060868,260.7923862361094,3249.0997433183143,64.99398452763118,4487406.37219714,201.1072032527301,41,0.05,baseline,0.001778504239659,3.775356132786975e-09,2.060040608676509e-09,6.819835683127433e-10,3.983383165324815e-05,608.9053822657788,0.0743021086147216,0.0515094399340308,230.1928001396807,110.04892719304029,0.00801087047862481,2.282369424168536e-06
0.47,2.877524848522761,9.729875260332737,80.19520886223782,92.80260897109332,0.0005973853485218,4.172322723444521,79.93882980466597,2.9368457546564217,2.620706782231793,0.1964607108841653,0.0597599700582863,2.7602831688686035e-08,0.0001583490267223,0.592258884973835,6.628237555670179,15.30085529628352,1.6855287352087107,24.20688047213624,1339.271042071056,4528.523945090143,37324.82831457491,0.3217948363221381,2247.5139559349354,43060.81948013131,1581.996949308215,1411.7016966071733,105.8279090023347,32.19103018027564,1.4868876056746829e-05,0.0852982070316226,0.0310069391413238,0.1048448461547395,0.8641482147039365,6.643100597122143e-06,0.0463974545811708,0.8889432747599051,0.0326585876849628,0.0291430294248145,0.0021847008283931,0.000664548425502,3.069515985403481e-10,1.760887702678894e-06,345.15629198351223,344.93655208011506,0.2874037015902288,-0.2874037015902288,3.07527224918573e-05,74.06139462619015,1675.0037676003226,2723.278857158553,1048.2750895582303,265.4075307859764,3257.5882868078,65.99561029844278,4487406.3724027965,204.32560460183024,41,0.05,baseline,0.0017636167605753,3.785545761972574e-09,2.0655553940842675e-09,6.868080977380442e-10,3.994606626719897e-05,612.7633080781586,0.0753357496084826,0.0514336215740058,230.219473574955,110.1436953600722,0.008162004141510205,2.316779401425713e-06
0.48,2.86048408421673,9.729875260332737,80.24512664031992,92.8354859848694,0.0005861911751889,4.203570139829301,79.99247963432528,2.918894160571158,2.607410959932277,0.1936506836991935,0.0588362494100809,2.7382997518836992e-08,0.0001600455025236,0.5752181206678042,6.6781553337523,15.30085529628352,1.6855287352087107,24.23975748591233,1330.9321313962173,4527.137098894204,37336.62355363359,0.315369877073431,2261.513742236313,43035.82096906112,1570.3602025617822,1402.7827587965198,104.18374567599528,31.653804303582884,1.4732007111218904e-05,0.0861042141086174,0.0308123995244979,0.1048077161131955,0.8643798843623064,6.5150024314451975e-06,0.0467190071104529,0.8890464772809923,0.0324409567358667,0.028979093276625,0.0021522580491672,0.0006539134742863,3.043380776893642e-10,1.7787658399115397e-06,345.2900177757573,345.07802534627086,0.2806041645765851,-0.2806041645765851,3.078688118382585e-05,74.06967899273653,1611.5511568179877,2641.4896210550005,1029.9384642370128,269.9792399328788,3265.811160516136,66.97400134495322,4487406.372406231,207.51079226544,41,0.05,baseline,0.0017492882886366,3.795385908438358e-09,2.070881035153471e-09,6.915167290187724e-10,4.005487469432908e-05,616.522966710414,0.0763561210807614,0.0513601133383362,230.24522548679565,110.23530977052046,0.008311818781913151,2.3507668273712216e-06
0.49,2.8438543715869056,9.729875260332737,80.29360947870583,92.86733911062548,0.0005754145132411,4.234101295443816,80.04455121191432,2.901391532380692,2.594382432508228,0.1909456371483134,0.0579508874171264,2.7168153905672364e-08,0.0001617150580515,0.5585884080379799,6.7266381721381965,15.30085529628352,1.6855287352087107,24.271610611668404,1322.8030415597752,4525.797353393781,37348.125803283285,0.3091953529313486,2275.167577921793,43011.43383192463,1559.0444074714678,1394.0750074931502,102.60343163092055,31.139543190693026,1.459863583913053e-05,0.0868965646467879,0.0306227614446802,0.1047717674859006,0.8646054710694192,6.391785843247261e-06,0.0470329963814318,0.8891462024194887,0.0322290677340241,0.0288187672060452,0.0021210511592414,0.0006437266583875,3.0178769830345664e-10,1.7963537500496715e-06,345.4188370827348,345.2144198047523,0.2737061236398925,-0.2737061236398925,3.081991768063631e-05,74.07767271072446,1549.6660858681437,2561.9010289335856,1012.234943065442,274.5014241243263,3273.771528158093,67.9287919664809,4487406.372205855,210.65860750213025,41,0.05,baseline,0.0017355038721515,3.804883207920077e-09,2.076021123727768e-09,6.961083117826085e-10,4.0160292499055e-05,620.1835829460314,0.0773619808328876,0.0512888918185539,230.2700739190508,110.3238250223189,0.008460111294729173,2.38428988088056e-06
0.5,2.827640963226398,9.729875260332737,80.3406635075609,92.89817973112004,0.0005650480525813,4.263903265362805,80.09505437720767,2.8843418269125443,2.581630168057385,0.1883431646977366,0.0571025824187018,2.695845106592533e-08,0.0001633562784689,0.542374999677472,6.773692200993265,15.30085529628352,1.6855287352087107,24.30245123216297,1314.885557370122,4524.503860711693,37359.33220994527,0.3032658754005248,2288.471485718776,42987.66568611131,1548.0496660361543,1385.5818621082162,101.08530496977195,30.647419393316454,1.4468819465177455e-05,0.0876746403526788,0.0304380664014147,0.1047369850355993,0.8648249485629859,6.273355478534071e-06,0.0473393028920326,0.8892425093499021,0.0320229430384963,0.0286621353429037,0.0020910498119641,0.0006339722730098,2.99301883998368e-10,1.813636910709376e-06,345.54286633268987,345.3458534710901,0.2667253762024194,-0.2667253762024194,3.0851849256556185e-05,74.08538162929793,1489.3594322096624,2484.518132549457,995.1587003397944,278.9683240075588,3281.4727309015007,68.85968058675978,4487406.372563447,213.7651465741364,41,0.05,baseline,0.0017222487575785,3.814044266144327e-09,2.0809792352381953e-09,7.005818940919175e-10,4.026235715956822e-05,623.7445983364119,0.0783521815711352,0.0512199316345392,230.2940370537551,110.40929600483211,0.00860668867963533,2.417309694754983e-06
0.51,2.811848657922685,9.729875260332737,80.3862958395977,92.92801975785312,0.0005550843356818,4.292964075907091,80.14399985921538,2.867748596685124,2.569162587740519,0.1858409037762592,0.0562900820702277,2.6754028019522854e-08,0.0001649677819185,0.5265826943737587,6.819324533030055,15.30085529628352,1.6855287352087107,24.33229125889604,1307.181262764247,4523.255756850221,37370.24018290352,0.2975760373770459,2301.421885272889,42964.5233428451,1537.3758701852687,1377.3064255146412,99.62774334169212,30.17663891651744,1.4342609095866693e-05,0.0884378385095194,0.0302583511975144,0.1047033530434235,0.865038295759062,6.15961497033161e-06,0.047637816614965,0.889335456942154,0.0318226007325354,0.0285092756530815,0.0020622243133451,0.000624635230924,2.9688193471229226e-10,1.8306011425805257e-06,345.6622227398185,345.47244395652643,0.259678138244501,-0.259678138244501,3.088269358142744e-05,74.0928116460218,1430.6412393615765,2409.3444900350264,978.7032506734498,283.37426798993243,3288.9182183489347,69.76639168465601,4487406.372215731,216.8265698398648,41,0.05,baseline,0.0017095086070854,3.822875873498552e-09,2.0857590450610515e-09,7.049366779048508e-10,4.036110839025688e-05,627.2055842424855,0.0793256064764041,0.0511532069023997,230.3171332234594,110.49177858013742,0.008751360687194386,2.449788397971684e-06
0.52,2.7964806320712827,9.729875260332737,80.43051658727332,92.95687247967732,0.0005455146595466,4.321274842541571,80.19140152760157,2.851613785144572,2.556986632646593,0.1834363388289359,0.0555121459362034,2.655498421102503e-08,0.0001665483516203,0.511214668522357,6.863545280705667,15.30085529628352,1.6855287352087107,24.361143980720254,1299.6909948526777,4522.0521507877775,37380.84824224288,0.2921198058142473,2314.0165819235463,42942.01124069653,1527.0219609973417,1369.250900093413,98.22905166750463,29.726418909976747,1.4220033678970683e-05,0.0891856365041562,0.0300836351038236,0.1046708543519461,0.8652455105442303,6.050454614893137e-06,0.0479284595853161,0.8894251088516688,0.0316280405746761,0.0283602489886795,0.0020345433864766,0.0006157006300096,2.9452870597748345e-10,1.8472340294238129e-06,345.7770232314337,345.59430793199255,0.2525806707993334,-0.2525806707993334,3.0912469372642944e-05,74.09996885530245,1373.5172345931287,2336.376771544033,962.8595369509048,287.714122765129,3296.1117931290373,70.64874288824794,4487406.372407,219.83943829478252,41,0.05,baseline,0.0016972689171941,3.831384927982863e-09,2.090364286609167e-09,7.091721784994694e-10,4.045658994146439e-05,630.5664200942177,0.0802812774719678,0.0510886879437348,230.33938137259528,110.57133051467504,0.008893954008053881,2.4816925310488543e-06
0.53,2.781539600392392,9.729875260332737,80.4733365729856,92.98475143371073,0.0005363302624676,4.348827656645211,80.2372738591681,2.835938924197825,2.545108679489698,0.1811270070267793,0.0547675836134493,2.6361407360959753e-08,0.0001680968158566,0.4962736368434662,6.906365266417975,15.30085529628352,1.6855287352087107,24.38902293475367,1292.4153919420726,4520.8921513669775,37391.15517650351,0.2868911804865349,2326.253779540865,42920.13303625217,1516.9866828089978,1361.4171800895044,96.88757935236453,29.29600996775044,1.4101116059116323e-05,0.08991753274422,0.0299139327417072,0.1046394716371233,0.8654465956211694,5.945764709189282e-06,0.0482111635622811,0.8895115279872972,0.0314392581454039,0.0282151100292889,0.0020079765055695,0.0006071541895812,2.922429266814326e-10,1.863523626000932e-06,345.8873837899767,345.7115619819932,0.245449419596831,-0.245449419596831,3.0941195432116854e-05,74.10685931382648,1317.9921820934694,2265.6101923771243,947.6180102836548,291.9829092650824,3303.0573079193377,71.50657833258198,4487406.37241213,222.80042389410423,41,0.05,baseline,0.0016855156393949,3.839578374863126e-09,2.0947987188817804e-09,7.132880426367613e-10,4.054884681324892e-05,633.8270986334094,0.0812182594980144,0.051026344837597,230.36080032834272,110.64800970182212,0.009034300258408958,2.5129900397844443e-06
0.54,2.7670271009778777,9.729875260332737,80.5147690611314,93.01167142244202,0.0005275218130975,4.375616901124339,80.28163381399091,2.820724388882359,2.533533970326037,0.1789103850761776,0.0540552237625625,2.6173360896195568e-08,0.0001696121283797,0.481761137428952,6.947797754563771,15.30085529628352,1.6855287352087107,24.415942923484952,1285.3545515118224,4519.774832379188,37401.16055967603,0.2818839064645401,2338.132669886802,42898.89061452072,1507.268116799176,1353.806487209881,95.6016547566471,28.88467786675124,1.398586566762911e-05,0.0906330850106723,0.0297492460748344,0.1046091862615974,0.865641567663568,5.845429758986066e-06,0.0484858836406581,0.8895947802438746,0.0312562359987626,0.0280739004489443,0.0019824925967992,0.0005989818918671,2.9002505465499137e-10,1.879459309738008e-06,345.9934218916219,345.8243224371484,0.2383006385870898,-0.2383006385870898,3.0968891596824574e-05,74.11348926008304,1264.067400082396,2197.0351711502226,932.9677710678266,296.1760538492154,3309.7589102171405,72.33980970851408,4487406.372228477,225.706489886257,41,0.05,baseline,0.0016742347032425,3.847463385746976e-09,2.0990662232994435e-09,7.172841994350163e-10,4.063792808905898e-05,636.9878569706235,0.0821357170333494,0.0509661449031656,230.38140948301395,110.72187625739986,0.00917224410523163,2.5436521170332555e-06
0.55,2.752943514626844,9.729875260332737,80.55482923121974,93.03764800617932,0.0005190793807279,4.401639216247702,80.32450029738696,2.805969423306543,2.52226662077849,0.1767838937907039,0.053373920676925,2.5990881252409104e-08,0.0001710933743795,0.4676775510779181,6.987857924652118,15.30085529628352,1.6855287352087107,24.441919507222263,1278.5080477578265,4518.699260599017,37410.8647382952,0.2770914615599421,2349.653422910494,42878.284156197245,1497.863713072521,1346.4193923774678,94.36958840867368,28.491707123511045,1.387427730872583e-05,0.091331913634433,0.0295895648011652,0.1045799788456228,0.8658304563532119,5.749328186800227e-06,0.0487525980681602,0.8896749337313139,0.0310789441763082,0.0279366492214182,0.0019580600988578,0.0005911700560279,2.8787524939769524e-10,1.8950318514208624e-06,346.0952535009714,345.9327055331992,0.2311503193368603,-0.2311503193368603,3.099557818313555e-05,74.11986497816082,1211.7409814196865,2130.637488820388,918.8965074007016,300.289437131006,3316.220941012,73.14841515256283,4487406.372555345,228.5549299377018,41,0.05,baseline,0.001663412131429,3.855047131893076e-09,2.10317068098858e-09,7.211608090627483e-10,4.072388518900418e-05,640.0491482389688,0.0830329255919894,0.0509080532471808,230.401228370667,110.79299101368052,0.009307644726163862,2.573653536960984e-06
0.56,2.7392887710893445,9.729875260332737,80.59353324077982,93.0626972722019,0.0005109932254115,4.426892211350561,80.36589308543076,2.791672860959368,2.511310188022806,0.1747450206259477,0.0527225692151864,2.5813998254159298e-08,0.0001725396942396,0.454022807540419,7.026561934212188,15.30085529628352,1.6855287352087107,24.466968773244837,1271.875257227291,4517.664486538913,37420.26832049164,0.2725074879056558,2360.816573982186,42858.31308304717,1488.770732296296,1339.256171427272,93.18974152043744,28.116409725766104,1.3766342619075025e-05,0.0920136633971559,0.0294348740298931,0.1045518295249226,0.8660132964451842,5.65734113701302e-06,0.0490112944182858,0.8897520561036801,0.0309073485361134,0.0278033792386547,0.0019346483368328,0.0005837055069171,2.8579360150305905e-10,1.9102325851839305e-06,346.19299542219085,346.03682749146793,0.2240142226475793,-0.2240142226475793,3.1021275901481044e-05,74.12599277668387,1161.0096155130718,2066.401529645512,905.3919141324396,304.31912588093377,3322.4478383724013,73.93239869811057,4487406.372245001,231.34316120163635,41,0.05,baseline,0.0016530342946445,3.862336949250482e-09,2.107116062263205e-09,7.249181969762555e-10,4.080677171097294e-05,643.0115430328991,0.0839092031223422,0.0508520344540355,230.42027660162825,110.86141577854852,0.009440367566049986,2.602970540731592e-06
0.5700000000000001,2.726061259041686,9.729875260332737,80.63090009107171,93.08683661044611,0.000503252822852,4.451376466053713,80.40583490072308,2.7778320023554715,2.5006667919235506,0.1727911429265836,0.0521000713686968,2.5642709318289835e-08,0.0001739504106528,0.4407952954927605,7.063928784504084,15.30085529628352,1.6855287352087107,24.491108111489076,1265.4548501242273,4516.669535012641,37429.37296500732,0.2681252538332883,2371.623944609233,42838.97459383086,1479.9855597764115,1332.3162591261912,92.06042560232584,27.758105322283104,1.3662035527142193e-05,0.0926780653635907,0.0292851423284457,0.1045247170773537,0.8661901405942006,5.569341543475405e-06,0.0492619906979212,0.889826219180585,0.0307413977011334,0.0276740970308333,0.0019122255195545,0.0005765751898762,2.8377984148057646e-10,1.9250547727940026e-06,346.2867642499182,346.1368043920499,0.2169074291898624,-0.2169074291898624,3.104600644955518e-05,74.13187912212128,1111.8652815260189,2004.30527080892,892.4399892829009,308.2618059864358,3328.4443614468014,74.69185285888776,4487406.372415257,234.0690461906826,41,0.05,baseline,0.0016430873874881,3.869340262578537e-09,2.110906385360856e-09,7.285570036311457e-10,4.088664508424596e-05,645.8758943338746,0.084764012211634,0.0507980495448046,230.43857427688428,110.92721419223987,0.009570298016806412,2.631584069812563e-06
0.58,2.713258949444824,9.729875260332737,80.6669494045068,93.11008361428436,0.0004958478702298,4.475093467601371,80.4443489728753,2.7644437724038773,2.4903380203274863,0.1709197098482033,0.0515053713989035,2.5477004776928416e-08,0.0001753249073862,0.4279929858958975,7.099978097939166,15.30085529628352,1.6855287352087107,24.51435511532729,1259.245319621574,4515.713431842824,37438.18057121319,0.2639382079589737,2382.077691974507,42820.26521256294,1471.5044252451603,1325.5988252861412,90.9800054224092,27.4161416100994,1.3561326746986968e-05,0.0933248777385141,0.029140334152042,0.1044986201563247,0.8663610456916332,5.485205395663718e-06,0.049504713659872,0.8898974938263232,0.0305810366582181,0.0275488035065967,0.0018907607977624,0.0005697665716945,2.818336277273437e-10,1.939492303442952e-06,346.37667559847995,346.2327522685215,0.2098446168794469,-0.2098446168794469,3.106979156957181e-05,74.13753041952839,1064.2986727487803,1944.325483758858,880.0268110100776,312.11438883565575,3334.215299161492,75.4268941316429,4487406.372423479,236.73059939880463,41,0.05,baseline,0.001633558005552,3.87606451729059e-09,2.1145456797413742e-09,7.320780002557557e-10,4.0963563779313775e-05,648.6431483453503,0.0855968646672467,0.0507460593858312,230.4561413065176,110.9904499199232,0.009697329006988113,2.6594767442202007e-06
0.59,2.70087878356192,9.729875260332737,80.70170288158157,93.13245692547622,0.0004887678478903,4.498046738560757,80.48146061594935,2.7515040836732525,2.480324438098726,0.1691281470393026,0.0509374305760014,2.5316857029760805e-08,0.0001766627000778,0.415612820012994,7.13473157501393,15.30085529628352,1.6855287352087107,24.53672842651915,1253.2446897143195,4514.795175484846,37446.69372161264,0.259939732900919,2392.18081312832,42802.17994347015,1463.323006357522,1319.1024629173958,89.94684400207461,27.0898794913268,1.3464177487556489e-05,0.093953919575524,0.0290004030036825,0.1044735163394056,0.8665260806569117,5.404806774770224e-06,0.0497395104664492,0.8899659530756706,0.030426199220005,0.0274274880897472,0.0018702231721416,0.0005632673488136,2.79954422085954e-10,1.9535404432825514e-06,346.46284600972075,346.3247869102309,0.2028397017753842,-0.2028397017753842,3.1092653831797135e-05,74.14295319358507,1018.2970883181512,1886.434885451304,868.1377971331527,315.87423179899434,3339.765673545799,76.13769813295521,4487406.372264806,239.3261453703395,41,0.05,baseline,0.0016244327526319,3.882517320253399e-09,2.118038062213215e-09,7.354822160123665e-10,4.103758963949859e-05,651.3144550459238,0.0864073705227817,0.050696022575489,230.47299797246276,111.05118836059508,0.009821368143710978,2.6866344601806835e-06
0.6,2.68891673242868,9.729875260332737,80.73518372685857,93.15397571961998,0.0004820019883786,4.520241723482192,80.51719664212142,2.739007902549184,2.4706256343013586,0.1674138623038343,0.0503952338351138,2.5162218575244096e-08,0.0001779634359818,0.4036507688797538,7.168212420290927,15.30085529628352,1.6855287352087107,24.55824722066291,1247.450550480104,4513.913764314288,37454.915642633554,0.2561231302779151,2401.9371034660003,42784.71239206095,1455.436481116183,1312.8252298930477,88.9593061833769,26.778696669601228,1.337053859032154e-05,0.0945650710944138,0.0288652922396133,0.1044493827039465,0.86668532505644,5.328017531408045e-06,0.0499664477109891,0.8900316713051198,0.0302768089661541,0.027310129440301,0.0018505815636901,0.0005570655222317,2.781414702229402e-10,1.9671958409346773e-06,346.5453900830154,346.4130237092652,0.1959058210406555,-0.1959058210406555,3.1114616079632575e-05,74.14815395703451,973.8448059313172,1830.6024517099445,856.7576457786272,319.53916232398444,3345.100635186572,76.82449618476093,4487406.372546495,241.85434060774685,41,0.05,baseline,0.0016156983595119,3.8887062217978295e-09,2.121387618923927e-09,7.387708794245342e-10,4.1108786111237175e-05,653.8911340364473,0.087195244275045,0.0506478960619588,230.4891645195493,111.10949514550197,0.009942338358118169,2.7130465495878056e-06
0.61,2.6773684031410263,9.729875260332737,80.76741589815425,93.17465956162802,0.0004755398874751,4.541684673817339,80.55158450364968,2.726949865928289,2.461240720587106,0.1657743418037431,0.0498778008627015,2.5013039073059463e-08,0.0001792268250754,0.3921024395921003,7.200444591586626,15.30085529628352,1.6855287352087107,24.578931062670957,1241.8603361411308,4513.068185623022,37462.84976653214,0.2524819512008451,2411.350631957898,42767.85557523664,1447.839899681276,1306.7649546880289,88.01581188041273,26.481994076848768,1.3280360022289678e-05,0.0951582394966844,0.0287349416218703,0.104426195986229,0.8668388623919006,5.254714064492881e-06,0.0501855994850635,0.8900947221396633,0.030132786315237,0.0271967012046863,0.0018318058870586,0.0005511495220533,2.763939927537323e-10,1.980455779343392e-06,346.6244228422932,346.49757786660484,0.1890554394992074,-0.1890554394992074,3.113570142024415e-05,74.15313921399067,930.9247203419758,1776.7961649492113,845.8714446072355,323.10722932193585,3350.225394663396,77.48754050450401,4487406.372287359,244.3139831941376,41,0.05,baseline,0.0016073418766419,3.894638883985368e-09,2.1245984965679443e-09,7.41945364903172e-10,4.1177218296572505e-05,656.3745932575985,0.0879602427539995,0.0506016365126509,230.5046611657828,111.1654365427639,0.01006017021889015,2.7387038552407224e-06
0.62,2.666228209058417,9.729875260332737,80.79842538483933,93.19452885423048,0.0004693707545002,4.562384173372741,80.58465372656364,2.7153234293224373,2.452167657637556,0.1642070175186964,0.049384163147665,2.4869244844644123e-08,0.0001804527400989,0.380962245509491,7.231454078271714,15.30085529628352,1.6855287352087107,24.598800355273436,1236.4709402021183,4512.257416795395,37470.50033565003,0.2490095843838603,2420.426445232438,42751.60081828078,1440.5276684170003,1300.9188225159833,87.11476118443213,26.19918225122163,1.319357941101189e-05,0.0957334077212021,0.028609278268135,0.1044039320757943,0.8669867896560707,5.184768934976693e-06,0.0503970635254415,0.890155181743732,0.0299940386779223,0.0270871641932851,0.0018138655533462,0.000545507943375,2.7471095476353997e-10,1.9933192516284465e-06,346.70005795237864,346.57856358682847,0.1822999721638755,-0.1822999721638755,3.115593350990085e-05,74.15791552039629,889.5158659450198,1724.9792179092765,835.4633519642565,326.5770506242103,3355.145361298019,78.1271518476969,4487406.372429181,246.7042724579713,41,0.05,baseline,0.0015993503145091,3.900322948557038e-09,2.1276748307442568e-09,7.450072900101295e-10,4.124295365351165e-05,658.7664458429399,0.0887022469610098,0.0505571981620404,230.5195082902784,111.21907960211276,0.010174812875107422,2.763601308496026e-06
0.63,2.6554902553965536,9.729875260332737,80.82823855970427,93.21360407543357,0.0004634841490772,4.58234950210128,80.61643410491925,2.704121775921955,2.4434039823094995,0.1627094006490618,0.04891338828891,2.4730758878330812e-08,0.0001816411163316,0.3702242918476278,7.261267253136633,15.30085529628352,1.6855287352087107,24.61787557647649,1231.279130091765,4511.48044023036,37477.87176337439,0.2456996582371675,2429.169819142593,42735.93896859401,1433.4941065372054,1295.283829196639,86.25460916201091,25.92969535146488,1.3110133359357657e-05,0.0962905857586674,0.0284882263885814,0.104382566867158,0.8671292067442605,5.1180590825808535e-06,0.0506009440354741,0.8902131250817774,0.0298604710500123,0.0269814749198423,0.0017967309722912,0.0005401298225413,2.730912920071639e-10,2.0057858873107227e-06,346.77240784487793,346.6560947101871,0.1756500929649289,-0.1756500929649289,3.117533593690386e-05,74.16248934826835,849.5961497643552,1675.1140629501554,825.5179131858001,329.94747811154764,3359.865940020759,78.74366866184548,4487406.372439275,249.0245601916189,41,0.05,baseline,0.0015917110502624,3.905766036811138e-09,2.130620746046343e-09,7.47958378246432e-10,4.130606018838749e-05,661.0683670890136,0.0894211822446455,0.0505145353398809,230.53372601126844,111.27049111023214,0.010286223471661733,2.7877353963519266e-06
0.64,2.6451479140492498,9.729875260332737,80.85688315001964,93.23190632440162,0.0004578696637786,4.601591419077237,80.64695675530773,2.69333737498256,2.434946466272939,0.1612790149198267,0.0484645631927029,2.4597492892697026e-08,0.0001827920018811,0.359881950500324,7.289911843452005,15.30085529628352,1.6855287352087107,24.63617782544456,1226.281344872496,4510.736226246552,37484.96894437118,0.2425458629377646,2437.5866101636752,42720.8598143223,1426.7331720701543,1289.856565284213,85.43382744480874,25.672981268218315,1.3029952870274169e-05,0.0968298346487833,0.02837170254618,0.1043620756447638,0.8672662218090561,5.054462236297982e-06,0.0507973598046456,0.8902686280370746,0.0297319807980093,0.0268795815377108,0.0017803727892608,0.0005350044430429,2.7153382014370733e-10,2.0178564855787105e-06,346.8415846943329,346.73028400295266,0.1691154777596691,-0.1691154777596691,3.119393271340155e-05,74.1668671989407,811.1409139173908,1627.1604353631071,816.0195214457164,333.2177556632514,3364.3926619152453,79.33747149794101,4487406.37231132,251.27446464893325,41,0.05,baseline,0.0015844115667472,3.910975821188093e-09,2.1334403947392084e-09,7.508005411821757e-10,4.136660787872967e-05,663.2821680721582,0.0901170534567755,0.0504736010585603,230.5473345381165,111.31973859243492,0.010394372249070142,2.8111053018606652e-06
0.65,2.6351938977268787,9.729875260332737,80.88438770680881,93.24945686486842,0.0004525168914108,4.6201220186750485,80.67625357609744,2.682962061511364,2.4267911801463216,0.1599134010971276,0.0480367995920284,2.4469345919200243e-08,0.0001839055532031,0.349927934177953,7.3174164002411715,15.30085529628352,1.6855287352087107,24.653728365911352,1221.47373570363,4510.023756665794,37491.797206103096,0.2395419332582319,2445.683202657653,42706.35221902532,1420.238517658856,1284.6332632885046,84.65090691593015,25.42850457125968,1.2952962725380502e-05,0.0973512648640602,0.0282596165846375,0.1043424335911435,0.8673979498242189,4.99385656064411e-06,0.0509864429192975,0.8903217666705906,0.0296084587054087,0.0267814247077113,0.0017647619400769,0.0005301213973407,2.7003722064891156e-10,2.0295329761921045e-06,346.9076979760293,346.801242918337,0.1627048421963897,-0.1627048421963897,3.12117477891406e-05,74.17105549052734,774.1233468883249,1581.075705093997,806.952358205672,336.3875239919328,3368.7310911687355,79.90897875382036,4487406.372537968,253.45387887204308,41,0.05,baseline,0.0015774395545384,3.915959838370358e-09,2.136137855576834e-09,7.535358220645003e-10,4.142466710304427e-05,665.409762585753,0.0907899473489179,0.0504343475848121,230.56035382149787,111.36688900127488,0.01049924255824969,2.8337129384437803e-06
0.66,2.6256206834293505,9.729875260332737,80.91078121624044,93.26627716000252,0.0004474158376296,4.637953946992996,80.70435679146591,2.672987464192724,2.418933849147016,0.1586101794813422,0.0476292389633674,2.434621688604933e-08,0.0001849819838474,0.3403547198804247,7.343809909672806,15.30085529628352,1.6855287352087107,24.67054866104546,1216.8523574264284,4509.342009195653,37498.36200086645,0.236681868966418,2453.466140514873,42692.40467734041,1414.0037422470475,1279.6100096844016,83.90439175247977,25.19574933918379,1.2879088378676329e-05,0.097855010886706,0.0281518761483851,0.1043236157442061,0.8675245081074088,4.936125206073562e-06,0.0511683303471032,0.8903726160182268,0.0294897938066321,0.0266869416332157,0.001749870342153,0.0005254706410008,2.6860018071875803e-10,2.04081786191661e-06,346.9708570444106,346.86908234036235,0.156426058693265,-0.156426058693265,3.122880520439858e-05,74.17506060223764,738.515610704922,1536.816764230911,798.3011535259891,339.4566267971715,3372.886807984676,80.4586223605753,4487406.37233584,255.56282197951552,41,0.05,baseline,0.0015707830032108,3.92072567567619e-09,2.138717234795348e-09,7.561663723486557e-10,4.148030919161159e-05,667.4531180836289,0.0914399846783355,0.0503967272291084,230.5728036911527,111.41200947747062,0.010600824873591095,2.85556146941293e-06
0.67,2.6164200134532924,9.729875260332737,80.93609365309919,93.28238892688522,0.0004425564246304,4.655101317111854,80.73129959751341,2.663404495922992,2.411369447297888,0.1573669682354578,0.0472410414953154,2.422799049147024e-08,0.0001860216270062,0.3311540499043668,7.369122346531559,15.30085529628352,1.6855287352087107,24.686660427928157,1212.4129404256023,4508.689970913542,37504.66927632209,0.2339596638286918,2460.942556984456,42679.00467168479,1408.0220867345583,1274.7824997177972,83.19283358466883,24.974212489153636,1.2808248158101515e-05,0.0983412620336182,0.0280483813027563,0.1043055969327609,0.8676460217644827,4.881150775197469e-06,0.0513431737469781,0.8904212518034177,0.0293758675648973,0.0265960614102344,0.0017356699761716,0.000521042365408,2.6722123550158604e-10,2.051714896294126e-06,347.0311685371327,346.93391081469315,0.1502859413763955,-0.1502859413763955,3.124512900880417e-05,74.17888884954928,704.2874495645973,1494.3377538094678,790.0503042448705,342.4253394548391,3376.8654447347603,80.98687643209524,4487406.372446238,257.60161333065093,41,0.05,baseline,0.0015644300332394,3.925280776419248e-09,2.1411825606266473e-09,7.586944824596572e-10,4.153360597713681e-05,669.4143128644835,0.092067375024954,0.0503606912844931,230.58470377871183,111.4551666478703,0.010699123907150008,2.876657010156643e-06
0.68,2.607583452989533,9.729875260332737,80.96035510365452,93.29781381697678,0.0004379289498713,4.67157867400466,80.75711519445943,2.6542039225002485,2.4040926638278246,0.1561814625053966,0.0468713977064413,2.4114550792217968e-08,0.0001870248686949,0.322317489440607,7.393383797086897,15.30085529628352,1.6855287352087107,24.702085318019734,1208.1511484772316,4508.06663803384,37510.72506901559,0.2313695528510385,2468.1197012218163,42666.13942186306,1402.2867748403785,1270.1463212370104,82.51483523550765,24.763410439131487,1.27403608179773e-05,0.098810229957814,0.027949030596846,0.1042883521303074,0.8677626172728465,4.828820408036115e-06,0.0515111285641334,0.890467748386288,0.0292665604131065,0.0265087104228015,0.0017221337701572,0.0005168271288402,2.658989204305597e-10,2.0622283661075606e-06,347.0887376309133,346.99583613831663,0.1442904834662592,-0.1442904834662592,3.126074306767168e-05,74.18254645001822,671.4078674436862,1453.5925744535537,782.1847070098675,345.2941346767612,3380.672596594666,81.49422525075305,4487406.372456353,259.57069733436623,41,0.05,baseline,0.0015583690966853,3.929632526615941e-09,2.1435378303490862e-09,7.611225129553997e-10,4.158462930428452e-05,671.2954556749107,0.0926723611831431,0.0503261914037881,230.59607341141668,111.4964265839126,0.010794151226904254,2.8970068724207068e-06
0.6900000000000001,2.5991021688994818,9.729875260332737,80.98359621851729,93.3125736477495,0.0004335238961624,4.687401399547245,80.78183728488024,2.6453761332390537,2.3970977275464342,0.1550513973897282,0.0465195200671564,2.4005776429744827e-08,0.0001879921743545,0.3138362053505558,7.416624911949655,15.30085529628352,1.6855287352087107,24.71684514879244,1204.062474184529,4507.4710104311225,37516.53567066832,0.2289059059842206,2475.005123299961,42653.7955910868,1396.790870833998,1265.6968437354583,81.86902938405532,24.56287411417092,1.2675342815349826e-05,0.099262161485206,0.0278537186072154,0.1042718561923128,0.8678744252004718,4.779023636446286e-06,0.0516723582719247,0.8905121798299253,0.0291617490522425,0.0264248102589549,0.0017092351760739,0.000512815759235,2.6463171692386203e-10,2.072363375260612e-06,347.1436680795771,347.0549640793571,0.1384447371248915,-0.1384447371248915,3.127567124966286e-05,74.18603956593192,639.8444183948639,1414.533852238596,774.6894338437321,348.063768876612,3384.3138756635426,81.98117596890134,4487406.372359686,261.4707072661572,41,0.05,baseline,0.0015525888505251,3.933788256179836e-09,2.145787010880934e-09,7.634529278411819e-10,4.163345149872759e-05,673.0987196472149,0.0932552388919624,0.0502931789287778,230.60693174470688,111.53585506809434,0.010885928009303556,2.9166201938937905e-06
0.7000000000000001,2.59096699728328,9.729875260332737,81.00584778451484,93.32669004213083,0.0004293318985386,4.702585579673252,80.8054996393086,2.636911212496899,2.390378468162584,0.1539745502912647,0.046184646930896,2.3901539583813525e-08,0.0001889240827974,0.3057010337343541,7.43887647794721,15.30085529628352,1.6855287352087107,24.730961543173795,1200.1422746453848,4506.902109982711,37522.10758439707,0.2265632100496456,2481.606626692428,42641.959403115,1391.5273264174275,1261.4292597961255,81.25407988244174,24.372151007855845,1.2613107834916707e-05,0.0996973362565694,0.0277623367561158,0.1042560842556436,0.8679815789882406,4.731652018437077e-06,0.051827033177995,0.8905546193296292,0.0290613073557291,0.0263442784992411,0.0016969481982434,0.0005089993979371,2.6341804184699976e-10,2.0821257883300137e-06,347.19606033616844,347.11139818127765,0.1327528841592951,-0.1327528841592951,3.128993704654433e-05,74.18937421781476,609.5635675679314,1377.113241038547,767.5496734706153,350.73527676368,3387.794837928127,82.44825472946495,4487406.372530606,263.3024659579472,41,0.05,baseline,0.0015470782324868,3.937755094194593e-09,2.147933960426638e-09,7.656882474100607e-10,4.1680144126301565e-05,674.8263151105925,0.0938163572323112,0.0502616053438529,230.61729749335225,111.57351657184084,0.010974484729937851,2.9355079117351315e-06
0.71,2.583168666976444,9.729875260332737,81.02714071700184,93.34018464431102,0.0004253439805412,4.717147588862903,80.82813605854626,2.628799161951457,2.383928509518375,0.1529487718966275,0.0458660415809023,2.3801714033042026e-08,0.0001898211763638,0.2979027034275183,7.460169410434202,15.30085529628352,1.6855287352087107,24.744456145353947,1196.385869101932,4506.358960761085,37527.447358294696,0.2243361925408437,2487.932069456225,42630.61691968461,1386.4891051151635,1257.33869428314,80.66869806744648,24.190804633197168,1.255357110102763e-05,0.1001160517539205,0.027674775626597,0.104241011493711,0.868084212879692,4.686601719360595e-06,0.051975325881681,0.8905951388865686,0.0289651087963633,0.0262670308330793,0.0016852477292207,0.0005053694872084,2.6225633608130367e-10,2.091521902780322e-06,347.2460142661428,347.1652410667359,0.1272183094397734,-0.1272183094397734,3.1303563884476386e-05,74.19255636570577,580.5312123732978,1341.2823898874938,760.751177514196,353.30984735763434,3391.121017513435,82.89599383393922,4487406.372382303,265.06688907330624,41,0.05,baseline,0.0015418264540735,3.941540167899012e-09,2.149982536258262e-09,7.678310580534376e-10,4.172477904139744e-05,676.480474705175,0.0943560877761859,0.0502314224639906,230.62718918410428,111.60947535392653,0.01105985737777431,2.9536818215910967e-06
0.72,2.5756976090747417,9.729875260332737,81.04750596815421,93.3530788375617,0.0004215512829144,4.731104433955236,80.84978031932556,2.6210297096014115,2.377741116776088,0.1519719496067551,0.0455629914089895,2.370616699252859e-08,0.0001906841067566,0.2904316455258161,7.480534661586566,15.30085529628352,1.6855287352087107,24.75735033860461,1192.788456297698,4505.840612210109,37532.561737812255,0.2222196749464054,2493.9895383129883,42619.75382410448,1381.669072540135,1253.420116346625,80.11162250320815,24.01841377516708,1.2496644979667004e-05,0.100518636612712,0.0275909229898733,0.1042266134281776,0.868182463581949,4.64377050342513e-06,0.0521174151508498,0.8906338096271172,0.0288730243445098,0.0261929793844489,0.0016741091429084,0.0005019177597801,2.6114497450484206e-10,2.100558737020922e-06,347.2936260004828,347.216591880514,0.1218435687329387,-0.1218435687329387,3.131657473734916e-05,74.1955918142827,552.7123084834759,1306.9920788232523,754.2797703397764,355.78893523708484,3394.297874487001,83.32494267846961,4487406.3724631695,266.76507477286026,41,0.05,baseline,0.0015368229979424,3.945150365009031e-09,2.1519364659688793e-09,7.698839836549689e-10,4.1767426978816814e-05,678.0634568305043,0.0948748531139368,0.0502025823489783,230.6366248607746,111.64379407525064,0.011142090781074048,2.9711554282376255e-06
0.73,2.568544195463959,9.729875260332737,81.06697437218224,93.36539382797892,0.000417945288571,4.744473309624502,80.8704659868035,2.6135925487334464,2.371809401974785,0.1510420395911661,0.0452748086094388,2.3614766720484483e-08,0.0001915135633844,0.2832782319150334,7.500003065614601,15.30085529628352,1.6855287352087107,24.769665329021866,1189.3452208022634,4505.346125760791,37537.45748456498,0.2202086912109171,2499.7871409664776,42609.35572083089,1377.0601326381482,1249.6684577933067,79.58163607948072,23.854572886310724,1.2442243075757182e-05,0.1009054349822294,0.0275106663202896,0.1042128658318471,0.8682764678478633,4.603060199063346e-06,0.0522534811475355,0.8906707012686934,0.0287849251244689,0.0261220350044388,0.0016635086453646,0.0004986362455306,2.600823499479117e-10,2.1092436864401458e-06,347.3389901054519,347.2655487265317,0.1166304954615358,-0.1166304954615358,3.132899231083354e-05,74.19848626596229,526.0714892673587,1274.193260177338,748.1217709099793,358.1741357340748,3397.330808316842,83.73565405872728,4487406.372471961,268.39820774761574,41,0.05,baseline,0.001532057637939,3.948592491806923e-09,2.153799433125216e-09,7.718496829418747e-10,4.180815825306852e-05,679.5775245496732,0.0953730965795843,0.0501750376152188,230.645622249297,111.6765346369988,0.01122123474435228,2.9879430094021813e-06
0.74,2.561698691391925,9.729875260332737,81.08557666642834,93.377150618153,0.0004145177398635,4.7572716805073725,80.89022644978914,2.606477289005984,2.366126290819377,0.1501570542304874,0.045000828602201,2.352738046379299e-08,0.0001923102790977,0.276432727842999,7.518605359860696,15.30085529628352,1.6855287352087107,24.781422119195923,1186.0513114784285,4504.874578660423,37542.14141981942,0.2182984414089578,2505.3330493303056,42599.40808569827,1372.6551967238297,1246.0785915524775,79.07755869717357,23.69889102745516,1.2390279092452896e-05,0.1012768095468807,0.0274338922791451,0.1041997447547001,0.8683663629661547,4.564375764854045e-06,0.0523837063583445,0.8907058823165279,0.0287006818417445,0.0260541068808208,0.0016534231308826,0.0004955172522601,2.5906685015410793e-10,2.1175845876586845e-06,347.38219889547634,347.3122069770083,0.1115802075157361,-0.1115802075157361,3.1340838983060625e-05,74.20124530642327,500.5729725070902,1242.836823068223,742.2638505611332,360.4672083167021,3400.225149434689,84.12868689297397,4487406.3724029455,269.9675788799345,41,0.05,baseline,0.0015275204214802,3.951873219618133e-09,2.155575048259938e-09,7.737308420569912e-10,4.184704245375893e-05,681.0249463323105,0.0958512885463022,0.0501487413807324,230.65419871272584,111.70775785881722,0.01129734473452713,3.0040598006485406e-06
0.75,2.555151304986428,9.729875260332737,81.1033431853955,93.38836975071466,0.0004112606070367,4.769517182450905,80.90909461205658,2.5996735083730007,2.360684569508831,0.1493150624577208,0.0447404124128421,2.3443873657423e-08,0.0001930750246385,0.2698853414375025,7.536371878827864,15.30085529628352,1.6855287352087107,24.792641251757598,1182.9018672545023,4504.425076957277,37546.620392836834,0.2164842742406517,2510.635465820454,42589.896350067895,1368.4472159341735,1242.6453615957744,78.59824737960446,23.550993080057214,1.2340666446722868e-05,0.1016331393469357,0.0273604873048645,0.1041872268067756,0.8684522858883599,4.5276249376614e-06,0.0525082747201749,0.890739419680081,0.0286201654252695,0.0259891031233796,0.0016438301864678,0.0004925533919264,2.580968495172647e-10,2.1255896661042253e-06,347.42334111305206,347.356659169125,0.1066931845280965,-0.1066931845280965,3.135213653605943e-05,74.20387434429325,476.18082657566856,1212.8738044187785,736.6929778431099,362.6700686379454,3402.9861080078977,84.5046033790036,4487406.372524792,271.47458338086574,41,0.05,baseline,0.0015232017187501,3.954998982416002e-09,2.157266793433756e-09,7.755301396534431e-10,4.1884147561345264e-05,682.4079766208669,0.0963099262453068,0.0501236475788137,230.66237106375283,111.73752275876268,0.011370481509478909,3.0195219574206725e-06
0.76,2.548892240179851,9.729875260332737,81.12030415641546,93.39907165692804,0.0004081661907593,4.781227523515666,80.92710318659742,2.593170800683444,2.355476936133625,0.1485141963954698,0.0444929414599948,2.33641141944677e-08,0.0001938085984737,0.2636262766309249,7.553332849847827,15.30085529628352,1.6855287352087107,24.803343157970986,1179.8920352324817,4503.996733366065,37550.90123505473,0.2147617383635196,2515.7025684843966,42580.8059426599,1364.429199763579,1239.3636046585646,78.14259904823697,23.41051676788461,1.229332044967522e-05,0.1019748143289337,0.0272903380618428,0.1041752887659564,0.8685343731722007,4.492719327618053e-06,0.0526273703970357,0.8907713790262255,0.028543247431571,0.02592693122632,0.0016347081548579,0.0004897375200724,2.571707549292207e-10,2.133267418847106e-06,347.46250461188674,347.39899669694097,0.1019692724532255,-0.1019692724532255,3.136290657610579e-05,74.20637871616262,452.8589605290168,1184.255584201188,731.3966236721711,364.784730748808,3405.618846473304,84.86396595548833,4487406.372421477,272.92067290000904,41,0.05,baseline,0.001519092142344,3.9579761758164405e-09,2.158878129998481e-09,7.77250283813734e-10,4.191954134253636e-05,683.7288687231883,0.0967495185270239,0.050099710666395,230.67015589114249,111.76588786322615,0.011440709430864771,3.0343461108462665e-06
0.77,2.5429117412048168,9.729875260332737,81.13648914722162,93.40927614875918,0.0004052270198654,4.792420391627772,80.94428414006181,2.586958826568126,2.3504960421368373,0.1477526482006865,0.0442578238474286,2.3287968951212494e-08,0.0001945118237136,0.257645777655891,7.569517840653997,15.30085529628352,1.6855287352087107,24.81354764980212,1177.0169982917064,4503.588696021188,37554.99074566525,0.2131265285879776,2520.542489839157,42572.12239582804,1360.5942527956468,1236.2281816417135,77.70954910939984,23.27711602891558,1.2248156556993723e-05,0.1023022348587692,0.0272233320506102,0.1041639081416003,0.8686127598077894,4.459573301605557e-06,0.052741177120093,0.8908018240945923,0.0284698007530335,0.0258674986641374,0.0016260361053318,0.0004870628066279,2.5628696876609964e-10,2.140626595353292e-06,347.4997730036826,347.439306816415,0.0974078041987873,-0.0974078041987873,3.137316995063742e-05,74.20876354749437,430.5715204258895,1156.9340882900162,726.3625678641267,366.8133244934141,3408.1283671088736,85.20733474727234,4487406.37247774,274.3073773918261,41,0.05,baseline,0.0015151826609282,3.960810902611951e-09,2.160412360794167e-09,7.78893941582631e-10,4.195328933152168e-05,684.9898392277357,0.0971705934715295,0.0500768862435799,230.6775691273708,111.7929094121436,0.01150809676949019,3.0485495431865937e-06
0.78,2.537200080248984,9.729875260332737,81.15192745328278,93.41900279386452,0.0004024359088354,4.803113477313362,80.96066908906106,2.5810272941398966,2.345734488879475,0.1470286679913518,0.0440344874693232,2.3215306718266672e-08,0.0001951855457308,0.2519341167000584,7.584956146715149,15.30085529628352,1.6855287352087107,24.82327429490744,1174.2719630070146,4503.200126275844,37558.895687492506,0.2115745129444203,2525.16331735911,42563.83129363418,1356.9355533757457,1233.2339661680917,77.29806942217094,23.150457090270795,1.2205091802036324e-05,0.1026158100337176,0.0271593573509609,0.1041530627532213,0.8686875798958176,4.42810457969568e-06,0.0528498782507644,0.8908308172745167,0.0283996992578849,0.0258107127244562,0.0016177937996712,0.0004845226565186,2.5544391974283176e-10,2.147676163994545e-06,347.5352283630421,347.4776755949239,0.0930075676918643,-0.0930075676918643,3.138294719741394e-05,74.21103386504036,409.2826673525872,1130.8616905117754,721.5790231591882,368.75806418764665,3410.519599535808,85.53526827416891,4487406.372484644,275.6362764134046,41,0.05,baseline,0.0015114644908871,3.963509173751253e-09,2.161872738988556e-09,7.80463786818103e-10,4.1985456368829024e-05,686.1930919243587,0.0975736892071421,0.0500551305709131,230.68462639807063,111.81864279245174,0.011572714857021495,3.062149936244619e-06
0.79,2.531747632777873,9.729875260332737,81.16664782074284,93.42827071385344,0.0003997859509675,4.813324327627579,80.97628901553297,2.5753660373192244,2.3411848953859318,0.1463405684255533,0.0438223830154207,2.3145998127526372e-08,0.0001958306228964,0.2464816692289467,7.599676514175211,15.30085529628352,1.6855287352087107,24.83254221489639,1171.6521966193966,4502.830208670239,37562.62274335066,0.2101017286805752,2529.573036489651,42555.91839364912,1353.4464007965266,1230.3758861236065,76.9071707695011,23.03022005690767,1.2164044801628582e-05,0.1029159536486219,0.0270983034731741,0.1041427309527414,0.8687589655740843,4.398234157523376e-06,0.0529536553692693,0.8908584192007631,0.0283328187147406,0.0257564813146739,0.0016099617435854,0.0004821107429514,2.546400625837108e-10,2.15442521836476e-06,347.5689500865898,347.5141860288357,0.0887669057983681,-0.0887669057983681,3.139225831961255e-05,74.21319454423731,388.9569166538474,1105.991539519246,717.0346228653984,370.62122652151976,3412.797349971025,85.84831912631972,4487406.372437651,276.9089868056148,41,0.05,baseline,0.0015079291529003,3.966076820466968e-09,2.1632624204898595e-09,7.819624648820633e-10,4.201610578230346e-05,687.3407956233904,0.097959350526081,0.0500344009386215,230.69134285851263,111.84314183192998,0.011634637281695184,3.075165236536208e-06
0.8,2.526544906574593,9.729875260332737,81.18067824571719,93.43709841262452,0.0003972704885838,4.823070286725705,80.99117406605815,2.569965046177634,2.336839927429396,0.1456867234077428,0.0436209852488767,2.307991494870401e-08,0.000196447922656,0.2412789430256673,7.613706939149563,15.30085529628352,1.6855287352087107,24.84136991366746,1169.1530422600845,4502.478159729988,37566.178498048845,0.2087043656913667,2533.779512452966,42548.36967706851,1350.1202335049986,1227.6489414427267,76.53590204208737,22.916099531207752,1.2124935397921353e-05,0.1032030827043603,0.0270400617045833,0.1041328918131099,0.8688270464823067,4.369885972927082e-06,0.0530526877733456,0.8908846885248889,0.0282690371646719,0.0257047133207682,0.0016025211722385,0.0004798210212991,2.5387387054651983e-10,2.1608829407025358e-06,347.6010139964645,347.5489180151743,0.0846837828742478,-0.0846837828742478,3.140112260622096e-05,74.21525026919731,369.5593064425176,1082.277675220241,712.7183687777234,372.40514504788496,3414.966267795738,86.1470322968864,4487406.372520527,278.12716177259455,41,0.05,baseline,0.0015045685005119,3.968519424408208e-09,2.164584426118081e-09,7.833925688402374e-10,4.2045298791771606e-05,688.4350717216888,0.0983281290514565,0.0500146558602127,230.6977330692357,111.86645831659644,0.011693939618836136,3.0876136359851026e-06
0.81,2.521582474131871,9.729875260332737,81.19404648115965,93.44550421562424,0.0003948831308426,4.832368622048288,81.00535407570906,2.564814391390989,2.332692246893458,0.145065559026765,0.0434297850808072,2.3016931766202454e-08,0.0001970383260835,0.2363165105829454,7.627075174592016,15.30085529628352,1.6855287352087107,24.84977571666719,1166.7698810613017,4502.143204397138,37569.56947772397,0.2073787723613004,2537.790536403193,42541.17122467941,1346.9505741769813,1225.0481640612234,76.18334436997434,22.807800107223677,1.208768539444484e-05,0.1034776190214789,0.0269845242454185,0.104123524636147,0.8688919511184344,4.342987063327269e-06,0.0531471536046676,0.8909096827214645,0.0282082339093039,0.0256553178895351,0.0015954539380885,0.0004776476380911,2.5314385216912627e-10,2.167058641716866e-06,347.63149497067946,347.5819502590279,0.0807557206969118,-0.0807557206969118,3.140955912452354e-05,74.21720565242754,351.0550033416408,1059.6746855531576,708.6196822115168,374.1122023811253,3417.0309436345883,86.4319490637449,4487406.372451862,279.2924794981725,41,0.05,baseline,0.0015013745924177,3.970842514481366e-09,2.1658417481856403e-09,7.847566958116147e-10,4.207309613566791e-05,689.4780263692677,0.0986805794379716,0.0499958544537915,230.7038113681953,111.888643433476,0.01175069933989567,3.0995134942992108e-06
0.8200000000000001,2.516851165662192,9.729875260332737,81.20677913731824,93.45350556331316,0.0003926177447007,4.841236155338048,81.01885764012928,2.5599044286027426,2.328734676391944,0.1444755705898651,0.0432483009356812,2.2956925033144357e-08,0.0001976027064957,0.2315852021132667,7.639807830750604,15.30085529628352,1.6855287352087107,24.8577770643561,1164.4982302167973,4501.824611431322,37572.80203024361,0.2061214532837933,2541.613682766741,42534.3095302701,1343.9311600484386,1222.56872566008,75.84862114851592,22.70504265596308,1.2052218257139694e-05,0.1037399801345275,0.0269315864663532,0.1041146097375759,0.8689538037960708,4.3174674963244776e-06,0.0532372263475679,0.8909334567067342,0.0281502920165128,0.0256082064771433,0.0015887427108272,0.0004755850597211,2.5244854310320555e-10,2.1729615484686977e-06,347.66046312890273,347.6133569797141,0.0769800290595368,-0.0769800290595368,3.141758595128747e-05,74.21906505369898,333.41021191767504,1038.138584396441,704.728372478766,375.7447913649211,3418.9957486301914,86.70359590785824,4487406.3724892195,280.4066253268236,41,0.05,baseline,0.0014983398893898,3.9730512767475825e-09,2.1670371934208882e-09,7.860573437709872e-10,4.2099555474828255e-05,690.4716875913066,0.0990172549097138,0.0499779575553273,230.7095913077176,111.9097455451082,0.011804994278455992,3.1108831167864746e-06
0.8300000000000001,2.512341892951365,9.729875260332737,81.21890248941419,93.46111964269828,0.0003904684267986,4.849689592796829,81.03171295750553,2.555225610073494,2.324960057462412,0.1439153005601658,0.0430760665019862,2.2899773559557552e-08,0.000198141946718,0.2270759294024389,7.651931182846556,15.30085529628352,1.6855287352087107,24.865391143741224,1162.3336528166126,4501.521661730087,37575.88243588015,0.2049290495740589,2545.256442701918,42527.771215419285,1341.0558185530788,1220.20584040475,75.5308848009998,22.607557389504464,1.2018459135085656e-05,0.1039905867795655,0.0268811448285238,0.1041061277409261,0.8690127274305499,4.2932600093935765e-06,0.0533230780204953,0.8909560641953574,0.0280950959765116,0.0255632910450063,0.0015823707173982,0.0004736279324584,2.5178650897196063e-10,2.178600976787024e-06,347.6879872823537,347.64321123099177,0.0733536530841024,-0.0733536530841024,3.142522086758754e-05,74.22083274721918,316.5913658858765,1017.625975388746,701.0346095028696,377.30534301073897,3420.8649820996893,86.9624946266784,4487406.372495616,281.4713042332727,41,0.05,baseline,0.0014954570536886,3.9751508137134065e-09,2.168173523357293e-09,7.872970006775655e-10,4.212473371284342e-05,691.4180617789608,0.0993387106724259,0.0499609266662977,230.7150861741553,111.92981221607708,0.01185690373863335,3.1217409235823597e-06
0.84,2.508045795055093,9.729875260332737,81.23044185849874,93.46836291388657,0.0003884295071987,4.8577452466319535,81.0439471888942,2.550768637989817,2.321361375710964,0.1433833514718923,0.042912638365035,2.2845358280774725e-08,0.0001986569222485,0.2227798315061667,7.663470551931101,15.30085529628352,1.6855287352087107,24.872634414929497,1160.2718308689928,4501.233671526797,37578.81681557863,0.2037983423443513,2548.72611489869,42521.54326084091,1338.3185635798272,1217.9548453047869,75.22932426139174,22.51508807218745,1.198633487311796e-05,0.1042298556086727,0.0268330985679698,0.1040980601029353,0.8690688413290948,4.270300069213443e-06,0.0534048765051677,0.8909775567409769,0.0280425335601017,0.0255204855955887,0.001576321892047,0.0004717711687298,2.5115634430335603e-10,2.183986162496669e-06,347.7141324695596,347.6715826071401,0.0698733463560956,-0.0698733463560956,3.1432480847024205e-05,74.22251280207325,300.56578687515355,998.0947084627206,697.5289215875671,378.79629144842977,3422.6427632516043,87.20915396901539,4487406.372466656,282.4882223384589,41,0.05,baseline,0.0014927190824811,3.977145956330394e-09,2.169253352542092e-09,7.884780736578046e-10,4.214868527018082e-05,692.3190896304418,0.0996454989802066,0.0499447247266041,230.7203086162391,111.94888873516749,0.011906507175876567,3.132105238187514e-06
0.85,2.5039542444816063,9.729875260332737,81.24142055131465,93.47525005612898,0.000386495334631,4.865419010974798,81.05558539793566,2.5465244822902373,2.317931767067698,0.1428783746485811,0.0427576074307008,2.2793554227238587e-08,0.0001991485061109,0.2186882809326801,7.674449244747016,15.30085529628352,1.6855287352087107,24.879521557171923,1158.3085831571068,4500.96005225713,37581.61114159895,0.2027261418940052,2552.029834290896,42515.61308591203,1335.713622587834,1215.811219971825,74.94315987085282,22.427398248724405,1.1955769952439464e-05,0.1044582034770485,0.0267873500523193,0.1040903902850246,0.8691222596626561,4.248523549634093e-06,0.0534827859350401,0.8909979824756383,0.0279924963209655,0.0254797065228043,0.001570580767831,0.0004700100772723,2.505565869423216e-10,2.189126341963072e-06,347.7389533604365,347.69853503528026,0.0665358200671214,-0.0665358200671214,3.1439380872913715e-05,74.22410880505184,285.3021505800151,979.5039326464656,694.2017820664504,380.2201486356681,3424.332824473184,87.44406928006322,4487406.372517677,283.45915843433835,41,0.05,baseline,0.0014901195113062,3.9790407631675285e-09,2.170278877350262e-09,7.896027644193386e-10,4.217145826064985e-05,693.1765902876641,0.0999381928239982,0.0499293171067443,230.7252697834897,111.96701469296563,0.011953886068512633,3.1419949079443714e-06
0.86,2.5000587259078384,9.729875260332737,81.25186333420456,93.48179732044512,0.0003846608227692,4.872726615616585,81.06665405712423,2.5424842164056063,2.3146644283105444,0.142399080271283,0.0426105565032441,2.2744253156230962e-08,0.0001996175615439,0.2147927623589123,7.684892027636927,15.30085529628352,1.6855287352087107,24.886068821488067,1156.4397603048558,4500.700122461893,37584.27127523174,0.2017095625391485,2555.174574142617,42509.96815493788,1333.2352781906416,1213.7704742015503,74.67164443914417,22.34424771917554,1.1926697710971518e-05,0.1046760382934039,0.0267438025109628,0.104083100017641,0.8691730974713963,4.227872564478048e-06,0.0535569674708544,0.8910173906317175,0.0279448767014328,0.0254408706402021,0.0015651325246786,0.0004683398779741,2.4998595704778756e-10,2.194030589764642e-06,347.7625150006017,347.7241354896936,0.0633373172261468,-0.0633373172261468,3.144593770483097e-05,74.22562474979605,270.768706008433,961.8134007997288,691.0446947912957,381.57929696439686,3425.939187474937,87.66772946487903,4487406.372508719,284.3857623199144,41,0.05,baseline,0.0014876516869545,3.9808400892330215e-09,2.1712527254491462e-09,7.90673468326213e-10,4.219310665875542e-05,693.992452117345,0.100217319633206,0.0499146681124574,230.7299820901205,111.98423491277356,0.011999118801795619,3.151427590130929e-06
0.87,2.4963510338572497,9.729875260332737,81.26178319123522,93.4880094854252,0.0003829190647714,4.879683136776486,81.07716774025896,2.538639372041408,2.31155275151484,0.1419441483328048,0.0424712149448354,2.269726854515556e-08,0.0002000650013609,0.2110850703083243,7.694811884667599,15.30085529628352,1.6855287352087107,24.89228098646815,1154.6615257405415,4500.453846830015,37586.80301424078,0.2007448093843038,2558.1673812261315,42504.59713503943,1330.8783075088818,1211.8284493396682,74.41403059231823,22.265477832787116,1.1899012785798112e-05,0.1048838103337529,0.0267023658712771,0.1040761838217298,0.869221450306993,4.208269855291519e-06,0.0536275817453127,0.8910358149897079,0.027899575982705,0.0254039003488153,0.0015599622361985,0.0004667574691707,2.494423490589035e-10,2.1987087919701738e-06,347.78481113367235,347.748421913187,0.0602752007581401,-0.0602752007581401,3.1452155188948074e-05,74.22706157656988,256.9393347210844,944.984855077762,688.0455203566776,382.8769097961325,3427.4635666394256,87.88060563876223,4487406.3725135075,285.27042835507814,41,0.05,baseline,0.0014853114525654,3.982543399687709e-09,2.1721746060906646e-09,7.91691236113769e-10,4.221364287427539e-05,694.7679237283277,0.1004836476330589,0.049900753837494,230.7344484589373,112.0005567419603,0.012042303985172833,3.1604272793065436e-06
0.88,2.4928230829446365,9.729875260332737,81.27119520766576,93.49389355094311,0.000381263848593,4.8863034734204565,81.08714307883832,2.5349815822695345,2.308590204642742,0.1415123203490388,0.0423392941042632,2.265243595576453e-08,0.0002004917216637,0.2075571193957111,7.704223901098124,15.30085529628352,1.6855287352087107,24.898165051986062,1152.9700675762335,4500.221059876677,37589.21203501417,0.1998284562880954,2561.015117619991,42499.488703298346,1328.637525359426,1209.9810105205777,74.16960361032952,22.19092057220795,1.1872621348469342e-05,0.1050819567248387,0.0266629507903245,0.1040696337566806,0.8692674154529948,4.189645784075086e-06,0.0536947859669192,0.891053291301076,0.0278564960671104,0.0253687184183109,0.0015550556354422,0.0004652595458479,2.4892389653864205e-10,2.203170585173605e-06,347.8058500257115,347.7714369313919,0.0573463241052474,-0.0573463241052474,3.145803968914262e-05,74.22842080810882,243.78719344158435,928.9806047386834,685.193411297099,384.1159724529691,3428.908094597129,88.08316202199956,4487406.372663121,286.1153712081946,41,0.05,baseline,0.0014830943063727,3.984151263972137e-09,2.1730448264924924e-09,7.926573807037711e-10,4.223308749765288e-05,695.5043539838956,0.1007378830289251,0.0498875486541905,230.73867362335585,112.01599491825677,0.012083535506659115,3.1690163225241327e-06
0.89,2.489466948975936,9.729875260332737,81.280091174585,93.49943338389366,0.0003796848158175,4.892602039355315,81.09657328978946,2.531502920239458,2.305770300737961,0.1411021834973741,0.0422147799247823,2.2609420962231598e-08,0.0002008987639789,0.2042009854270099,7.713119868017363,15.30085529628352,1.6855287352087107,24.9037048849366,1151.361987571782,4500.002911535139,37591.5042227341,0.1989549789060329,2563.725213607873,42494.633327591815,1326.5084330862603,1208.22445995813,73.93759447784747,22.120559736825182,1.1847344648040355e-05,0.1052710239771144,0.0266254763144348,0.1040634676403163,0.8693110560452488,4.1718862965101706e-06,0.0537587455487597,0.8910698260953595,0.0278155509584482,0.025335254716035,0.0015503971747535,0.000463845944166,2.4842693085120836e-10,2.207427754583327e-06,347.825494440606,347.7931676192584,0.0545498217118251,-0.0545498217118251,3.1463571478548376e-05,74.22969780989278,231.29530539664017,913.7646624443322,682.469357047692,385.3012415827697,3430.270309395094,88.27585358013023,4487406.372837471,286.92445080496753,41,0.05,baseline,0.0014810004995916,3.985653230291886e-09,2.173857726160477e-09,7.935705158387924e-10,4.225137704821573e-05,696.20185570654,0.1009812649127294,0.0498750493745682,230.7426431769936,112.03048830630324,0.012122953155312909,3.1772312465758904e-06
0.9,2.486274106185228,9.729875260332737,81.28830369384468,93.50445306036264,0.0003781409178448,4.898592954412292,81.10529200963573,2.5281967139668726,2.3030855919535687,0.1407108903761011,0.0420994829377105,2.256666464551803e-08,0.000201288328446,0.2010081426363017,7.721332387277055,15.30085529628352,1.6855287352087107,24.908724561405585,1149.835944301048,4499.809687139382,37593.68816411544,0.1981032201932417,2566.310581292546,42490.03152949696,1324.490121760003,1206.5572663940502,73.71664684856583,22.055383971570212,1.1822388755960931e-05,0.1054523966349383,0.0265899005321189,0.104057881115582,0.869352218352299,4.15454748914341e-06,0.0538197166682646,0.8910852313874607,0.0277767171295128,0.0253034728901198,0.0015459582624352,0.0004625373581095,2.479347658954933e-10,2.2115086732890165e-06,347.84259476570145,347.81322503255524,0.0519011291047095,-0.0519011291047095,3.1468550369131086e-05,74.23084539956878,219.50989733999484,899.3043085603733,679.7944112203785,386.4503210433474,3431.516209364321,88.45916981778505,4487406.37253685,287.71339886835807,41,0.05,baseline,0.0014790621320321,3.986962106347851e-09,2.1745660912687102e-09,7.944106487937533e-10,4.226786601093848e-05,696.8522064987279,0.1012188865369869,0.049863403123779,230.74621045374317,112.04345020048171,0.012161031392919457,3.1852116292965362e-06
0.91,2.483237565746357,9.729875260332737,81.29592160912333,93.50903443520242,0.0003766418634791,4.904289827412544,81.11338959889545,2.5250548360303178,2.300530596889873,0.1403380530312176,0.0419922739617827,2.2524610609746404e-08,0.0002016607102726,0.1979716021974311,7.728950302555697,15.30085529628352,1.6855287352087107,24.91330593624536,1148.3875310657093,4499.636918319775,37595.767714778725,0.1972779263058585,2568.7747990033,42485.66834258831,1322.57624593084,1204.9746710717018,73.50643348049746,21.994763544139964,1.1797967519836736e-05,0.1056260883282381,0.0265561245578589,0.1040527829113143,0.8693910925308267,4.137731478213853e-06,0.0538777984202826,0.8910996306881845,0.0277398767697986,0.0252732868816438,0.0015417329721518,0.0004613208744467,2.474520211150627e-10,2.215414561478837e-06,347.85763705939,347.8318245939076,0.0493885560327055,-0.0493885560327055,3.147306741818689e-05,74.23188502791642,208.37544276488416,885.5640012744345,677.1885585095504,387.5599542094287,3432.662595305474,88.63351199659839,4487406.374124577,288.47869086433496,41,0.05,baseline,0.0014772600480473,3.988114634725437e-09,2.1751898159928383e-09,7.95187735235202e-10,4.228284775862034e-05,697.4605297448935,0.1014495750407634,0.0498525156365589,230.7494421332452,112.05514227858596,0.012197700567422776,3.192929314804357e-06
0.92,2.4803425340975584,9.729875260332737,81.30153349276607,93.51175128719636,0.0003749064024593,4.909707312298176,81.11945301660613,2.522078746684448,2.298089201350112,0.1399693122263578,0.0419091141186282,2.247210946948604e-08,0.000202027342831,0.1950765705486327,7.734562186198431,15.30085529628352,1.6855287352087107,24.91602278823929,1147.0307334792608,4499.566411935828,37597.77382083477,0.1963355395912833,2571.175173515054,42481.62067888896,1320.792838889127,1203.4912725313989,73.30082991890818,21.947474036978203,1.176846730144674e-05,0.1058001333312222,0.0265243939927918,0.1040497598045193,0.8694258462026888,4.118412134619565e-06,0.0539339900299288,0.8911113212944219,0.027705474344193,0.0252449101727586,0.0015375872755597,0.0004603789185916,2.46860036858572e-10,2.219305551418459e-06,347.86154519943995,347.84564749162314,0.0471539497423526,-0.0471539497423526,3.1475510353063994e-05,74.23243660154168,198.42356529810468,872.52767353201,674.1041082339053,388.7489388510806,3433.4288618209675,88.79972948506787,4487406.373918631,289.32955589106325,41,0.05,baseline,0.001475874040372,3.988422594435326e-09,2.1753562417819903e-09,7.957360990798794e-10,4.229112097402481e-05,697.9534866636116,0.1017087532617471,0.0498437044332856,230.7511566970917,112.06086467436104,0.012236071249549828,3.201334916287352e-06
0.93,2.4775759180598844,9.729875260332737,81.30401774866486,93.51146892705748,0.0003727152543523,4.914859669801063,81.12235960651032,2.5192681099446443,2.2957474805870275,0.1395931902146675,0.0418625320038398,2.2400382557321542e-08,0.0002023975356524,0.1923099545109585,7.737046442097224,15.30085529628352,1.6855287352087107,24.91574042810041,1145.775971308379,4499.663237704931,37599.73174916796,0.195164180574052,2573.558631937477,42477.94704928395,1319.1595744533806,1202.117891934157,73.09491700119874,21.920398105202008,1.1729469763564984e-05,0.1059810370908053,0.02649488823657,0.104050073985282,0.8694550377781479,4.094230358064227e-06,0.0539891175119537,0.8911189535183887,0.0276738444573788,0.0252184983568822,0.0015334136998204,0.000459854667589,2.460653950367831e-10,2.223311563423215e-06,347.84711084864745,347.8520972142813,0.0453051459628157,-0.0453051459628157,3.147459682518659e-05,74.23219814608787,190.05951119049385,860.1737327606055,670.1142215701117,390.1124157332294,3433.592268822337,88.95857402465431,4487406.262195482,290.3535240720633,41,0.05,baseline,0.0014751247223404,3.987339409862406e-09,2.174769408971903e-09,7.959240730714387e-10,4.228855510173013e-05,698.2728583949112,0.1020247241657922,0.0498380096160592,230.75041545951004,112.05688087300868,0.012278631001702974,3.211187059319181e-06
0.94,2.474907467749839,9.729875260332737,81.29900810287837,93.50379083096097,0.0003692342157047,4.919764132512517,81.11773510950886,2.516643060508198,2.29346806731202,0.1391681218437174,0.0419020443783964,2.2275876705415306e-08,0.0002028048715438,0.1896415042009131,7.732036796310732,15.30085529628352,1.6855287352087107,24.908062332003876,1144.6731654220152,4500.179202066312,37601.72619116213,0.1933385818227346,2576.089050866375,42474.90400316525,1317.7657421155889,1200.90675438476,72.87127294213346,21.940766838547077,1.1664104321595484e-05,0.1061927757052209,0.0264685254550166,0.1040586180930643,0.8694728564519191,4.056214954743251e-06,0.0540459686543838,0.8911172265496756,0.0276465310732358,0.0251948467319048,0.0015288285674406,0.0004603140549083,2.4471118975269916e-10,2.2279087848908703e-06,347.7864051612296,347.8408278718876,0.0442738793310617,-0.0442738793310617,3.14653587353331e-05,74.22999837221593,184.92266317615577,848.515834681952,663.5931715057962,392.00957021287473,3432.2852958248213,89.11178240454385,4487406.086470963,291.8830560132148,41,0.05,baseline,0.0014758804374194,3.9827502013248156e-09,2.1722841560280563e-09,7.952396184104251e-10,4.225912227626329e-05,698.1900994598766,0.1025050588264473,0.049839532415877,230.74357747346696,112.02871130563376,0.01233472175443185,3.2253584481605865e-06
0.95,2.4721879187301106,9.729875260332737,81.26030400023376,93.4623671792966,0.0003595706951239,4.924464846197455,81.07932232456331,2.514360273362013,2.2910501407732675,0.1384497065429013,0.0423285007188186,2.1900258937769814e-08,0.0002034465084667,0.1869219551811849,7.693332693666129,15.30085529628352,1.6855287352087107,24.86663868033954,1144.0363263521635,4502.623228744559,37604.23670156946,0.1883640604113003,2579.7213353624047,42474.068592227006,1317.168269967086,1200.185423823585,72.52801532722435,22.174132582661755,1.1472630427111523e-05,0.1065771235836638,0.0264511588283175,0.104104738131307,0.8694441030403754,3.9517371777609256e-06,0.0541206251710376,0.8910742080000398,0.0276332056679518,0.025178993005217,0.0015215835439731,0.0004651967255333,2.4068721011074553e-10,2.2359083821231893e-06,347.5119799906722,347.7493779294037,0.0466539200483054,-0.0466539200483054,3.141801375709216e-05,74.21881700435499,192.77024804109797,837.7846803264322,645.0144322853342,396.5673628159758,3424.296709663828,89.26792460354761,4487406.584366326,295.8987499987494,41,0.05,baseline,0.0014833983915622,3.962013595558119e-09,2.161055519235828e-09,7.90619019712876e-10,4.210683168015662e-05,696.3317636023042,0.1037899687854106,0.0498730547345062,230.70882024757643,111.88956794551244,0.012459358860566086,3.260874667148196e-06
0.96,2.4691460102194926,9.729875260332737,81.13997968429852,93.33900095485076,0.0003356864825815,4.929042877322389,80.95905963848611,2.512737403578477,2.288094979431868,0.1369929244200255,0.0437224198933711,2.0933279750936642e-08,0.0002046808731199,0.1838800466705671,7.5730083777309,15.30085529628352,1.6855287352087107,24.743272455893692,1144.4395542857374,4509.759269036164,37608.0644078224,0.1761307031821844,2586.2101485932085,42478.25528581238,1318.403417382033,1200.5362103821735,71.87855740727404,22.9406334786676,1.0983442806775184e-05,0.1073936186924417,0.0264535294460013,0.1042423334382933,0.8693041371157053,3.694132038779541e-06,0.0542426822599623,0.8909308880715826,0.0276519437905704,0.0251798192953354,0.001507567261256,0.0004811525054537,2.3036465099808319e-10,2.252453436025067e-06,346.7164926564541,347.460358853336,0.0570046389866416,-0.0570046389866416,3.127795998620935e-05,74.18582190511634,229.52293081626976,828.3723931277596,598.8494623114898,407.5424213180978,3400.0287939125387,89.44257498880287,4487406.326731944,306.0003685702528,41,0.05,baseline,0.001507671719646,3.902313642124871e-09,2.1287299143400063e-09,7.765432828850104e-10,4.165712481403044e-05,690.1926776330826,0.1070347468979412,0.0499850063427672,230.6062551471538,111.48033853300495,0.01274709554667034,3.3478285306078502e-06
0.97,2.464946930990725,9.729875260332737,80.79563704006529,92.99045923138874,0.0002784588381438,4.933798222278381,80.61392707341211,2.51291095452381,2.283166083530543,0.1334674473064346,0.0480349413156139,1.8487852986575692e-08,0.0002075595434571,0.1796809674417993,7.228665733497652,15.30085529628352,1.6855287352087107,24.39473073243168,1147.5796117695054,4529.836457505612,37615.18133367752,0.1467888669927597,2600.8391611726943,42495.42624619722,1324.674606584796,1203.565183248484,70.35702476215738,25.32149691776186,9.74582459338698e-06,0.1094144844555739,0.0265075250876778,0.1046330488176408,0.8688594260946814,3.0760166335848787e-06,0.0545015755278004,0.8905078475129152,0.0277590610747293,0.0252211669666922,0.0014743582595307,0.0005306216152628,2.0422746746003287e-10,2.292822208083808e-06,344.47645996335257,346.5973461850694,0.0878736019798014,-0.0878736019798014,3.088199842520409e-05,74.0928635654241,332.4619557420838,821.3373418148418,488.875386072758,434.9594763915574,3330.4663772414806,89.68366402960137,4487401.093849988,332.5146001374311,41,0.05,baseline,0.0015811739958195,3.737596587015202e-09,2.039545975278453e-09,7.371390207621732e-10,4.039647540107995e-05,672.3718415196951,0.1155140197414564,0.0503213721677685,230.3172946146609,110.32507648976387,0.013432417864951671,3.5673037757446508e-06
0.98,2.4577184681484634,9.729875260332737,79.95793713953259,92.1455308680138,0.0001757210859351,4.939837273927559,79.77174554707543,2.518472816304085,2.271565170101091,0.1252614960707909,0.0607160808906524,1.3572543561696833e-08,0.000214001923442,0.1724525045995375,6.390965832964947,15.30085529628352,1.6855287352087107,23.549802369056717,1156.5707161348998,4578.754215987972,37627.17732589063,0.093703069679891,2634.162620966688,42538.19279401094,1342.9727715209372,1211.309549355386,66.79555064244043,32.376781238906005,7.237543453174925e-06,0.114116282842211,0.0266721396577422,0.1055924814657531,0.8677353788765045,1.95924883160739e-06,0.0550780252453181,0.889436224608994,0.0280803803170132,0.025327418060016,0.001396636257487,0.0006769700398315,1.513306725466197e-10,2.386071177708298e-06,338.95679361336977,344.2142085167184,0.1539559376183512,-0.1539559376183512,2.991439997903124e-05,73.86725439981944,521.6519103777648,817.4693199200475,295.8174095422827,486.6490509942184,3156.966047674379,90.0986843419473,4487508.567675785,389.4788059483102,41,0.05,baseline,0.0017866621866547,3.352818492524464e-09,1.8312255948854798e-09,6.454687936626136e-10,3.737768047586411e-05,629.0043776373885,0.1335621457853886,0.0512178160349583,229.61598965542612,107.49826963657642,0.01455781436085702,3.995431451081797e-06
0.99,2.4461007574115925,9.729875260332737,78.52201057130466,90.697986589049,7.661248748031755e-05,4.948748998059406,78.31862363217103,2.538264833646162,2.242861428627165,0.1111462349783712,0.0920164813185918,7.716846662136475e-09,0.0002242151202884,0.1608347938626664,4.955039264737035,15.30085529628352,1.6855287352087107,22.10225809009193,1172.384523064735,4663.403636175375,37634.58624293823,0.041671066869674,2691.723728097796,42599.06850505916,1380.6130970879285,1219.9372666988088,60.45466401656924,50.04960773691435,4.19734750635168e-06,0.1219550960688199,0.0269697360371937,0.1072777426076571,0.865752521355149,8.681108652832842e-07,0.0560752289354765,0.8874434229352874,0.0287615681662966,0.0254142952350456,0.0012594194157296,0.0010426564891047,8.744107721142423e-11,2.5406247530239306e-06,329.2151940125173,339.07807688034023,0.219926796383421,-0.219926796383421,2.8227351760653265e-05,73.48241522637895,695.8123108796356,814.4254399519447,118.61312907230916,511.7174667289213,2846.41450249572,90.76571217953557,4487644.088458336,446.2414460955309,41,0.05,baseline,0.0022514339681037,2.7438712700161247e-09,1.501497310402564e-09,5.031185367856093e-10,3.236908866671115e-05,556.1620336438125,0.1523815833977101,0.0530297887211916,228.4197190158079,102.55842675760168,0.014444428935427642,4.301328556412484e-06
1.0,2.4324688150831832,9.729875260332737,76.95348624320873,89.11583031862465,2.8775921435292774e-05,4.960057400703836,76.71031420320871,2.5803157425898875,2.189502117039011,0.0952963287025115,0.1476415934202284,3.9346847363819235e-09,0.0002341139425921,0.1472028515342579,3.3865149366410883,15.30085529628352,1.6855287352087107,20.520101819667573,1189.253189716991,4757.012758867964,37623.16639255617,0.015994157226481,2756.8861034604465,42636.92577204877,1434.1843326806768,1216.9633277037349,52.96735563452807,82.06176346572666,2.1869661568210862e-06,0.1301245979264366,0.0272955860522887,0.109182344209155,0.8635220697385562,3.319658050120173e-07,0.0572203900275803,0.8849482462083972,0.029767129945784,0.0252586119437664,0.0010993608855777,0.0017032281841335,4.539144954640903e-11,2.700793564226984e-06,318.1499999999999,331.2809294295172,0.2286526739694933,-0.2286526739694933,2.63312876441082e-05,73.06817248396845,766.7251707869382,806.5433902004927,39.81821941355454,456.668247871154,2489.547829855556,91.54838659959907,4487371.081805671,442.5379323912296,41,0.05,baseline,0.0030081974362783,2.1535811461000013e-09,1.1816473514217948e-09,3.6956979853819436e-10,2.7172050376905884e-05,479.796963964988,0.1550016142140931,0.0555047747956188,227.1320475295858,96.98643047113988,0.012024662992626261,4.0813920891723754e-06
0.0,4.031891978357566,9.729875260332737,75.23565266530295,88.99741990399325,0.0009519285124809,2.156747525965653,74.46961030396764,4.308157775430463,3.264969958936619,0.4888245826410305,0.2771455082674405,2.6554526959764645e-08,7.22438724584953e-05,1.7417130263823344,1.6681384637478156,15.30085529628352,1.6855287352087107,20.39623552162238,1954.922239258481,4717.673398428654,36479.11485972942,0.5727279181862065,1297.6074404791243,44804.6511038623,2592.00370783019,1964.3696170510636,294.10137621004293,166.74463250499485,1.5976534734155458e-05,0.043465535628328,0.0453034704006813,0.1093276105175737,0.845368919081745,1.1203577153190909e-05,0.0253835104110218,0.8764586979689005,0.0507042045619137,0.0384265649764612,0.0057531462228414,0.0032618217059619,3.1252944696952956e-10,8.502632165355988e-07,323.89682507938653,316.75,0.6887347780419524,-0.6887347780419524,2.630432012069493e-05,72.9789022450182,8099.774060213578,9414.203359062049,1314.429298848468,106.37013740376614,2295.032697220669,0.0,4487399.3259252375,100.75373582976616,41,0.05,viscosity_090,0.0039698182643349,2.44529788238839e-09,1.3398793695152043e-09,3.21804005169828e-10,2.777062430993596e-05,313.9236228505737,0.0442949995186466,0.0588927063396488,226.8545514397435,97.2211608765196,0.0027979941455509695,1.165149847084508e-06
0.01,3.992234413692757,9.729875260332737,75.55851512640345,89.28062480042894,0.00103339551981,2.2262810651512406,74.83132885251287,4.23950514030061,3.2640890548808845,0.4788820948373156,0.2482298684547525,2.8462861365497923e-08,7.428213576586618e-05,1.7020554617175243,1.9910009248483076,15.30085529628352,1.6855287352087107,20.67944041805806,1929.134523804075,4701.687409095011,36511.51836118991,0.6177534166503168,1330.8483615972416,44733.41347524134,2534.3334039311235,1951.2395082516716,286.2708852393714,148.38931117175164,1.7014811385492787e-05,0.044405111388409,0.0447155743210432,0.1089808150657788,0.8463036106131779,1.211633839206455e-05,0.0261026627502483,0.8773811046438448,0.0497072784912237,0.0382707363953367,0.0056147887229242,0.0029104413823744,3.3372087772762547e-10,8.709419347879342e-07,325.9289812993367,320.8959667782851,0.6350032015638153,-0.6350032015638153,2.6678140453388036e-05,73.06222815881756,7621.449239063493,9084.534464076612,1463.0852250131188,105.7588975690154,2368.3968159115943,2.2769287514132985,4487399.751010073,98.1198929479085,41,0.05,viscosity_090,0.0036955103203054,2.555392759648894e-09,1.3995429464593911e-09,3.4492041046723855e-10,2.8755134547889985e-05,327.7305809399062,0.0427454492830748,0.0581815930220284,227.11356962468128,98.42081508445166,0.0028214507235416707,1.1403690997170445e-06
0.02,3.955400349548738,9.729875260332737,75.83253437063672,89.5178099805182,0.0010930571372071,2.2897710383073,75.1372141010828,4.1810409229447085,3.259063299080729,0.4685865791383831,0.2266574141924348,2.9941368715668535e-08,7.624628209552587e-05,1.6652213975735064,2.265020169081584,15.30085529628352,1.6855287352087107,20.91662559814732,1905.981268372778,4688.516547234884,36541.27958505089,0.6498380334880658,1361.3014892098868,44670.14375659992,2485.688367802764,1937.5595412140383,278.5813940927483,134.75106039803734,1.7800570074356833e-05,0.0453295004727135,0.0441856246305573,0.1086920609703281,0.8471223143991145,1.2774805879458765e-05,0.0267610717931205,0.8781456081218443,0.0488647705106847,0.0380894095810984,0.0054764772878274,0.0026489964420769,3.4993154528525696e-10,8.91107536509533e-07,327.5647308443585,323.8426026526478,0.5952266270777133,-0.5952266270777133,2.6982655699697704e-05,73.13182489394693,7216.136300910218,8794.55492099895,1578.4186200887316,105.96144454687844,2428.9415804372416,4.391746955450326,4487399.578625045,96.6844852104014,41,0.05,viscosity_090,0.0034858725903216,2.6466280593845892e-09,1.4489741327223794e-09,3.6486054608207024e-10,2.9571664672249245e-05,339.7908334832956,0.0418009854824889,0.0576093277456025,227.32991072661284,99.374571084295,0.002859121175651032,1.1279015991820602e-06
0.03,3.920647502237422,9.729875260332737,76.07179737771966,89.72232014028982,0.0011364069384619,2.349047560250786,75.40373071469902,4.129305078965378,3.2515226211165698,0.4582726171469371,0.2097158570354598,3.1103717916426774e-08,7.815773466913636e-05,1.6304685502621905,2.5042831761645137,15.30085529628352,1.6855287352087107,21.12113575791893,1884.7236035004744,4677.320659865312,36569.0391693396,0.6723523519778226,1389.8081739803486,44612.43061622541,2443.0931279194524,1923.7553096742604,271.1358594860391,124.07786766567608,1.840243770833396e-05,0.046241830238361,0.0436975715307751,0.1084443117957616,0.8478581166734631,1.3244402498128672e-05,0.0273772803757398,0.8788025887959078,0.0481255232191776,0.037895293374505,0.0053409978326774,0.0024441607375056,3.625023267025842e-10,9.108994861479897e-07,328.9296987899112,326.06462629211006,0.5646865306145414,-0.5646865306145414,2.723976018134369e-05,73.19174326154122,6865.340039032445,8533.22471683539,1667.8846778029445,106.74465319111523,2480.6705485548136,6.387072636828517,4487399.422792282,96.0557962001506,41,0.05,viscosity_090,0.0033176623645727,2.7245741496091467e-09,1.491197746581086e-09,3.8252890049819613e-10,3.0270934900252517e-05,350.6275942749222,0.041255324278487,0.057129684195141,227.51616667162517,100.16484992011422,0.002907698753566682,1.1237851395495517e-06
0.04,3.8875117134824793,9.729875260332737,76.28501107700122,89.90239805081643,0.0011671683068578,2.4052032976265854,75.64091251050216,4.082345921542228,3.2423260411639223,0.4480971260854851,0.1959213779262161,3.2023467287868926e-08,8.003046385458359e-05,1.597332761507248,2.717496875446072,15.30085529628352,1.6855287352087107,21.30121366844555,1864.906139281252,4667.588278770871,36595.23005403261,0.6875597861208648,1416.8659782626617,44558.82611113565,2404.8433051127968,1910.0013136908008,263.9666981723751,115.4140837375046,1.886450153754655e-05,0.0471446391130566,0.0432414685010415,0.1082270937292798,0.8485314377696785,1.3569191555403286e-05,0.0279622605269707,0.8793813413625372,0.0474602792753624,0.0376944292259502,0.0052094592558364,0.002277730376381,3.722964026217372e-10,9.304131100287616e-07,330.09790762756444,327.80954234232627,0.5406176033361889,-0.5406176033361889,2.7462340736688938e-05,73.24444476792125,6556.858750055535,8293.601019467651,1736.742269412116,107.96526683345688,2525.9509128807854,8.28955532215171,4487399.385009345,96.00542554158974,41,0.05,viscosity_090,0.0031780214276553,2.79261223809484e-09,1.5280490933971975e-09,3.984828284266448e-10,3.0883451938073007e-05,360.5548541815826,0.040990395846678,0.05671609885542,227.6799890397652,100.83853380594876,0.0029649789455079337,1.1256922176732302e-06
0.05,3.85567995008449,9.729875260332737,76.47745617979115,90.06301139020837,0.0011876763403235,2.458931273415858,75.85483901720934,4.038986967942019,3.2319570189748577,0.438122402999571,0.184412851774268,3.2745150724883465e-08,8.187516420501563e-05,1.5655009981092585,2.9099419782360147,15.30085529628352,1.6855287352087107,21.461827007837503,1846.2378599440465,4659.01327670249,36620.149197873165,0.6968786850722706,1442.7977844825125,44508.43944258464,2369.908224724481,1896.3768841094427,257.071858499654,108.20573020749802,1.921348165732882e-05,0.0480409138702919,0.0428109152755209,0.1080340875809374,0.8491549971435416,1.3776786244497002e-05,0.0285230659175463,0.87989957134797,0.0468513670033092,0.037489995792699,0.0050821242203124,0.0021391488180526,3.798365992183161e-10,9.497340291196666e-07,331.11320282023166,329.2171435811028,0.5214202993171204,-0.5214202993171204,2.7658036605458992e-05,73.2914110414904,6282.886428849372,8071.213884908213,1788.3274560588409,109.5465376609553,2566.196232380648,10.117167731074572,4487399.457967373,96.40775188605,41,0.05,viscosity_090,0.0030594338323941,2.8527509295844322e-09,1.5606182995102946e-09,4.130521053593353e-10,3.142737061444128e-05,369.7602390475641,0.0409406086741484,0.0563527657514176,227.8259834654905,101.42304015582398,0.003029842148627993,1.1323368533593685e-06
0.06,3.8248773453170455,9.729875260332737,76.65380782862614,90.20856043427592,0.0012003511174,2.510825893864081,76.05077363524511,3.99832283183264,3.2207265346360128,0.428388289188566,0.1745621703780101,3.33144635659624e-08,8.370056650402343e-05,1.534698393341814,3.0862936270710075,15.30085529628352,1.6855287352087107,21.60737605190505,1828.4661584524408,4651.32500556233,36644.02303063704,0.7017436312783107,1467.8672387827744,44460.44601342798,2337.480710736213,1882.8860164393768,250.4423491548302,102.05171599308376,1.947614518617265e-05,0.048932631983389,0.0424003811490127,0.1078597775365423,0.849739841314445,1.389538388660052e-05,0.0290655702001828,0.8803713173722307,0.046284982656753,0.0372834506035734,0.0049590654305322,0.0020207490411093,3.8565154271518375e-10,9.689260802443596e-07,332.01370168373813,330.4030122722557,0.5057242355980406,-0.5057242355980406,2.783346159682556e-05,73.33397233268326,6035.866834007922,7862.246536814287,1826.379702806366,111.4083704580638,2602.630962933564,11.88569126513942,4487399.389637599,97.14761191929134,41,0.05,viscosity_090,0.0029562930535765,2.906878511626982e-09,1.589929555238951e-09,4.2656750250543587e-10,3.191926738544634e-05,378.42090393808667,0.0410489152044974,0.0560269200924366,227.95828502560215,101.94215333592848,0.0031008806007094343,1.1425334049357274e-06
0.07,3.794936307759841,9.729875260332737,76.81686222857894,90.34167379667151,0.0012065639524801,2.5612349082603383,76.23187369777781,3.959813592624873,3.208826759447523,0.4189046144711179,0.1659983698887171,3.3756234472736284e-08,8.551268503348751e-05,1.5047573557846097,3.249348027023798,15.30085529628352,1.6855287352087107,21.74048941430064,1811.438740291513,4644.365953845167,36667.02913141215,0.7029713388032669,1492.2331541137662,44414.40688050877,2307.0766012004383,1869.5347548216064,244.0632649933836,96.71438971797954,1.9667142625534992e-05,0.0498216166321623,0.0420064865778439,0.1077008522360498,0.8502926611861062,1.39409891902594e-05,0.0295932495715428,0.8808051367599768,0.0457528325595601,0.0370757132888973,0.0048401451825966,0.0019179932198888,3.90029305053367e-10,9.88038317597189e-07,332.8206377934465,331.4183578695836,0.4927829817900834,-0.4927829817900834,2.799234081117183e-05,73.37288578660875,5811.378871925836,7664.373365298418,1852.9944933725828,113.51391078392722,2635.946006742048,13.604748142114953,4487399.4265994625,98.16777806745476,41,0.05,viscosity_090,0.0028652853678273,2.956017965665947e-09,1.616537699308497e-09,4.3920262997025637e-10,3.236825911745961e-05,386.6310979421369,0.0412858940260782,0.0557311985225731,228.07924730187213,102.4083516240517,0.0031775200774726443,1.155688816271904e-06
0.08,3.765704135023792,9.729875260332737,76.9690514211024,90.46463081645894,0.0012076159267026,2.6104683865585128,76.4008545043503,3.9230199204272265,3.196386953346997,0.4096734472335048,0.1584361185165836,3.4094241501114944e-08,8.73169077993748e-05,1.47552518304856,3.401537219547273,15.30085529628352,1.6855287352087107,21.86344643408806,1795.0211260695346,4637.9989027492265,36689.30654148119,0.7013247565904992,1516.0334219749052,44369.91058479567,2278.2996894598477,1856.3065064453983,237.91846754384923,92.01201292300496,1.980028177269617e-05,0.0507094248713999,0.0416262588045478,0.1075544682216566,0.8508192729737954,1.3928651166337905e-05,0.0301091619720587,0.8812080295321416,0.0452481412193913,0.0368671511209441,0.0047251766165484,0.0018274033806358,3.9324323748080246e-10,1.007113870203448e-06,333.55256779521574,332.3096060544526,0.4819552644303874,-0.4819552644303874,2.813791447563154e-05,73.40882391155988,5605.332971594082,7475.586909005766,1870.2539374116843,115.82746353268844,2666.7445000857406,15.283105729918434,4487399.438159632,99.4168908304987,41,0.05,viscosity_090,0.0027838154277272,3.0011128057954034e-09,1.640954301629021e-09,4.511256548570917e-10,3.278259092178621e-05,394.4794623742211,0.0416260441947627,0.0554594768845711,228.19096078295465,102.83272683184532,0.003259143262812118,1.1712700715110915e-06
0.09,3.737068441258062,9.729875260332737,77.11220170296137,90.57914540455216,0.00120449035621,2.658750117820958,76.55974572589338,3.8876280174016262,3.183497125110151,0.4006918422414586,0.1516749835653297,3.4346183739961574e-08,8.911726554031705e-05,1.4468894892828297,3.544687501406236,15.30085529628352,1.6855287352087107,21.977961022181294,1779.1140145250445,4632.122131916585,36710.96767348363,0.6973774848095653,1539.3668038466428,44326.66698966424,2250.8642220943016,1843.1855486111529,231.99311450305837,87.81699081439466,1.988580075040906e-05,0.0515972371013124,0.0412574928209716,0.1074184925997739,0.8513240145792544,1.3869701098846773e-05,0.0306154957908775,0.8815851317922108,0.044766019343256,0.0366579552477687,0.0046139647826838,0.0017465367616914,3.954961531267571e-10,1.0261849166480509e-06,334.2228507306852,333.1049119999292,0.472784703641184,-0.472784703641184,2.8272528329610363e-05,73.44228050270748,5414.653484200724,7294.408413982162,1879.7549297814385,118.32407423791626,2695.4626020006194,16.92721663291884,4487399.416125731,100.85913578745554,41,0.05,viscosity_090,0.0027100452763947,3.042848804683728e-09,1.663551118927101e-09,4.6245923928896345e-10,3.316824712851134e-05,402.0296147172026,0.0420515440054935,0.0552073770460666,228.29496042866063,103.22298616806562,0.0033453207409664073,1.1889034691991717e-06
0.1,3.7089439518363583,9.729875260332737,77.24763418160322,90.68645339377233,0.0011979049759633,2.706244838922152,76.71001848141681,3.85340912325517,3.170221298155413,0.3919525548094011,0.1455721938983309,3.452473701157739e-08,9.091701843111788e-05,1.4187649998611265,3.6801199800480817,15.30085529628352,1.6855287352087107,22.08526901140144,1763.6436824370962,4626.662806616588,36732.100505358976,0.6915470436492542,1562.3072408081164,44284.46960614763,2224.5618313882305,1830.159495489308,226.2730650327468,84.03840233401284,1.993102983308264e-05,0.0524861291797206,0.0408985445238622,0.1072913858267712,0.8518100696493665,1.377239341100676e-05,0.031113877424349,0.881940199173165,0.0443029017191886,0.0364482457241946,0.0045063046665641,0.0016736532231688,3.969332042824105e-10,1.0452790252266076e-06,334.8409508777374,333.82288413539266,0.4649543950211202,-0.4649543950211202,2.8397851950988644e-05,73.47360920733828,5237.063996613827,7119.73961166458,1882.6756150507529,120.98834757848414,2722.411486449253,18.541976871585707,4487399.454592498,102.47133199808088,41,0.05,viscosity_090,0.0026426598226619,3.081710268403514e-09,1.6845906786152606e-09,4.732894440816383e-10,3.352946736744766e-05,409.3263325896125,0.0425505924740459,0.0549717636065924,228.3923455498063,103.5845234472708,0.003435809182328548,1.208345425504807e-06
0.11,3.6812537414891287,9.729875260332737,77.3765485004523,90.78767750227416,0.0011885286693949,2.7531003218942387,76.85299619213734,3.8201692803347047,3.156605658103792,0.3834481715900433,0.1400113831288992,3.4641950923261675e-08,9.271902502180828e-05,1.3910747895138968,3.809034298897169,15.30085529628352,1.6855287352087107,22.186493119903293,1748.5440992947906,4621.554820192068,36752.77957056376,0.684218286152898,1584.918927376286,44243.127401434125,2199.214663568119,1817.21095087067,220.7454119952828,80.60247184034502,1.994285615488988e-05,0.0533769643322807,0.0405479448617563,0.1071717608382372,0.8522802943000065,1.3644372037711189e-05,0.0316057374267541,0.8822764643886221,0.0438557455534121,0.0362380000454147,0.0044020053071314,0.001607338089621,3.976914303209219e-10,1.0644193151986748e-06,335.41539833461286,334.4796817781313,0.4581787379817785,-0.4581787379817785,2.8515386151647463e-05,73.50313312956777,5070.473631497939,6950.617368728577,1880.143737230638,123.80457750815772,2747.871220750294,20.131803090244947,4487399.432454528,104.23139754820502,41,0.05,viscosity_090,0.0025805703388681,3.1181511861385676e-09,1.7043190198036e-09,4.83699948163567e-10,3.387017173356016e-05,416.4120310309922,0.043112310095464,0.0547499247478571,228.4841205139134,103.92218864271238,0.0035303353349866854,1.2293641702617252e-06
0.12,3.653944783833326,9.729875260332737,77.4997737817549,90.88359382592095,0.0011768294255448,2.7994155079352785,76.98959850746319,3.787772512537146,3.1426872398603107,0.3751706470869811,0.1349100674740271,3.4705994154497385e-08,9.452534779396124e-05,1.3637658318580943,3.932259580199764,15.30085529628352,1.6855287352087107,22.282409443550087,1733.7694277805476,4616.752923339382,36773.06209913548,0.6756604128752108,1607.245873398488,44202.51804170096,2174.697440551687,1804.3306123473644,215.39906192615544,77.45675788853096,1.992596873486264e-05,0.0542704270740624,0.0402046687417766,0.1070586543812231,0.8527366768770003,1.3490981127174816e-05,0.0320920440676363,0.8825962351953428,0.0434224080155142,0.0360272553704546,0.0043008952779857,0.0015465870708623,3.9786387217620867e-10,1.0836232128862614e-06,335.95193349835563,335.0847689750622,0.4522675660963017,-0.4522675660963017,2.862614880425068e-05,73.53107147996144,4913.408813050867,6786.360700730501,1872.9518876796335,126.76410829683635,2772.031411030075,21.699739784875128,4487399.444422656,106.1261650191384,41,0.05,viscosity_090,0.0025230064522367,3.152470753967857e-09,1.722898291676461e-09,4.937442428386574e-10,3.419296482153093e-05,423.3137767211775,0.0437299241880539,0.0545399858029098,228.57096673592483,104.23916465512607,0.003628768227143386,1.2518193170058321e-06
0.13,3.626968493631832,9.729875260332737,77.6180536766715,90.97489743063606,0.0011632314919639,2.845280291710283,77.120645803603,3.756101207256653,3.1284937613657995,0.3671118588320852,0.1301996419551087,3.4724430543151796e-08,9.633787298006237e-05,1.336789541656601,4.050539475116348,15.30085529628352,1.6855287352087107,22.373713048265177,1719.278365323254,4612.216527867668,36792.99687303717,0.6661153153325874,1629.3272592906217,44162.52796886202,2150.901654036702,1791.5072131083307,210.22370293241832,74.55779537973838,1.988467055851733e-05,0.0551671211464869,0.0398677942604686,0.1069512089062951,0.8531809968332362,1.3317041575153254e-05,0.0325736675798696,0.8829015149299818,0.0430010331417932,0.0358159848452645,0.0042028125274913,0.0014905666300856,3.9753625001668904e-10,1.1029064022082585e-06,336.45571017256844,335.64680481610617,0.4470499353441052,-0.4470499353441052,2.8731050910381464e-05,73.5576227332726,4764.533646052794,6626.367462706592,1861.833816653798,129.85855408732027,2795.062316986655,23.248576464217486,4487399.448248281,108.14341327260055,41,0.05,viscosity_090,0.0024693192651073,3.184945603858554e-09,1.7404783947293802e-09,5.034732880152704e-10,3.4500230903814195e-05,430.0569946122712,0.0443972879306094,0.0543403119308135,228.65350117361533,104.5383279471837,0.0037309727286313236,1.2755807398172032e-06
0.14,3.6002875024970167,9.729875260332737,77.73198366033792,91.06214642316766,0.0011480812326177,2.890762753729007,77.24679469480115,3.7250638584469504,3.1140486481567766,0.3592644592705653,0.1258263138498393,3.4703412830648566e-08,9.81580233418301e-05,1.310108550521785,4.164469458782772,15.30085529628352,1.6855287352087107,22.460962040796787,1705.038528084913,4607.913168273783,36812.62313451949,0.655779570192494,1651.192530903475,44123.071072420105,2127.742102762228,1778.7325722505686,205.21047291113803,71.87150496939323,1.9822455505526585e-05,0.0560674841894938,0.0395365982893309,0.1068487361929489,0.8536146655177201,1.3126477947284491e-05,0.0330512619312967,0.883193904971116,0.0425901645292468,0.0356041800401164,0.0041076161406327,0.0014386232324101,3.9677818108597876e-10,1.1222804555455743e-06,336.93080847805226,336.17204593107346,0.4423894636874543,-0.4423894636874543,2.883081513945555e-05,73.58294505061673,4622.766169766827,6470.161934699281,1847.3957649324536,133.08137667258703,2817.0986851422945,24.780458624519987,4487399.441198686,110.27361372187332,41,0.05,viscosity_090,0.0024189978375761,3.215795368725759e-09,1.757178335087184e-09,5.129272656276595e-10,3.4793859018973565e-05,436.6613533230014,0.0451095776814105,0.054149614699864,228.7322154700189,104.82192355754022,0.003836844569351609,1.3005458951516562e-06
0.15,3.5738730000812167,9.729875260332737,77.84202555868775,91.1457738191017,0.0011316541289861,2.9359140048762726,77.36855631618596,3.69458913051148,3.0993721249449817,0.3516213887123585,0.1217478322974553,3.4647794073480625e-08,9.998690702297612e-05,1.283694048105985,4.274511357132617,15.30085529628352,1.6855287352087107,22.54458943673083,1691.0247310982668,4603.817677726639,36831.97201902054,0.6448089136603242,1672.864059428085,44084.08317689797,2105.152044821823,1766.001397180642,200.3515030502011,69.37109623286597,1.974208009761981e-05,0.0569718673279612,0.0392105179464967,0.1067507011311764,0.8540387809223268,1.2922404272483738e-05,0.0335253207746841,0.8834746740082594,0.0421886627215018,0.0353918556593669,0.0040151788602263,0.0013902434215087,3.956445619726487e-10,1.1417545356050229e-06,337.3803864547058,336.66523624091667,0.4381801140366029,-0.4381801140366029,2.8926001573345818e-05,73.60716118855017,4487.243509473055,6317.3691713338185,1830.125661860764,136.4280882077109,2838.244979387563,26.297040404393613,4487399.453597664,112.50990726675408,41,0.05,viscosity_090,0.002371640306109,3.245188921744703e-09,1.7730896144963851e-09,5.221365225464691e-10,3.507530305565293e-05,443.1415496349553,0.0458632209683464,0.0539668877801409,228.8074912132748,105.09168322239394,0.003946319094144808,1.3266396018890948e-06
0.16,3.5476990865501103,9.729875260332737,77.94860621938922,91.22618056627206,0.0011142038540301,2.98077982746714,77.4864003992066,3.664614510380914,3.0844809224846816,0.344176123445022,0.1179278367691597,3.456216652163352e-08,0.0001018254750572,1.2575201345748783,4.381092017834087,15.30085529628352,1.6855287352087107,22.624996183901192,1677.2141974213976,4599.906736069448,36851.0704631101,0.6333456087577529,1694.361231628769,44045.50500680244,2083.072589943617,1753.3079251940155,195.63963599185067,67.03358393340196,1.9646132362991225e-05,0.0578805370793613,0.0388890454968993,0.1066566110730064,0.8544543434300943,1.2707675546888534e-05,0.0339962770611082,0.8837449556540377,0.0417955224565946,0.0351790048577977,0.0039253844724243,0.0013449860922563,3.941871110621527e-10,1.1613360470389008e-06,337.8073616751084,337.13066108710154,0.4343224066236038,-0.4343224066236038,2.901712602547074e-05,73.63038533630541,4357.17443426104,6167.654592346899,1810.4801580858589,139.8938477569308,2858.5974751399053,27.79980883608365,4487399.445941839,114.84540378706356,41,0.05,viscosity_090,0.0023268969121428,3.27328639316741e-09,1.7882989877464816e-09,5.311305560932608e-10,3.534592832358632e-05,449.51158694481296,0.0466547449007721,0.0537912301241287,228.8796833600393,105.34920453768234,0.004059317410550877,1.3537866124718924e-06
0.17,3.5217486094640007,9.729875260332737,78.05204040852803,91.30366427832476,0.0010959281504526,3.025389199599181,77.60067571586782,3.635094363617209,3.069391697116344,0.336922941765493,0.1143380424436351,3.445004982411396e-08,0.0001036742981506,1.2315696574887691,4.484526206972882,15.30085529628352,1.6855287352087107,22.70247989595388,1663.590777314258,4596.163026517456,36869.93848034749,0.6215002199678455,1715.6964644649518,44007.29829518947,2061.4599101764466,1740.6502553450894,191.0688053162784,64.8410377085956,1.9536603320889884e-05,0.058793634490599,0.0385718211563613,0.1065660982747937,0.8548620805688449,1.2484513011242597e-05,0.0344644042685355,0.8840056214048513,0.0414099983296616,0.0349656686557614,0.0038381337759414,0.0013025076306124,3.9244552217174427e-10,1.1810291793848446e-06,338.21389401841384,337.5713192382101,0.4307410412273959,-0.4307410412273959,2.9104570747225307e-05,73.65270186097474,4231.95149400485,6020.770314796644,1788.818820791793,143.4753864519057,2878.2271724446714,29.289748722450014,4487399.450111309,117.275300144377,41,0.05,viscosity_090,0.0022844967772906,3.3002039050128707e-09,1.8028693687106038e-09,5.399297084791534e-10,3.560672648319117e-05,455.7807932913203,0.0474816378036553,0.0536219634204464,228.9490541649955,105.59565708551116,0.004175789535474981,1.3819326866506135e-06
0.18,3.4960063120653686,9.729875260332737,78.15261480799388,91.378496380392,0.0010770059113259,3.069767541120599,77.71169895292667,3.605988700243762,3.0541190189683736,0.3298563926533572,0.110953894543991,3.431471599804213e-08,0.0001055338487646,1.2058273600901368,4.585100606438751,15.30085529628352,1.6855287352087107,22.77731199802112,1650.1399853818143,4592.570718319723,36888.59319611041,0.6093720097630719,1736.8803609768602,43969.42827801621,2040.2753210008643,1728.0263971374386,186.6333794555489,62.77792628460941,1.9415332109395177e-05,0.0597112539898284,0.0382585230721255,0.1064788286713434,0.855262648256531,1.2254918037323347e-05,0.0349299379088381,0.8842574503948114,0.0410314330685465,0.0347518782024205,0.0037533341400857,0.001262510139693,3.9045656816524975e-10,1.2008371107095264e-06,338.6019607320051,337.98999125430885,0.4273659930685635,-0.4273659930685635,2.9188684336093167e-05,73.67418835405758,4111.023652980361,5876.495603885646,1765.4719509052854,147.16932359999512,2897.198956663128,30.767736026254067,4487399.451282501,119.79488956764786,41,0.05,viscosity_090,0.0022442026510829,3.326049842814603e-09,1.816859475479274e-09,5.485532938054374e-10,3.585861588937686e-05,461.9578878474859,0.0483414981538552,0.0534584810131036,229.0158448209299,105.83211453593628,0.004295678930516604,1.41102472994671e-06
0.19,3.4704616665602672,9.729875260332737,78.2505659083837,91.45090283527672,0.0010575902843759,3.113931460140864,77.81973178215216,3.57726641192025,3.03867738827162,0.3229717225710448,0.1077549654446782,3.415899095813308e-08,0.000107404347219,1.1802827145850356,4.68305170682857,15.30085529628352,1.6855287352087107,22.849718452905837,1636.8507093038877,4589.116593556649,36907.04771204658,0.5970454786887409,1757.9196090295732,43931.87011992831,2019.4878573059527,1715.4361406900737,182.32845890706128,60.831321803381975,1.928390550614419e-05,0.0606333859585971,0.0379489054669185,0.1063945238228909,0.8556565707101905,1.2020598640510358e-05,0.0353930258526315,0.8845010926110654,0.0406593029485358,0.0345376861172272,0.0036709049871344,0.001224745735913,3.882519784254727e-10,1.220760600053762e-06,338.97320909730274,338.388885876248,0.4241371082928537,-0.4241371082928537,2.926975636075736e-05,73.69490940743133,3993.92880307673,5734.654571470449,1740.725768393719,150.97249801730015,2915.566452687627,32.234375198044575,4487399.448613083,122.39999628842214,41,0.05,viscosity_090,0.00220581696753,3.3509143603363444e-09,1.830318147800251e-09,5.57016909665579e-10,3.61023559488399e-05,468.04957944871353,0.0492322127467498,0.0533002823664401,229.08025611136944,106.05946331632263,0.004418928234141299,1.4410148721983395e-06
0.2,3.445108070611539,9.729875260332737,78.34608212355516,91.52106545449944,0.0010378095614723,3.1578901056521165,77.924983884546,3.5489038128985424,3.023081341782075,0.3162646192522646,0.1047243000180584,3.39852576049079e-08,0.0001092858133437,1.154929118636307,4.778567922000032,15.30085529628352,1.6855287352087107,22.919881072128568,1623.714750133561,4585.789952986146,36925.31164533557,0.5845909903448256,1778.8177839142156,43894.60763595339,1999.0731167262284,1702.8809341263404,178.14968549471172,58.9904781507973,1.9143661937542983e-05,0.0615599472437045,0.0376427880674565,0.1063129587927495,0.8560442531397939,1.1782981006473638e-05,0.0358537447685867,0.8847370838814528,0.0402931980717716,0.034323166170011,0.003590774396395,0.0011890085463062,3.8585850403094205e-10,1.2407986115287736e-06,339.3289778971121,338.7697997812539,0.4210039337660548,-0.4210039337660548,2.934802108639056e-05,73.71491732780464,3880.2860932834456,5595.109452863084,1714.8233595796382,154.8821464997496,2933.372884464292,33.69004530929073,4487399.45333655,125.08710314343564,41,0.05,viscosity_090,0.0021691760376175,3.3748699503779354e-09,1.8432846582951255e-09,5.653324696293064e-10,3.63385543925167e-05,474.0606888483042,0.0501519935843514,0.0531469604482306,229.14245063145543,106.2784210687329,0.004545484501380083,1.471861765238069e-06
0.21,3.419940327687622,9.729875260332737,78.43933868517227,91.58915427319263,0.001017781564285,3.20165008349064,78.02764957384038,3.520880530156987,3.0073446466851057,0.3097310597758267,0.1018468396649836,3.3795781782808335e-08,0.0001111781618686,1.1297613757123908,4.871824483617121,15.30085529628352,1.6855287352087107,22.98796989082174,1610.724939705634,4582.580758840154,36943.39285728153,0.5720726474837903,1799.5771429262634,43857.62685728983,1979.0095606377477,1690.362327533223,174.0930211271589,57.2458700860138,1.8995866143297567e-05,0.0624908012037766,0.0373400142716309,0.1062339240660571,0.8564260616623119,1.1543369506330248e-05,0.0363121432344526,0.884965912478441,0.039932758043023,0.034108389960821,0.0035128756464468,0.001155115935049,3.833014966706401e-10,1.2609489585188742e-06,339.6705224000297,339.1343924003732,0.4179182667449001,-0.4179182667449001,2.9423697099072893e-05,73.73426135565046,3769.747479445948,5457.738537522195,1687.991058076247,158.89512752724124,2950.6585667060344,35.1350447174993,4487399.450193104,127.85247734031914,41,0.05,viscosity_090,0.0021341333257773,3.3979859108572486e-09,1.8557965461666518e-09,5.735114974608505e-10,3.656778656259736e-05,479.9957511582994,0.0510990139266336,0.0529981448431308,229.2025814449509,106.48965920801687,0.004675282102880106,1.5035219078385745e-06
0.22,3.394957625888277,9.729875260332737,78.5304668650168,91.65529975123782,0.0009976040006781,3.245209782064201,78.12787592404091,3.4931832829846137,2.991482195283921,0.3033676129872021,0.0991102136273422,3.359245083728092e-08,0.0001130810512567,1.1047786739130454,4.962952663461675,15.30085529628352,1.6855287352087107,23.05411536886695,1597.8770810190065,4579.481216821275,36961.29583723478,0.5595432813794734,1820.196519848196,43820.92296345037,1959.28167418383,1677.8839725979576,170.155000901891,55.58964690755717,1.884157457096581e-05,0.0634257104412669,0.0370404944951634,0.1061572575371052,0.8568022479677313,1.1302842260655116e-05,0.0367681908297009,0.8851879674993253,0.0395777278442083,0.0338934600862349,0.0034371516897035,0.0011229176209078,3.80602095324899e-10,1.2812070562624496e-06,339.9988227131618,339.48392573835554,0.4148405638030001,-0.4148405638030001,2.949695355170801e-05,73.75297953840045,3662.037373190542,5322.456509353026,1660.4191361624844,163.00850413896663,2967.454335380384,36.56942003771129,4487399.451913489,130.6928698532165,41,0.05,viscosity_090,0.002100569387636,3.4203150482287674e-09,1.867882418188222e-09,5.815618010496661e-10,3.679048658523405e-05,485.8573563682124,0.0520716943453623,0.0528535465662007,229.2607668221064,106.69369555515348,0.0048082542751205016,1.5359563494638883e-06
0.23,3.3701601854520886,9.729875260332737,78.61958628066103,91.71962172644584,0.0009773652021437,3.288565642556425,78.22579688264449,3.4658011683812657,2.975508449395044,0.2971709834220385,0.0965033874435523,3.3377035649003595e-08,0.0001149940541139,1.0799812334768568,5.052072079105893,15.30085529628352,1.6855287352087107,23.11843734407498,1585.167761764934,4576.48412536945,36979.023772629,0.547050224652991,1840.6738541545967,43784.492904438455,1939.8760090976025,1665.4496826038562,166.3323524152431,54.01481418099747,1.8681773005615992e-05,0.0643643982810018,0.0367441570518422,0.1060828106046068,0.8571730323435509,1.106236951667425e-05,0.0372218370758469,0.8854036024139154,0.0392278885229988,0.0336784795437721,0.0033635484678985,0.0010922796608368,3.7778007740669015e-10,1.3015674346071083e-06,340.314787398137,339.81958273142936,0.4117336632951111,-0.4117336632951111,2.956794622310286e-05,73.77110724611673,3556.907571908604,5189.18979445031,1632.2822225417056,167.21906632806872,2983.78859743108,37.993158624985604,4487399.452338396,133.60490077124416,41,0.05,viscosity_090,0.0020683770846747,3.441906980406265e-09,1.8795691525948313e-09,5.894906731924268e-10,3.700705836480794e-05,491.64781155947634,0.0530684416452915,0.0527129043681425,229.31711671058235,106.89101006356589,0.004944324360665806,1.5691248287118514e-06
0.24,3.345550766536251,9.729875260332737,78.7067953486638,91.7822213755328,0.0009571426820062,3.3317093948056407,78.32152329619937,3.438727344426868,2.959438521100227,0.291138265589597,0.0940168371644195,3.3151131750878206e-08,0.0001169165593368,1.0553718145610196,5.139281147108672,15.30085529628352,1.6855287352087107,23.18103699316192,1572.595208098393,4573.583328294882,36996.57779763314,0.534634672307892,1861.005045541889,43748.338392297424,1920.782451254151,1653.0643483867946,162.62216088152002,52.5153269975042,1.8517348346765783e-05,0.0653065081764284,0.0364509674792868,0.1060104573032977,0.8575385752174155,1.0822799144881352e-05,0.0376729846730019,0.8856131183902406,0.0388830798818164,0.0334635674467653,0.0032920180356609,0.0010630863757269,3.7485324509113114e-10,1.3220227894983906e-06,340.6191963175435,340.1423471539002,0.4085645859920377,-0.4085645859920377,2.963680738351516e-05,73.78867465802885,3454.1494492733805,5057.885174473367,1603.735725199986,171.52336021642958,2999.685221081971,39.40610200561546,4487399.451160653,136.5851598437179,41,0.05,viscosity_090,0.0020374641729658,3.4628040218976886e-09,1.890879671173785e-09,5.97303754522953e-10,3.721784119390491e-05,497.3685174185851,0.0540876942715014,0.0525759991404666,229.37172492236252,107.0820099375166,0.0050834047885076105,1.6029865769429433e-06
0.25,3.3211343189952798,9.729875260332737,78.79217141072446,91.84318099005247,0.0009370031214134,3.3746286281347246,78.41514334907532,3.4119584973160477,2.943288134881961,0.2852668144339673,0.0916423665600791,3.2916150932531794e-08,0.000118847796112,1.0309553670200475,5.224657209169328,15.30085529628352,1.6855287352087107,23.241996607681603,1560.1591055181705,4570.773725151968,37013.957239518975,0.5223317181362783,1881.1843089128972,43712.46543089153,1901.9938177199424,1640.7338602499422,159.02178115029088,51.08597152503688,1.834908473419593e-05,0.0662516187206176,0.0361609243407519,0.1059400943591726,0.8578989813000754,1.0584856977501656e-05,0.0381214966787986,0.8858167686444317,0.0385431935944685,0.0332488582367857,0.0032225169395978,0.0010352381128196,3.718373417423783e-10,1.3425642830725943e-06,340.91270255673123,340.4530487127223,0.4053048218249727,-0.4053048218249727,2.97036461736287e-05,73.80570682309819,3353.59162542793,4928.507254025933,1574.9156285980032,175.91779846474395,3015.163686052666,40.80796598499252,4487399.45325286,139.63030048674656,41,0.05,viscosity_090,0.0020077516898561,3.483041035062876e-09,1.901832859317351e-09,6.05004974401379e-10,3.742310961893591e-05,503.0199906153511,0.0551279556220257,0.0524426505388134,229.42466932201768,107.26703292176715,0.005225400041240476,1.6375012880721564e-06
0.26,3.2969165845672985,9.729875260332737,78.87578588348201,91.90257772838204,0.0009170072825891,3.4173094399247828,78.50673843661406,3.38549287047952,2.927072949928433,0.2795540883936155,0.0893725389650769,3.267344158753467e-08,0.0001207869007584,1.0067376325920672,5.308271681926874,15.30085529628352,1.6855287352087107,23.30139334601117,1547.8596631485195,4568.0504970714455,37031.160551550514,0.5101729983088917,1901.2051880256145,43676.881193979854,1883.504178515676,1628.4642570313636,155.5286966343357,49.72202188139147,1.817772658546253e-05,0.0671992649201312,0.0358740382050145,0.1058716251582123,0.8582543366367731,1.034920094786542e-05,0.0385672205295511,0.8860147866525445,0.0382081436967793,0.0330344880820796,0.0031550037731588,0.001008644514097,3.687473579195664e-10,1.3631820941378122e-06,341.195924384587,340.7524635059678,0.4019274829151373,-0.4019274829151373,2.9768565071200355e-05,73.82222754899408,3255.080346571121,4801.028119035897,1545.9477724647757,180.39838325377,3030.2422464325696,42.19842090271696,4487399.451771235,142.73671159650758,41,0.05,viscosity_090,0.0019791676403212,3.502651530600573e-09,1.912446869266515e-09,6.125980338794451e-10,3.762312407623512e-05,508.60261260962966,0.0561876597417238,0.0523126937060965,229.4760239155684,107.4463974057302,0.005370201010629193,1.6726260052199695e-06
0.27,3.272905768892668,9.729875260332737,78.95769004381049,91.96047107303588,0.0008972069847981,3.459733299955756,78.59636840803228,3.3593322690075658,2.9108096913694137,0.2739978638302078,0.0872010067082507,3.2424191607881994e-08,0.0001227328156346,0.982726816917436,5.390175842255352,15.30085529628352,1.6855287352087107,23.359286690665016,1535.698628611761,4565.4098067454925,37048.18435993558,0.4981851822372323,1921.059347212424,43641.597515372814,1865.3104433951123,1616.262781189878,152.14067437914625,48.41942846443128,1.80039300615816e-05,0.0681489011559741,0.0355903545371499,0.1058049741024616,0.8586046713603884,1.0116388979970547e-05,0.0390099591536119,0.8862073620700154,0.0378778949808274,0.0328206128390621,0.0030894420319421,0.0009832283054552,3.65596501391752e-10,1.3838645090875092e-06,341.46936188258803,341.0412088611047,0.3984101114581098,-0.3984101114581098,2.983164494021309e-05,73.83825577487859,3158.496148708969,4675.437632085995,1516.9414833770252,184.96088247488703,3044.934970897364,43.57699563408378,4487399.452584797,145.9007718034957,41,0.05,viscosity_090,0.001951651268508,3.521661787113867e-09,1.922735936381173e-09,6.200848450262614e-10,3.781808215004324e-05,514.11582363596,0.0572652775419288,0.0521859993568924,229.525847575305,107.62035563844373,0.005517687373819313,1.7083174270335785e-06
0.28,3.249110663571257,9.729875260332737,79.0379296915585,92.0169156154625,0.0008776486291964,3.501880521705401,78.68408703833833,3.3334796603360184,2.894515078291314,0.2685959434872746,0.0851219931634746,3.2169523592570035e-08,0.0001246844000041,0.958931711596025,5.470415490003371,15.30085529628352,1.6855287352087107,23.415731233091623,1523.678153667351,4562.848085876617,37065.0246334654,0.4863918229996652,1940.738006323482,43606.627142664845,1847.4104499058767,1604.1368023545947,148.8555513642166,47.174507034840616,1.7828311587003018e-05,0.0690999456959851,0.0353099279826901,0.1057400717602159,0.858950000257094,9.886917361904512e-06,0.0394495042521321,0.8863946690798015,0.0375524291076554,0.0326073902810667,0.0030257962112158,0.0009589191894008,3.6239721769151705e-10,1.4045989683686871e-06,341.7334830981889,341.3198681659574,0.3947321885966648,-0.3947321885966648,2.9892960588454653e-05,73.85380929298427,3063.734682583937,4551.7312239131625,1487.996541329226,189.6007114357405,3059.2548455121746,44.94318541167506,4487399.452755807,149.11864946026637,41,0.05,viscosity_090,0.0019251471374857,3.5400966350130994e-09,1.9327135110441672e-09,6.274670267865093e-10,3.800816742242396e-05,519.5589318756568,0.0583592308467717,0.0520624505840907,229.57419560829305,107.78914281540956,0.005667726594491555,1.7445301876750735e-06
0.29,3.225541443646741,9.729875260332737,79.11654071781648,92.07195742179596,0.0008583729960509,3.54372880586447,78.76993738090106,3.307940048450323,2.878206406017943,0.2633462952949043,0.0831303693378466,3.1910475314899085e-08,0.000126640372258,0.9353624916715088,5.549026516261344,15.30085529628352,1.6855287352087107,23.47077303942508,1511.8012302087911,4560.362235407725,37081.67626326686,0.4748133201666661,1960.2313304633208,43571.98521996084,1829.8035988351733,1592.0942830839133,145.6713216723107,45.98397998722775,1.7651439178620338e-05,0.0700517559331594,0.0350328322973523,0.1056768589784473,0.8592903087242003,9.66121923626458e-06,0.0398856220603776,0.8865768585042207,0.0372317560961585,0.0323949882203768,0.0029640334745002,0.0009356546944737,3.5916099337815774e-10,1.4253714948813787e-06,341.9886991363084,341.5889404475909,0.3908759899243956,-0.3908759899243956,2.9952576273985136e-05,73.86890362413938,2970.7118277203654,4429.914209134898,1459.2023814145325,194.3129065938901,3073.212817412814,46.29640603800701,4487399.452159952,152.38632143226565,41,0.05,viscosity_090,0.0018996062851837,3.557977640884266e-09,1.942391275619192e-09,6.347453717254401e-10,3.819353404603481e-05,524.9308127519811,0.0594679041594873,0.0519419494292029,229.6211162609493,107.95296184791542,0.005820172155773242,1.7812169351910812e-06
0.3,3.2022094382880537,9.729875260332737,79.19354904054642,92.1256337391672,0.0008394151325191,3.585253628003335,78.85395183893755,3.282720180050183,2.861901452279216,0.2582469816792632,0.0812215892061299,3.1647991966995286e-08,0.0001285993274358,0.9120304863128222,5.626034838991276,15.30085529628352,1.6855287352087107,23.524449356796328,1500.0715815118458,4557.949644131732,37098.1332246333,0.4634668792211749,1979.5286572931293,43537.68898991933,1812.4906476707856,1580.1437016578798,142.58609123233828,44.844934307747934,1.747382850549943e-05,0.071003638900073,0.0347591577752874,0.1056152871401749,0.8596255550845376,9.439663568061609e-06,0.0403180580661655,0.8867540595055353,0.0369159107184128,0.0321835833402103,0.0029041227994112,0.000913379383891,3.55898273928661e-10,1.4461669072256734e-06,342.23536312900194,341.8488573146799,0.3868268491316093,-0.3868268491316093,3.0010545593448616e-05,73.88355198283708,2879.362573394833,4310.000395388278,1430.6378219934452,199.0922092450969,3086.817820504318,47.63600705179449,4487399.4532213295,155.69964538438194,41,0.05,viscosity_090,0.0018749856509324,3.575322927907224e-09,1.951779047417719e-09,6.419198068183182e-10,3.837430591508416e-05,530.2299219840387,0.0605896714890516,0.0518244156225387,229.6666506104595,108.11198384952122,0.005974865822850394,1.8183290987142568e-06
0.31,3.17912637301707,9.729875260332737,79.26897784385638,92.17797947720618,0.0008208063579446,3.626429673472865,78.93615972149374,3.2578275516543624,2.845618035205507,0.2532960748718256,0.0793914565911182,3.1382977406925414e-08,0.0001305597777711,0.8889474210418381,5.701463642301235,15.30085529628352,1.6855287352087107,23.5767950948353,1488.4931824446044,4555.607827976058,37114.38906656482,0.4523675816229964,1998.619047521244,43503.7561907202,1795.4728988417064,1568.293588797279,139.59800836738486,43.7546820538535,1.7295969330998616e-05,0.0719548653051875,0.0344890004212253,0.1055553106665648,0.8599556889122097,9.222577138510267e-06,0.0407465501177805,0.8869263925685883,0.0366049380688655,0.031973353498545,0.0028460337408164,0.0008920421064764,3.526190156424188e-10,1.4669691700438006e-06,342.4738125693528,342.1000264748829,0.3825719046035158,-0.3825719046035158,3.006691913670414e-05,73.89776709201212,2789.632108680149,4192.00701325228,1402.3749045721306,203.93295240790437,3100.078258350686,48.96131523525163,4487399.452407727,159.05421667120342,41,0.05,viscosity_090,0.0018512453828764,3.5921500537896823e-09,1.9608863369655567e-09,6.489901311270207e-10,3.855060065482639e-05,535.4546748479627,0.0617228391186608,0.0517097759674304,229.7108382060024,108.26637126000904,0.006131635589357793,1.8558156126685732e-06
0.32,3.156305098010748,9.729875260332737,79.34284105127588,92.22902140961936,0.0008025730535614,3.667229463317785,79.01658049714104,3.2332712749679167,2.8293745220470314,0.2484917418917148,0.0776362610184428,3.1116250324818764e-08,0.0001325201085345,0.8661261460355157,5.775326849720745,15.30085529628352,1.6855287352087107,23.62783702724849,1477.0707039288789,4553.334754925178,37130.4365212308,0.4415277937391397,2017.490777803586,43470.20660723312,1778.752882696218,1556.5529951916362,136.70532554385753,42.71083721228479,1.7118303803480797e-05,0.0729046544581475,0.0342224719483096,0.1054968936200587,0.8602806344316316,9.010231813123503e-06,0.0411708160768447,0.8870939588617403,0.0362989058415279,0.0317644857582271,0.0027897375673849,0.0008715975521183,3.493322225779577e-10,1.487761011284546e-06,342.7043306383901,342.3427843506045,0.3781014780859134,-0.3781014780859134,3.012173760149124e-05,73.91155950583645,2701.4827873530035,4075.959092973519,1374.4763056205156,208.82916984390607,3113.0006425656047,50.27159279881352,4487399.452855413,162.44551223589593,41,0.05,viscosity_090,0.0018283506598141,3.608473242352651e-09,1.9697208491203252e-09,6.559552713298986e-10,3.872250683318911e-05,540.6030689720138,0.0628657040357014,0.0515979732519781,229.7537118551687,108.41625627037374,0.006290297457575386,1.8936242410964062e-06
0.33,3.13375869696844,9.729875260332737,79.41515007527698,92.27878403257816,0.0007847382047062,3.7076250222138794,79.09523087074064,3.209060974409791,2.813189263709065,0.2438321271932534,0.0759525678614185,3.084858619568811e-08,0.0001344786332209,0.8435797449932078,5.847635873721845,15.30085529628352,1.6855287352087107,23.67759965020728,1465.8089849248704,4551.128519432896,37146.26803656234,0.4309579773497096,2036.1320128955283,43437.060295572526,1762.3334997960233,1544.930968976938,133.90631387371135,41.71119084526805,1.6941247706895065e-05,0.0738521960853954,0.0339596878071355,0.1054400029469145,0.8606003092459499,8.80286133533841e-06,0.0415905696425203,0.8872568526243484,0.035997888983819,0.0315571675368667,0.0027352056926888,0.0008520037879349,3.4604639489107616e-10,1.508524440011496e-06,342.92718541225685,342.5774517459188,0.3734079315802484,-0.3734079315802484,3.017503886497131e-05,73.9249392996535,2614.885595859172,3961.883974718924,1346.9983788597517,213.7745467242764,3125.591008068757,51.56608854528781,4487399.452923269,165.86879833901776,41,0.05,viscosity_090,0.0018062692141439,3.62430607188534e-09,1.978289938773244e-09,6.628140038747517e-10,3.889010664056437e-05,545.6730732462457,0.0640165154777508,0.0514889559772016,229.7953028771127,108.56176314580644,0.0064506552557466665,1.9317008425411676e-06
0.34,3.111500719608864,9.729875260332737,79.4859121998385,92.3272881797801,0.0007673213193285,3.747587451555193,79.17212310356857,3.185207042599292,2.79708076617825,0.2393153907989123,0.0743372413123815,3.0580707504059834e-08,0.0001364335780747,0.8213217676336321,5.918397998283356,15.30085529628352,1.6855287352087107,23.726103797409216,1454.7131654065138,4548.987422618508,37161.87568678648,0.4206666772018862,2054.530639326868,43404.33807070683,1746.2182127075544,1533.4367000295874,131.19928733212308,40.75372273325951,1.67651859633885e-05,0.0747966445109156,0.033700770172629,0.1053846100341069,0.8609146197932639,8.600660731720334e-06,0.0420055163611034,0.8874151585148858,0.0357019731416496,0.0313515890972125,0.0026824101354848,0.000833222505559,3.427694285994134e-10,1.5292406034831829e-06,343.1426194633719,342.80431099031875,0.368486078892583,-0.368486078892583,3.022685621412092e-05,73.93791561910011,2529.8217396591967,3849.812582060138,1319.9908424009411,218.7624453298092,3137.85453885013,52.84402452110164,4487399.452561422,169.3191680534952,41,0.05,viscosity_090,0.0017849717146957,3.63966070526772e-09,1.986600193973624e-09,6.695647399887411e-10,3.905346958676562e-05,550.6625149627041,0.0651734905593512,0.0513826807233889,229.83563970100076,108.7030019381163,0.006612500980033631,1.969989728109876e-06
0.35,3.0895449893212867,9.729875260332737,79.55513053534685,92.37455078500086,0.000750338339298,3.7870872742571136,79.2472650345476,3.161720422763853,2.7810675633117667,0.2349396686959858,0.0727874189844501,3.031327730871938e-08,0.0001383831004777,0.7993660373460552,5.9876163337917045,15.30085529628352,1.6855287352087107,23.77336640262999,1443.7885993802165,4546.909989275173,37177.25130598321,0.4106604865087099,2072.674447039782,43372.06125441524,1730.410908006326,1522.079439032263,128.58257880990718,39.8365848129661,1.6590469332698003e-05,0.0757371286930815,0.0334458458857582,0.1053306909494882,0.8612234631647535,8.403785461247849e-06,0.0424153575914185,0.8875689523795354,0.0354112521375484,0.0311479421099169,0.0026313230560825,0.0008152187105293,3.3950854672853625e-10,1.5498899989105144e-06,343.3508482987367,343.023613587519,0.3633333335451827,-0.3633333335451827,3.0277218153779605e-05,73.95049662452685,2446.281859976805,3739.778438540586,1293.4965785637814,223.7859914976389,3149.795563631241,54.10460705995883,4487399.453206725,172.79161151244037,41,0.05,viscosity_090,0.0017644315396669,3.6545477344646e-09,1.9946573518133542e-09,6.762055074593026e-10,3.921265173133744e-05,555.5690938571909,0.0663348396476188,0.0512791115551053,229.8747476932416,108.84006827136464,0.006775617284333881,2.008434411206943e-06
0.36,3.067905380491067,9.729875260332737,79.62280727756905,92.42058791839284,0.0007338028386921,3.826094889039136,79.32066342511824,3.1386122910432226,2.765168080250377,0.2307030792816223,0.0713004181308479,3.0046928156350365e-08,0.0001403252964557,0.7777264285158353,6.055293076013903,15.30085529628352,1.6855287352087107,23.81940353602197,1433.0406938861513,4544.894794721821,37192.38660872484,0.4009446958961539,2090.5512637288107,43340.25108426746,1714.9156206742662,1510.8683376228903,126.05453547950168,38.95804561848442,1.6417429637821128e-05,0.0766727523353178,0.0331950428967192,0.1052782229531388,0.8615267341501418,8.212364660925126e-06,0.0428197940908676,0.8877183063976635,0.0351258230470306,0.0309464169752194,0.0025819167159884,0.0007979596197945,3.3627061378007953e-10,1.5704525042464054e-06,343.55208083955694,343.235600109313,0.3579490573390064,-0.3579490573390064,3.0326152000357373e-05,73.96269033142818,2364.262172242842,3631.8160439507656,1267.5538717079232,228.8379783205245,3161.4182321948565,55.34703956763589,4487399.452654163,176.28091166563397,41,0.05,viscosity_090,0.0017446236709503,3.6689775993727485e-09,2.0024670666991023e-09,6.827343070818735e-10,3.936770719206363e-05,560.3905499011321,0.0674987269725366,0.0511782155331614,229.91265176995955,108.97305430346935,0.0069397753140027114,2.046976653999767e-06
0.37,3.0465957015683363,9.729875260332737,79.6889415920935,92.46541255399455,0.0007177250748204,3.8645807511730736,79.3923218584453,3.115893978307637,2.7494005308520237,0.2266036722697345,0.0698737733717646,2.9782231939465433e-08,0.0001422582245814,0.7564167495931046,6.121427390538361,15.30085529628352,1.6855287352087107,23.864228171623694,1422.4748977642769,4542.940603860275,37207.27334637908,0.3915228002776031,2108.149109847908,43308.9288155864,1699.736540569319,1499.8124388969404,123.61349412577292,38.11651059191521,1.624636404179413e-05,0.0776026091391468,0.0329484897911345,0.1052271870268359,0.8618243231820295,8.026490835717378e-06,0.0432185290320828,0.8878632866248578,0.0348457861364403,0.0307472024300135,0.0025341629582441,0.0007814150867806,3.3306180892333704e-10,1.5909076831323217e-06,343.7465019694479,343.4404789251136,0.3523351930222317,-0.3523351930222317,3.037368110741649e-05,73.97450393244608,2283.7661000158378,3525.9606724079,1242.194572392062,233.9110735644712,3172.7260111321825,56.57052923556313,4487399.452958184,179.78182964270565,41,0.05,viscosity_090,0.0017255252233172,3.6829593230025694e-09,2.0100342254625892e-09,6.891488336272664e-10,3.951867866769678e-05,565.1245592067656,0.0686633379925469,0.0510799652941154,229.94937428944615,109.10203956465293,0.0071047403559406875,2.085558331956375e-06
0.38,3.0256296706624197,9.729875260332737,79.75353184526959,92.50903677626476,0.000702113214564,3.9025154689075103,79.4622429931641,3.0935768766654257,2.7337829147598,0.2226394738486076,0.0685051688394493,2.9519728628390965e-08,0.0001441798978492,0.7354507186871873,6.186017643714448,15.30085529628352,1.6855287352087107,23.907852393893865,1412.096646895629,4541.046236772431,37221.90325828357,0.3823971687117184,2125.456173176431,43278.11542321628,1684.8779004443263,1488.9206253235182,121.25780098874245,37.31048221701545,1.6077550478299874e-05,0.0785257755858185,0.0327063147136638,0.1051775653427747,0.8621161199435614,7.846233489872088e-06,0.0436112680002727,0.8880039560862556,0.0345712429130925,0.030550484757856,0.0024880336385109,0.0007655568059791,3.2988794196079955e-10,1.6112346550455729e-06,343.93428957858526,343.6384514628889,0.3464956748544451,-0.3464956748544451,3.041982764458748e-05,73.98594444426782,2204.801490301398,3422.2478458203045,1217.4463555189063,238.99769495168707,3183.72220071722,57.77428844206487,4487399.452981273,183.2889824548081,41,0.05,viscosity_090,0.0017071146504815,3.696501696001477e-09,2.017363588860087e-09,6.954467533308105e-10,3.9665606685751455e-05,569.7688507484879,0.0698268342829086,0.0509843358423325,229.98493706303856,109.2271002237337,0.007270268687884017,2.124120263853252e-06
0.39,3.005020651407066,9.729875260332737,79.81657585593436,92.55147176767416,0.0006869730576706,3.9398702834149337,79.53042887192697,3.0716721650027736,2.718332811915027,0.2188084388343273,0.0671924276000419,2.9259916112599883e-08,0.0001460883132518,0.714841699431834,6.249061654379219,15.30085529628352,1.6855287352087107,23.95028738530328,1401.911244948955,4539.210581805531,37236.268300972166,0.3735689009825773,2142.46104029143,43247.83130374632,1670.34381049773,1478.201495259848,118.98578424343656,36.53855278984354,1.591124219935101e-05,0.0794413260003559,0.0324686425187313,0.1051293412681431,0.8624020162131255,7.671636105057603e-06,0.043997724187286,0.8881403757716289,0.0343022929659541,0.0303564454422143,0.0024435000772002,0.0007503581804369,3.2675434119862744e-10,1.631412419971238e-06,344.11561173109885,343.8297022333172,0.3404365139679154,-0.3404365139679154,3.046461239792165e-05,73.99701864335809,2127.3799201432657,3320.7121206740558,1193.3322005307896,244.09013921899307,3194.409913116522,58.95754991758817,4487399.452705835,186.7969441463742,41,0.05,viscosity_090,0.0016893716410507,3.7096130595228483e-09,2.024459673924281e-09,7.016256940655635e-10,3.980852853585451e-05,574.3212252756362,0.0709873885426295,0.0508913041820157,230.0193611553433,109.3483076451155,0.007436111481461358,2.162603277091872e-06
0.4,2.98478149720515,9.729875260332737,79.87807076730539,92.59272752484328,0.0006723079784609,3.976617360393943,79.59688082217073,3.050190645373324,2.703067254565468,0.2151084309829599,0.0659335036783086,2.9003244683814708e-08,0.0001479814715235,0.694602545229918,6.310556565750251,15.30085529628352,1.6855287352087107,23.9915431424724,1391.9237968048758,4537.432615245576,37250.360754375295,0.3650378068659162,2159.152838415318,43218.09608032548,1656.138167895852,1467.6632942487472,116.79574302263586,35.79939901474051,1.5747665014495847e-05,0.0803483426530624,0.0322355931939072,0.1050824996781971,0.8626819071278956,7.502715597542881e-06,0.0443776216423739,0.8882726048073912,0.0340390322050186,0.0301652598240212,0.0024005328391215,0.0007357942227316,3.2366579490364035e-10,1.6514200784722564e-06,344.2906245470855,344.0144025991196,0.3341658111900814,-0.3341658111900814,3.0508054470316305e-05,74.00773298098336,2051.516143096522,3221.386400289781,1169.870257193259,249.1806788687929,3204.792038494165,60.119575687353134,4487399.453196273,190.30032030471705,41,0.05,viscosity_090,0.0016722770570856,3.722301133587443e-09,2.031326661077595e-09,7.076832292140726e-10,3.994747729119348e-05,578.7795628630113,0.0721432099379863,0.0508008491259894,230.0526666200897,109.4657276908295,0.00760201772387953,2.2009489784515507e-06
0.41,2.964924811126848,9.729875260332737,79.93801398031644,92.63281405177602,0.0006581200036818,4.012729360220062,79.66160032847166,3.0291429747373466,2.688002925375327,0.2115373107304382,0.0647264550174054,2.8750141349852177e-08,0.0001498573469116,0.6747458591516166,6.370499778761303,15.30085529628352,1.6855287352087107,24.03162966940515,1382.1393054438845,4535.711321887068,37264.17300927339,0.3568030000928284,2175.52097835825,43188.92881295048,1642.264777016064,1457.314019732861,114.68599446595074,35.09176625293386,1.5587030677279037e-05,0.081245898415041,0.0320072842596537,0.1050370255932669,0.8629556901470793,7.339474353642154e-06,0.0447506899390328,0.8884007009511072,0.0337815551149047,0.0299770990441497,0.0023591026837941,0.0007218412355568,3.2062682173513035e-10,1.6712364739104518e-06,344.4594822209713,344.1927193552291,0.327693363938023,-0.327693363938023,3.055017277706091e-05,74.01809391807853,1977.227178175806,3124.302967352216,1147.07578917641,254.26140542270605,3214.87148055924,61.259642149366414,4487399.452734165,193.7936114409657,41,0.05,viscosity_090,0.0016558126325586,3.73457371973795e-09,2.037968774676875e-09,7.136170079268516e-10,4.008248676746624e-05,583.1418484728703,0.0732924952082764,0.0507129503050375,230.0848735410616,109.57942556647488,0.007767729866202002,2.239098391874753e-06
0.42,2.945462127283798,9.729875260332737,79.9964037406979,92.67174112831444,0.0006444086858961,4.048180911852134,79.72458979563594,3.0085388324655664,2.673155516015034,0.2080927741925052,0.0635694283903718,2.8500979379866584e-08,0.000151713978263,0.655283175308567,6.42888953914276,15.30085529628352,1.6855287352087107,24.07055674594356,1372.5623038457215,4534.045737593364,37277.69819228962,0.3488622840712091,2191.555871532454,43160.34699946341,1628.726849563323,1447.1610321293126,112.65478273707149,34.414458511722266,1.542952008925769e-05,0.0821331030148416,0.0317838220305527,0.1049929044374015,0.8632232735320456,7.181887681065404e-06,0.045116680233948,0.8885247233050947,0.0335299452844024,0.0297921227479148,0.002319178751313,0.0007084766308112,3.1764133101637324e-10,1.6908411934537568e-06,344.62233002348347,344.36480633828035,0.3210307718567008,-0.3210307718567008,3.059098549119228e-05,74.02810778494421,1904.530607901145,3029.489770434623,1124.959162533478,259.32459700690106,3224.651141433946,62.37708707561095,4487399.452987666,197.2714976566648,41,0.05,viscosity_090,0.0016399607779803,3.746438189761722e-09,2.044390006029671e-09,7.194247617064368e-10,4.0213589285737234e-05,587.4062504320466,0.0744335255109883,0.0506275868895271,230.1160015959666,109.68946313377064,0.007932994984547394,2.2769948989649335e-06
0.43,2.926404625585331,9.729875260332737,80.0532385168477,92.70951840276577,0.0006311724595641,4.082947354905494,79.78585175342297,2.988387638073317,2.658540267353924,0.2047725219651137,0.0624606638067371,2.8256107802008305e-08,0.0001535493969131,0.6362256736100993,6.485724315292551,15.30085529628352,1.6855287352087107,24.10833402039488,1363.19717898769,4532.434917175791,37290.929614071385,0.3412129074148797,2207.2482990644207,43132.36744543456,1615.5274505701157,1437.2113997651684,110.70037438998295,33.76634131229112,1.527530003766295e-05,0.0830090656818476,0.031565309323169,0.104950121928823,0.8634845687480079,7.029919056262792e-06,0.0454753514368956,0.8886447296019451,0.0332842836946655,0.0296104853817926,0.0022807304605078,0.000695678976654,3.1471295631360885e-10,1.7102137697559538e-06,344.7793101396312,344.53081478611546,0.3141911668002378,-0.3141911668002378,3.063051044440936e-05,74.03778085422266,1833.4454838853308,2936.9737197240606,1103.52823583873,264.3624510172894,3234.1339142160687,63.47126857450296,4487399.452994156,200.72862540354217,41,0.05,viscosity_090,0.0016247046952752,3.7579018886755994e-09,2.0505943318030127e-09,7.25104296205733e-10,4.0340817363320856e-05,591.5710457162953,0.075564592161483,0.0505447386898249,230.14607028328172,109.79590121039304,0.008097556816994742,2.3145820294298385e-06
0.44,2.90776249515682,9.729875260332737,80.10851844298034,92.74615619846988,0.000618408151527,4.117005904339314,79.84539043695504,2.9686978853027237,2.6441714706906976,0.2015741516963177,0.0613984646182811,2.8015838377280885e-08,0.0001553616949836,0.6175835431815883,6.541004241425198,15.30085529628352,1.6855287352087107,24.144971816099016,1354.0478685766102,4530.877910322349,37303.86124493212,0.3338512914580439,2222.589942758739,43105.00540545132,1602.6690794901426,1427.4715786762613,108.82099581352358,33.14632359831876,1.5124515743265948e-05,0.0838729282356823,0.0313518383331641,0.1049086631634795,0.8637394985033564,6.883514600091478e-06,0.045826482366383,0.888760779536284,0.0330446408028108,0.0294323302154083,0.0022437262716805,0.0006834276465785,3.118449070045558e-10,1.729334409764595e-06,344.9305627667602,344.69088968333074,0.3071890135197165,-0.3071890135197165,3.0668765824248585e-05,74.04711949579998,1763.9901583151184,2846.777687225101,1082.7875289099827,269.36731724025105,3243.3228704345447,64.54160164006153,4487399.4527479205,204.15977631672808,41,0.05,viscosity_090,0.0016100279864456,3.768972209341899e-09,2.0565857542975227e-09,7.306536119073232e-10,4.046420564416758e-05,595.6347260777692,0.0766840520651088,0.050464384078093,230.175099403766,109.8988007711754,0.008261163173147339,2.3518052352393077e-06
0.45,2.889544839843855,9.729875260332737,80.16224500020463,92.78166510038122,0.000606110942359,4.150335833561609,79.9032114721282,2.949477049122604,2.630062377648521,0.1984951522945759,0.0603811989584012,2.7780440943916472e-08,0.0001571490431441,0.599365887868623,6.5947307986494925,15.30085529628352,1.6855287352087107,24.180480718010344,1345.1178257378754,4529.373787321726,37316.48777832045,0.3267730177895125,2237.5734711112746,43078.27448585049,1590.1536317616008,1417.9473757293513,107.01483078235388,32.55335817662447,1.4977288625469542e-05,0.0847238739348474,0.03114348979098,0.1048685130818239,0.8639879971271961,6.742602731330177e-06,0.0461698738161576,0.8888729344121772,0.0328110756918635,0.0292577885198391,0.0022081336311271,0.000671702832873,3.0903991974961755e-10,1.7481841911743964e-06,345.0762232786174,344.8451715360063,0.3000400223299552,-0.3000400223299552,3.070576971419636e-05,74.0561300539644,1696.1820299084927,2758.920162015449,1062.7381321069563,274.331793167,3252.2211879547167,65.58756357736212,4487399.453184641,207.5599390760671,41,0.05,viscosity_090,0.001595914694699,3.779656376729474e-09,2.062368184673344e-09,7.36070872775117e-10,4.058378945265231e-05,599.5959906732963,0.0777903507009672,0.0503865001725294,230.2031086786075,109.99822173516786,0.008423568866268449,2.388612594610472e-06
0.46,2.8717603045376325,9.729875260332737,80.21442060611025,92.81605617098062,0.000594275455393,4.1829173626240825,79.9593213219058,2.930732215655108,2.6162256820535448,0.1955330425322496,0.0594073044964765,2.7550168403359994e-08,0.0001589096265287,0.5815813525624008,6.646906404555114,15.30085529628352,1.6855287352087107,24.214871788609745,1336.4103014158882,4527.921605732282,37328.80416611659,0.3199734298451525,2252.1919812292567,43052.18743139532,1577.9827864177385,1408.6442526587805,105.28009814189308,31.98644467828412,1.4833730380137864e-05,0.0855610942272373,0.0309403396676048,0.1048296562225063,0.8642300041098888,6.6071063565205225e-06,0.0465053362789704,0.8889812550302739,0.032583643284588,0.0290869851297402,0.0021739205220415,0.000660485597378,3.063005398071657e-10,1.7667443506581373e-06,345.2164273454578,344.9937993820353,0.2927609286177226,-0.2927609286177226,3.07415405160956e-05,74.06481893026235,1630.0384802199462,2673.4181273614017,1043.3796471414555,279.2484818157872,3260.832149864403,66.60865804222709,4487399.452757988,210.92411671460107,41,0.05,viscosity_090,0.0015823494063001,3.7899618080142094e-09,2.0679456380600155e-09,7.413544016289685e-10,4.069960633953408e-05,603.4536803888169,0.0788819552065542,0.0503110638271861,230.2301180069812,110.09422476312749,0.008584528517798205,2.424952821971124e-06
0.47,2.8544158255777856,9.729875260332737,80.26505060671195,92.84934169262247,0.0005828944782718,4.21473393440608,80.01372953738621,2.912468795044441,2.6026725308822134,0.1926851507305493,0.0584752494867572,2.7325223796625977e-08,0.0001606417833861,0.5642368736025537,6.697536405156817,15.30085529628352,1.6855287352087107,24.2481573102516,1327.9277631150735,4526.5204088570335,37340.80653329976,0.3134469264871011,2266.440062388713,43026.75447298945,1566.1572142574344,1399.566706955443,103.61492607591228,31.44460603149253,1.4693924430401214e-05,0.0863838570183075,0.0307424454879531,0.1047920758829229,0.8644654786291238,6.476928530027437e-06,0.0468327141254859,0.8890858070419114,0.0323623793578646,0.0289200268624401,0.0021410529634444,0.0006497574189141,3.0362874961943274e-10,1.7849977804096004e-06,345.3513085098677,345.1369084072567,0.2853692038190326,-0.2853692038190326,3.077609744518595e-05,74.07319269446185,1565.5733304645698,2590.281287076583,1024.707956612013,284.1104897034033,3269.159369645889,67.60448678652217,4487399.452990988,214.2476959370063,41,0.05,viscosity_090,0.0015693167133764,3.799895935903216e-09,2.073322137686298e-09,7.465028383920313e-10,4.08116973117056e-05,607.2069562916957,0.0799574760571188,0.0502380483645236,230.256147810978,110.1868715694927,0.00874381211631144,2.4607790746050106e-06
0.48,2.837517833380063,9.729875260332737,80.31414106733509,92.88153416104788,0.000571960402477,4.245770044463511,80.06644627966998,2.894691759567076,2.589413456302148,0.1899488468641915,0.057583569811254,2.710579259540344e-08,0.0001623438840207,0.547338881404831,6.746626865779953,15.30085529628352,1.6855287352087107,24.28034977867701,1319.6724607014469,4525.169243368621,37352.49129525274,0.3071877641780279,2280.312765576628,43001.98494828206,1554.6773618504674,1390.718879714502,102.01748464352058,30.92691030200799,1.4557944549298144e-05,0.0871914463734519,0.0305498596573574,0.1047557552555284,0.8646943850871142,6.351968656320003e-06,0.0471518624848442,0.8891866552104339,0.032147315175748,0.0287570136699176,0.0021094976441727,0.0006395006174833,3.010263371818265e-10,1.80292771733708e-06,345.4809988375148,345.2746331683298,0.2778830594903625,-0.2778830594903625,3.080945973778416e-05,74.08125788049401,1502.799980817466,2509.5177219923958,1006.7177411749292,288.91102378681137,3277.2065120129428,68.57468060960112,4487399.452995163,217.52614349659535,41,0.05,viscosity_090,0.0015568017620864,3.809466241060676e-09,2.0785017326940713e-09,7.515149655837061e-10,4.092010464618513e-05,610.8551106373661,0.0810155640935763,0.0501674269943272,230.28121840129,110.27622380785792,0.008901192555161764,2.496045760074911e-06
0.49,2.8210714362360805,9.729875260332737,80.36170074118448,92.9126474377533,0.000561464628991,4.276012739710493,80.11748445752141,2.87740479137445,2.576457729247793,0.1873214101212221,0.0567308322383645,2.6892027979771268e-08,0.0001640144207336,0.5308924842608486,6.79418653962933,15.30085529628352,1.6855287352087107,24.311463055382408,1311.6460358131835,4523.867120217158,37363.85575156316,0.301189722571974,2293.806277880729,42977.886176531065,1543.542916316397,1382.104140887813,100.48590887655338,30.432448886148435,1.4425846310532723e-05,0.0879832055802508,0.0303626203109329,0.1047206761259413,0.8649167035631258,6.23211575152123e-06,0.0474626627802769,0.8892838677250696,0.0319384673546611,0.0285980308793947,0.002079220400244,0.0006296979274098,2.9849472702180775e-10,1.8205186972639208e-06,345.60563156070504,345.4071066966431,0.2703210492842725,-0.2703210492842725,3.0841647720118235e-05,74.08902123219359,1441.7285768530032,2431.1300595661746,989.4014827131714,293.6436846143645,3284.977569169009,69.5189462202306,4487399.45276638,220.75521391336756,41,0.05,viscosity_090,0.0015447897509483,3.818680444114752e-09,2.083488601954003e-09,7.563898891246162e-10,4.102487508932776e-05,614.397712668857,0.0820549769842002,0.0500991699976574,230.3053507410937,110.36234536609297,0.009056455076113733,2.530710693829112e-06
0.5,2.805080401624921,9.729875260332737,80.40774054400977,92.94269620596742,0.0005513975371298,4.305451658731658,80.16685919262035,2.860610270199184,2.5638133314018936,0.1848000319100623,0.0559156407758419,2.6684047155201805e-08,0.0001656520195902,0.5149014496496895,6.840226342454627,15.30085529628352,1.6855287352087107,24.341511823596544,1303.8495231796876,4522.613045755761,37374.89809829762,0.295446093418002,2306.917944526158,42954.46347718107,1532.7528184493356,1373.725093076244,99.01830134307406,29.96033989230025,1.4297665400579956e-05,0.0887585430821806,0.0301807513245437,0.1046868194868229,0.8651324291886333,6.117248156320708e-06,0.0477650233234592,0.8893775154432976,0.0317358379807341,0.0284431491230545,0.002050186260124,0.0006203325684513,2.9603494261690875e-10,1.8377566876776928e-06,345.7253377003928,345.53446112695434,0.262701957399594,-0.262701957399594,3.087268220744491e-05,74.0964895515502,1382.3660898125122,2355.115484701904,972.7493948893916,298.30254181631096,3292.476754847896,70.43706730957983,4487399.453170269,223.9310071019337,41,0.05,viscosity_090,0.0015332660332248,3.8275462512268e-09,2.0882869163382104e-09,7.611269851266361e-10,4.11260579513041e-05,617.8345841544474,0.0830745966741622,0.0500332452266257,230.32856597433965,110.44530074302511,0.009209399575168016,2.5647356226330695e-06
0.51,2.789547961173481,9.729875260332737,80.45227255518986,92.97169577669608,0.0005417495063934,4.334077574995651,80.2145866536679,2.844310093354182,2.5514875919829016,0.1823819668713177,0.0551366528128791,2.648195636844258e-08,0.0001672553561608,0.4993690091982496,6.884758353634727,15.30085529628352,1.6855287352087107,24.37051139432521,1296.2837211217402,4521.406007017959,37385.61684261942,0.2899502417078763,2319.645566115264,42931.721236931495,1522.3057692299244,1365.5839742894284,97.61281690784168,29.50973765806677,1.417343174162667e-05,0.0895168899527483,0.0300042710619536,0.1046541657549456,0.8653415631831006,6.007244949184984e-06,0.0480588635790288,0.8894676688016319,0.0315394241075854,0.0282924317769771,0.002022361139937,0.0006113884280765,2.9364788848248813e-10,1.854628166087808e-06,345.8402492577261,345.6568283453471,0.2550447420022203,-0.2550447420022203,3.090258448713374e-05,74.10366968693877,1324.7182047596723,2281.469454751462,956.7512499917896,302.88182951519286,3299.7084063675743,71.32885833463187,4487399.45277965,227.0497345707008,41,0.05,viscosity_090,0.0015222163689588,3.836071577711103e-09,2.0929009599453182e-09,7.657258311741642e-10,4.122370521114322e-05,621.1656919748659,0.0840733499187358,0.0499696199272726,230.350885389167,110.52515560364822,0.009359831326210884,2.5980837989800913e-06
0.52,2.774475468948882,9.729875260332737,80.49531233218508,92.99966306146668,0.0005325096735455,4.361884853921869,80.26068663683455,2.828504292891561,2.5394861135193043,0.1800643091626999,0.0543925365933297,2.628581863076289e-08,0.0001688233087158,0.4842965169736509,6.927798130629947,15.30085529628352,1.6855287352087107,24.398478679095827,1288.948564840251,4520.244959178482,37396.01177524388,0.2846949183603153,2331.988532933569,42909.66110996411,1512.199381064781,1357.6819871680937,96.267535301963,29.079807436633097,1.4053151258817846e-05,0.090257774609344,0.029833177644043,0.1046226936747278,0.8655441286812292,5.901971998033408e-06,0.048344140107516,0.8895544036216031,0.0313492016432558,0.0281459223671812,0.0019957093050491,0.0006028495702968,2.9133398548652265e-10,1.871121765773724e-06,345.9504980074721,345.77433962311454,0.2473680296291888,-0.2473680296291888,3.0931377068736294e-05,74.11056870338984,1268.7852985048837,2210.179512581703,941.3942140768194,307.37648359965056,3306.677265258992,72.19424155197541,4487399.452991989,230.1081125474513,41,0.05,viscosity_090,0.0015116263285954,3.844264461085518e-09,2.0973350828028913e-09,7.70186404568697e-10,4.131787363351842e-05,624.3913489774512,0.085050335429218,0.0499082570403001,230.3723309471877,110.60197787288286,0.009507577916283027,2.6307239949836438e-06
0.53,2.7598637555600027,9.729875260332737,80.53687622913516,93.0266152450279,0.0005236672582129,4.38886898045978,80.3051796076587,2.813192432135296,2.527813847737659,0.1778442254515712,0.0536820151125616,2.609568550809705e-08,0.0001703548166276,0.4696848035847709,6.969362027580042,15.30085529628352,1.6855287352087107,24.42543086265704,1281.8437654470108,4519.128857686637,37406.082990479714,0.279672994171327,2343.946675183757,42888.28387893387,1502.4310539488577,1350.019991544025,94.98059358886827,28.66975099973736,1.393682416943264e-05,0.0909807533133519,0.0296674639649163,0.1045923818114276,0.865740154223656,5.801296841006208e-06,0.0486208204782921,0.8896377947404444,0.0311651418218939,0.0280036573979745,0.0019701960111545,0.0005947007375525,2.890935332077827e-10,1.8872267533481647e-06,346.0562146080078,345.887126171567,0.2396903498404485,-0.2396903498404485,3.095908254524282e-05,74.11719360959145,1214.5664265014757,2141.231603552064,926.6651770505882,311.78167151882707,3313.388122425991,73.03316927241794,4487399.45299937,233.10301531825183,41,0.05,viscosity_090,0.0015014819380862,3.852132981624981e-09,2.1015936581056676e-09,7.745088492278252e-10,4.140862138341187e-05,627.5119897196705,0.0860047085351977,0.0498491192611141,230.39292443487335,110.6758355846368,0.009652474504645148,2.662626870820735e-06
0.54,2.7457123375968866,9.729875260332737,80.57698329769924,93.05257089562886,0.000515210994213,4.415028014033947,80.3480887605104,2.798372782003186,2.5164744642956007,0.1757188299651484,0.0530038323419266,2.5911583159506875e-08,0.0001718489701666,0.4555333856216549,7.009469096144114,15.30085529628352,1.6855287352087107,24.451386513258,1274.9684320628871,4518.0566204875295,37415.83145790849,0.2748771397107369,2355.5209144831806,42867.58836241396,1492.9974608487964,1342.5981018850152,93.7501138692069,28.27878673301849,1.3824436870066785e-05,0.0916854529740691,0.0295071088436296,0.1045632072997329,0.8659296838566375,5.705082239804009e-06,0.0488888983232532,0.8897179201115066,0.0309872014345187,0.027865658796942,0.0019457860707429,0.0005869269598902,2.8692654960578743e-10,1.9029339797452648e-06,346.1575312037164,345.99531895028844,0.2320296771904893,-0.2320296771904893,3.0985724628213325e-05,74.1235515971895,1162.0565881290722,2074.606384446377,912.5497963173052,316.09308119541,3319.8460857007385,73.84566925081619,4487399.45279531,236.0316786213519,41,0.05,viscosity_090,0.0014917692097023,3.8596854535628416e-09,2.105681185601797e-09,7.786936539470185e-10,4.1496011162623794e-05,630.5283119391587,0.0869357452603492,0.049792166330851,230.4126882074192,110.74679915623835,0.009794373170804449,2.6937670629856818e-06
0.55,2.732019464148547,9.729875260332737,80.61565463444445,93.07754935892574,0.0005071290979124,4.440362502038771,80.38943935145899,2.784042375481093,2.505470382812871,0.1736851910881131,0.0523567611496545,2.5733509605740167e-08,0.0001733050143088,0.4418405121733153,7.048140432889307,15.30085529628352,1.6855287352087107,24.47636497655485,1268.321103129285,4517.027160837446,37425.25899145228,0.2702998114117589,2366.71323306338,42847.57152693899,1483.8945983430383,1335.4157250289788,92.5742076117978,27.90615392241779,1.3715960732734133e-05,0.0923715733868074,0.0293520777348072,0.1045351465240278,0.8661127757411649,5.613185864239392e-06,0.0491483926501982,0.8897948598477533,0.0308153236953312,0.0277319345191728,0.001922443936774,0.0005795136441437,2.848327436757378e-10,1.918235929519494e-06,346.25457793798824,346.0990486739188,0.2244033665003285,-0.2244033665003285,3.101132748894801e-05,74.12964988139802,1111.2470728562926,2010.279506059613,899.0324332033205,320.3069655207739,3326.0564574859686,74.6318420152687,4487399.453153978,238.8917360112013,41,0.05,viscosity_090,0.0014824742678967,3.866930161242506e-09,2.1096021487611073e-09,7.82741582772826e-10,4.158010808833566e-05,633.4412400886002,0.0878428528269552,0.0497373557165232,230.4316446932818,110.81493960446716,0.009933144204755898,2.7241234765801705e-06
0.56,2.718782898509954,9.729875260332737,80.6529123687948,93.10157052763748,0.0004994101131036,4.464874049639485,80.4292575392488,2.7701978040182422,2.4948034066750067,0.1717404628020179,0.0517396189198312,2.5561457148792848e-08,0.0001747222630123,0.4286039465347226,7.085398167239667,15.30085529628352,1.6855287352087107,24.500386145266617,1261.9001061129889,4516.039375637212,37434.367684261466,0.2659337113084069,2377.5259959519685,42828.22953317576,1475.1182720404463,1328.4719542398498,91.4510488602896,27.55112185358952,1.3611364663371494e-05,0.0930388444925759,0.029202331207752,0.104508175374382,0.866289493417866,5.52546969094871e-06,0.0493993325082435,0.8898686933606376,0.0306494474229016,0.0276024859064027,0.0019001351735244,0.0005724467499989,2.8281176737569905e-10,1.933125788360203e-06,346.34748571755483,346.1984459543567,0.2168282299820474,-0.2168282299820474,3.103591569337296e-05,74.13549568775504,1062.1275069566177,1948.225184199248,886.0976772426302,324.4198285842017,3332.024634571473,75.39181598561248,4487399.452817129,241.68098171255016,41,0.05,viscosity_090,0.0014735835912463,3.873875553861431e-09,2.1133611203509056e-09,7.866535980249508e-10,4.166097960150308e-05,636.251819447066,0.0887254905286358,0.0496846444053652,230.44981635300988,110.88032891405136,0.010068666449197792,2.7536768438999017e-06
0.5700000000000001,2.705998776525452,9.729875260332737,80.68878153622312,93.1246555730813,0.0004920418785211,4.488567415990832,80.46757247699166,2.756834043297072,2.484473801044832,0.1698816997905443,0.0511512338115554,2.539538477657345e-08,0.0001761002339696,0.4158198245502195,7.121267334667979,15.30085529628352,1.6855287352087107,24.523471190710428,1255.703026056406,4515.092140299887,37443.16073710044,0.2617712179920726,2387.9629170081157,42809.55620988527,1466.6633813465262,1321.7649987916268,90.37876938929188,27.212969792109657,1.3510599594330276e-05,0.0936870919879205,0.0290578124544242,0.1044822684224269,0.8664599191231489,5.44178843576959e-06,0.0496417791325511,0.889939504084199,0.0304894934171867,0.0274772969328014,0.0018788243637871,0.0005657124012852,2.8086290462600173e-10,1.9475988906319994e-06,346.43638455671254,346.29364078163024,0.2093200215266393,-0.2093200215266393,3.1059514729774905e-05,74.14109636891276,1014.6824214264628,1888.4109599996543,873.7285385731916,328.4289010123917,3337.756325065696,76.12581302133867,4487399.452999486,244.39771829159685,41,0.05,viscosity_090,0.0014650835371122,3.880530123974888e-09,2.116962696461267e-09,7.904310188425805e-10,4.173869690758444e-05,638.9613810507085,0.0895832809199685,0.0496339858724956,230.46722604228592,110.94304065143298,0.010200842288678166,2.782413233275325e-06
0.58,2.6936628027366014,9.729875260332737,80.72328777031423,93.14682583338356,0.0004850125749776,4.511448313049102,80.50441377994798,2.743945683735438,2.474481263548194,0.1681060463219231,0.0505904802915081,2.5235245269950763e-08,0.0001774385175507,0.4034838507613696,7.155773568759094,15.30085529628352,1.6855287352087107,24.54564145101269,1249.7272677367375,4514.184333748599,37451.641595759866,0.2578049613340737,2398.028046921964,42791.544699057085,1458.524680377166,1315.2927973059295,89.35556521197965,26.891007549701037,1.341361392820597e-05,0.0943161734692403,0.0289184604911271,0.1044574001666686,0.8666241393422043,5.362001262192483e-06,0.0498758028077913,0.8900073741799794,0.0303353788718867,0.0273563456762495,0.0018584772417536,0.0005592972907774,2.789853788748517e-10,1.9616513141184105e-06,346.5214031639148,346.3847629136267,0.2018937933726038,-0.2018937933726038,3.1082150074885094e-05,74.14645919146677,968.8949052938272,1830.8032120354796,861.9083067416523,332.3316955309116,3343.257252620355,76.83407974507516,4487399.453010197,247.0404317992365,41,0.05,viscosity_090,0.0014569608706573,3.886902364402968e-09,2.120411473385221e-09,7.940753149911132e-10,4.181333217360712e-05,641.5713468406434,0.0904159034698552,0.0495853335515756,230.48389634928583,111.0031482478186,0.010329583635132812,2.810320680806363e-06
0.59,2.681769636249147,9.729875260332737,80.75645873884382,93.1681036354257,0.0004783102748718,4.533524536401149,80.53981308304866,2.7315262918231302,2.4648244321084545,0.1664106397843721,0.0500562540814487,2.50809740490716e-08,0.0001787368483797,0.3915906842739157,7.188944537288685,15.30085529628352,1.6855287352087107,24.56691925305483,1243.9697628860245,4513.314811571768,37459.81439680285,0.254027569379628,2407.726279794769,42774.18661193631,1450.6963807002458,1309.0527055973164,88.37964092378307,26.584560743474487,1.3320347084464718e-05,0.0949260125441704,0.0287842033014123,0.104433544106538,0.8667822525920497,5.285966680273051e-06,0.0501014945790903,0.8900723876493127,0.0301870098206323,0.0272395984475519,0.0018390595882112,0.0005531883907045,2.771782253009245e-10,1.975280638338096e-06,346.6026706435878,346.4719413479104,0.1945635134253232,-0.1945635134253232,3.1103847947856845e-05,74.15159151016351,924.744508666848,1775.3642975900282,850.6197889231802,336.1262372145971,3348.533354078521,77.51692280287538,4487399.452840447,249.6079542033557,41,0.05,viscosity_090,0.0014492024152806,3.893000893364272e-09,2.1237121152588926e-09,7.975882400147654e-10,4.188496078570695e-05,644.0833366996113,0.0912231452829092,0.0495386387879572,230.499850136202,111.06072660210084,0.01045481937360809,2.837390840204862e-06
0.6,2.6703129731440427,9.729875260332737,80.78832348359634,93.18851171707313,0.0004719229070623,4.554805806889409,80.57380336689685,2.7195684998712624,2.4555009535720638,0.1647926172005944,0.049547479464336,2.4932487249359337e-08,0.0001799951024198,0.3801340211688113,7.220809282041201,15.30085529628352,1.6855287352087107,24.58732733470224,1238.4270165941712,4512.482436206669,37467.68391333359,0.2504316506018896,2417.063294280377,42757.4721855578,1443.1722176557723,1303.041551183656,87.44921366383625,26.292974720506034,1.3230728667814572e-05,0.0955165979966224,0.0286549588993469,0.1044106733872231,0.8669343677134299,5.2135421740699954e-06,0.050318964842666,0.8901346293899657,0.0300442823545312,0.0271270107645503,0.0018205373100001,0.0005473730347488,2.7544027177692416e-10,1.9884859233336983e-06,346.68031334775327,346.5553040760139,0.1873420755551083,-0.1873420755551083,3.112463469140121e-05,74.15650062278175,882.2077170798628,1722.052961903447,839.8452448235843,339.8110788238283,3353.5906615840804,78.17470413261032,4487399.453137689,252.09947980555305,41,0.05,viscosity_090,0.0014417951716133,3.898834214427243e-09,2.126869224108766e-09,8.009717574707295e-10,4.195365932781917e-05,646.4991287177008,0.0920049056960423,0.0494938515389379,230.5151100881432,111.11585040973968,0.0105764956924826,2.8636190796061354e-06
0.61,2.6592861561106758,9.729875260332737,80.81891174434394,93.20807316078736,0.0004658388654926,4.5753026466926805,80.60641817839083,2.708064624332464,2.4465079893075905,0.1632492092866988,0.0490631186508988,2.4789699322804368e-08,0.000181213226076,0.3691072041354437,7.251397542788792,15.30085529628352,1.6855287352087107,24.606888778416465,1233.0953853393803,4511.686061266723,37475.25511352061,0.2470101213488902,2426.045024758016,42741.39109171469,1435.945819526079,1297.255939949865,86.56256483316267,26.015619969570164,1.314468819910971e-05,0.0960879485994088,0.0285306418846713,0.1043887608699768,0.8670805972453517,5.144590936576799e-06,0.0505283313005157,0.8901941832437695,0.02990708966988,0.0270185331460972,0.0018028774855687,0.0005418390225226,2.7377033541776216e-10,2.0012669391006604e-06,346.7544577935768,346.6349786387896,0.1802414381711725,-0.1802414381711725,3.1144536854688944e-05,74.16119379789556,841.259583223306,1670.8270822278266,829.5674990045206,343.38503250100325,3358.4352514559328,78.80780596203576,4487399.452867652,254.51436330822028,41,0.05,viscosity_090,0.0014347264681512,3.904410925356882e-09,2.129887453031868e-09,8.042279915641523e-10,4.201950593697847e-05,648.8205830777395,0.0927611299741308,0.0494509216259838,230.52969879943535,111.1685948453988,0.010694567800076056,2.889002431161908e-06
0.62,2.648681396902564,9.729875260332737,80.84825502265953,93.22681167989482,0.0004600462736811,4.5950278068371615,80.63769284029064,2.697005869251695,2.437841584243879,0.161777614441029,0.0486021519439788,2.4652502651475475e-08,0.0001823913313322,0.3585024449273322,7.280740821104391,15.30085529628352,1.6855287352087107,24.625627297523952,1227.970718411515,4510.924540587447,37482.53373115859,0.2437558025949732,2434.678324942092,42725.93141644749,1429.0102276069651,1291.691870932654,85.7179690521882,25.751880262286505,1.3062143774585388e-05,0.0966401596941657,0.028411155001172,0.1043677788074679,0.8672210661913601,5.078973651596827e-06,0.0507297341472591,0.8902511349222956,0.029775312901732,0.0269141038227905,0.0017860469439074,0.0005365743910045,2.721669940088509e-10,2.013625191882508e-06,346.825228047251,346.7110905846177,0.1732722599158221,-0.1732722599158221,3.116358130413791e-05,74.16567829384087,801.8714730729221,1621.6401154840523,819.7686424111303,346.8475154089668,3363.0733450611024,79.41667545129589,4487399.453013342,256.8523754537754,41,0.05,viscosity_090,0.0014279836842383,3.9097395229578665e-09,2.1327714003869442e-09,8.07359306770167e-10,4.208258042188445e-05,651.0497417003355,0.0934918906504704,0.0494097968997528,230.5436388325793,111.21903521130746,0.010809010746585563,2.913542135563505e-06
0.63,2.6384906244501027,9.729875260332737,80.87638510343868,93.24475098822153,0.0004545336898772,4.613994697426705,80.66766282698572,2.6863831944802103,2.429497368425821,0.1603751236914273,0.0481635986429764,2.4520787382530425e-08,0.0001835295977955,0.3483116724748709,7.308870901883541,15.30085529628352,1.6855287352087107,24.64356660585064,1223.0487529802665,4510.19673654654,37489.52565140452,0.240661802766062,2442.9702496544,42711.08081363563,1422.3584233737529,1286.345169834738,84.91376381106588,25.501164677694256,1.298301320264454e-05,0.0971733555731056,0.0282963984190744,0.1043476995457019,0.8673559020352236,5.016556337923092e-06,0.0509233195646516,0.8903055686135015,0.0296488311878469,0.0268136569257064,0.0017700136670104,0.0005315676514426,2.7062880946826447e-10,2.0255628736038896e-06,346.8927465704091,346.78376479288164,0.1664442369053838,-0.1664442369053838,3.118179475293665e-05,74.16996126040942,764.01365060439,1574.44495189506,810.43130129067,350.19820556895564,3367.5111379368286,80.00177599875109,4487399.453025285,259.1134513561898,41,0.05,viscosity_090,0.0014215545689366,3.9148284561717945e-09,2.135525638695533e-09,8.10368177909297e-10,4.214296290580067e-05,653.1886993038909,0.0941973062473787,0.0493704254813273,230.55695241266687,111.26724631487686,0.010919808568897892,2.93724106968528e-06
0.64,2.628705111472776,9.729875260332737,80.9033348730481,93.2619152448536,0.000449289810207,4.63221807330917,80.69636465767842,2.676186928019177,2.421470259004387,0.1590390602241951,0.0477465024339866,2.4394434019355496e-08,0.0001846283170552,0.338526159497544,7.33582067149295,15.30085529628352,1.6855287352087107,24.660730862482723,1218.324936881382,4509.5015072904525,37496.23718632939,0.2377213512843306,2450.928364752327,42696.82600038089,1415.9830878980758,1281.211300563462,84.14831461692656,25.262898957080974,1.2907209750037816e-05,0.0976877107350656,0.0281862655787334,0.1043284950216551,0.8674852393996113,4.957206992043076e-06,0.0511092468602662,0.8903575688242608,0.029527517095204,0.0267171189425105,0.0017547460980429,0.0005268076202357,2.6915424329775576e-10,2.0370833333912165e-06,346.9571347735261,346.85312427622887,0.1597658753120068,-0.1597658753120068,3.119920414847694e-05,74.17404982792186,727.6540421463177,1529.192174508545,801.5381323622272,353.43718678886154,3371.7549056144053,80.5636086789402,4487399.452893957,261.29779411475874,41,0.05,viscosity_090,0.0014154270392949,3.919686165526895e-09,2.1381547359231966e-09,8.132572611586562e-10,4.220073491874243e-05,655.2396641084871,0.0948775735644937,0.0493327545861143,230.56966170426395,111.3133031841238,0.011026958944289069,2.960104786750778e-06
0.65,2.6193155613011485,9.729875260332737,80.92913775139463,93.27832857302852,0.0004443034310367,4.649713864641787,80.7238353186172,2.666406858439132,2.4137545372518163,0.1577667836620902,0.0473499369562102,2.4273312051730448e-08,0.0001856878861165,0.3291366093259166,7.36162354983949,15.30085529628352,1.6855287352087107,24.67714419065764,1213.794474958848,4508.837731320921,37502.67501828981,0.2349277782768526,2458.560685193014,42683.15291002045,1409.8766641831835,1276.2854192213294,83.42001745323499,25.036528447944534,1.2834641538615149e-05,0.0981834473717493,0.0280806442543667,0.1043101372974872,0.867609218448146,4.900795175645535e-06,0.0512876869368192,0.890407219602006,0.0294112378057804,0.0266244097277231,0.0017402131926914,0.0005222834810449,2.677416429633958e-10,2.048191017414167e-06,347.0185104879787,346.9192899161903,0.1532445608613537,-0.1532445608613537,3.121583616309118e-05,74.17795099044068,692.7587021922733,1485.8304581307402,793.0717559384669,356.5649453146279,3375.8109056131493,81.1027072577187,4487399.453123243,263.4058780934025,41,0.05,viscosity_090,0.0014095892747425,3.924320888920644e-09,2.1406631503343932e-09,8.16029328006521e-10,4.2255977713968e-05,657.2049225156561,0.0955329686923128,0.0492967311212022,230.5817884483787,111.35727969749168,0.011130472914442989,2.9821414988729553e-06
0.66,2.610312481725688,9.729875260332737,80.95382747299932,93.29401521505774,0.000439563824735,4.666498483673529,80.75011198857578,2.6570326102642534,2.4063441663949527,0.1565557437458761,0.0469730077601306,2.415729197420752e-08,0.0001867087604544,0.3201335297504563,7.386313271444191,15.30085529628352,1.6855287352087107,24.69283083268688,1209.452495966637,4508.204286436123,37508.845925811525,0.2322747136203525,2465.8753471315417,42670.04717292666,1404.0315738016573,1271.5625596766492,82.72732763236596,24.8215192229404,1.2765218062551168e-05,0.0986608119790201,0.0279794204988229,0.1042925983826915,0.8677279811184855,4.847196142570324e-06,0.0514588147989775,0.8904546036722821,0.029299859302386,0.0265354460596843,0.0017263850082285,0.000517984804953,2.6638937483742246e-10,2.058890956289005e-06,347.07699109291053,346.9823816954993,0.146886677922272,-0.146886677922272,3.123171747397406e-05,74.1816716814851,659.2927600680794,1444.3082160677468,785.0154559996674,359.582180657026,3379.6853896148014,81.61961672782587,4487399.452921271,265.4383054273822,41,0.05,viscosity_090,0.0014040297570394,3.9287408891413454e-09,2.1430553537478867e-09,8.186872576909299e-10,4.2308773245344974e-05,659.0868032079164,0.0961638005035531,0.0492623022246885,230.5933541978208,111.39924969276888,0.011230369074955737,3.0033606485505747e-06
0.67,2.601685798556108,9.729875260332737,80.97743831606591,93.30899937495477,0.0004350602987813,4.682589529600073,80.77523234129399,2.648053251697364,2.3992324790352986,0.1554034132394482,0.0466148459825823,2.4046232490142173e-08,0.0001876915036841,0.3115068465808761,7.409924114510769,15.30085529628352,1.6855287352087107,24.707814992583877,1205.2938788240583,4507.600072041434,37514.75707765107,0.2297558470515113,2472.880947264867,42657.493637871485,1398.4399854121875,1267.037447540734,82.06872229789099,24.617354086096725,1.2698843194024866e-05,0.0991201002116433,0.0278824745306874,0.1042758504057471,0.8678416750635655,4.796285932791365e-06,0.051622817234223,0.8904998035483698,0.0291932419390469,0.026450138109421,0.0017132319517913,0.0005139014768108,2.65095682028799e-10,2.0691893085767204e-06,347.13269008705714,347.0425160942829,0.1406974674986921,-0.1406974674986921,3.12468744664567e-05,74.18521869880665,627.2194495970355,1404.5718415491351,777.3523919520999,362.4900020984613,3383.3845881529064,82.11491549627445,4487399.453029961,267.3959563085489,41,0.05,viscosity_090,0.0013987371893879,3.932954195758706e-09,2.145335691695658e-09,8.212340343566205e-10,4.235920298602557e-05,660.8877088141624,0.0967704586378414,0.0492294146662505,230.6043800833669,111.43928568965822,0.011326679590916246,3.0237743731180707e-06
0.68,2.593425306758674,9.729875260332737,81.00000453776964,93.32330510486103,0.0004307825852452,4.698004949746188,80.79923391173489,2.6394577517763134,2.392412558810233,0.1543073505518783,0.0462746148113187,2.3939992694264664e-08,0.000188636731557,0.3032463547834418,7.432490336214502,15.30085529628352,1.6855287352087107,24.72212072249017,1201.31345856483,4507.024000241375,37520.4156994407,0.2273651361100911,2479.586156522352,42645.47696484933,1393.0940839863829,1262.7047278518855,81.44273460136532,24.423536269528423,1.2635421866712152e-05,0.09956162949674,0.0277896855865168,0.1042598657366446,0.8679504486768385,4.747945669844324e-06,0.0517798839183758,0.890542900102597,0.0290912456364734,0.026368393798042,0.0017007254749188,0.0005100237673072,2.638588200684547e-10,2.079092756871933e-06,347.1857191737422,347.0998085158597,0.1346812357023738,-0.1346812357023738,3.1261333252524776e-05,74.1885987213269,596.5014003670699,1366.5677158059518,770.0663154388819,365.2897177117173,3386.9146722038013,82.58918948241968,4487399.453041044,269.279832462941,41,0.05,viscosity_090,0.00139370060237,3.936968754202032e-09,2.147508464231152e-09,8.236727056729424e-10,4.240734812800461e-05,662.6100604161187,0.0973533634504227,0.0491980157583016,230.61488686641096,111.47745941581282,0.011419443599106696,3.043395938077829e-06
0.6900000000000001,2.5855205263748138,9.729875260332737,81.0215606174303,93.33695640413784,0.0004267206872231,4.71276329989536,80.82215437212339,2.6312348310889764,2.385877129348399,0.1532651722286632,0.0459515041105319,2.3838428252601023e-08,0.0001895451292784,0.2953415743995815,7.454046415875153,15.30085529628352,1.6855287352087107,24.73577202176696,1197.5059588275824,4506.474995669183,37525.82918725502,0.2250967200973348,2485.9998429060474,42633.9814428805,1387.985977755631,1258.5588944993156,80.8479377888308,24.23958614739156,1.2574857916672594e-05,0.0999857475592702,0.0277009303279594,0.1042446168718373,0.8680544528002031,4.702059825606793e-06,0.0519302101902626,0.8905839732429203,0.028993728125795,0.0262901174811715,0.0016888377587005,0.0005063422699526,2.626770136727542e-10,2.088608694646518e-06,347.2361878160318,347.15437150248465,0.1288412945708449,-0.1288412945708449,3.12751197255341e-05,74.19181832107442,567.1002169012071,1330.2415246543126,763.1413077531055,367.9828950868291,3390.2817749770547,83.04304039035479,4487399.4529458545,271.09110284344223,41,0.05,viscosity_090,0.0013889092850712,3.9407923901626854e-09,2.1495779066094408e-09,8.260063955582898e-10,4.245328961399234e-05,664.2563149018574,0.0979129804289632,0.0491680529860032,230.62489497607103,111.51384172434392,0.011508709100789235,3.062240185599701e-06
0.7000000000000001,2.577960772525949,9.729875260332737,81.04214083056097,93.34997686341966,0.0004228648413043,4.726883605808876,80.84403110078976,2.623373035424833,2.379618619099025,0.1522745545484738,0.0456447340371552,2.374139038245702e-08,0.0001904174444143,0.2877818205507166,7.474626629005821,15.30085529628352,1.6855287352087107,24.748792481048767,1193.8660283762815,4505.9520134855575,37531.0050624594,0.2229448992828612,2492.131022688877,42622.991109387774,1383.1077451607675,1254.5943326247686,80.28294601754685,24.065043102941356,1.2517053608254384e-05,0.1003928296231121,0.0276160836793539,0.1042300768276409,0.8681538394930051,4.658515802472966e-06,0.0520739958096082,0.8906231013602376,0.0289005458661754,0.0262152107674382,0.0016775417329342,0.000502847941096,2.615484463740629e-10,2.0977451592685834e-06,347.28420140422645,347.2063145636254,0.123180055953373,-0.123180055953373,3.128825918676914e-05,74.19488387891192,538.9768492599369,1295.5385636150295,756.5617143550928,370.571350876331,3393.491920150213,83.47708168960185,4487399.453111707,272.8311012638132,41,0.05,viscosity_090,0.0013843528496111,3.9444326678147285e-09,2.151548112528212e-09,8.282382527871037e-10,4.249710689031203e-05,665.8289382274154,0.0984498198339976,0.0491394744439779,230.63442424722675,111.54850159231478,0.011594532473409814,3.0803234798568426e-06
0.71,2.570735304383992,9.729875260332737,81.06177944206817,93.36239000678488,0.0004192057047436,4.740385085486055,80.86490135969642,2.6158608804256147,2.373629294421066,0.1513332533279273,0.0453535509302579,2.3648732796179752e-08,0.0001912544648379,0.2805563524087599,7.494265240513025,15.30085529628352,1.6855287352087107,24.76120562441401,1190.3883027867978,4505.454014547068,37535.95085669223,0.2209042312198344,2497.988722829238,42612.48991937294,1378.4515101526492,1250.8053887425865,79.74642426406625,23.89946317039125,1.2461913276820168e-05,0.1007832671271098,0.0275350203031131,0.1042162187538862,0.8682487609430006,4.6172059597176204e-06,0.0522114418300874,0.8906603614049291,0.0288115555447409,0.0261435739073821,0.001666811284442,0.0004995320514008,2.6047133607847305e-10,2.1065105862821646e-06,347.3298644253079,347.255745972125,0.1176990781947438,-0.1176990781947438,3.130077678411781e-05,74.1978016961221,512.0918515092064,1262.4043583527737,750.3125068435672,373.0570471612798,3396.551087773816,83.89193006200935,4487399.452969444,274.5012451471084,41,0.05,viscosity_090,0.0013800211784058,3.947897123488221e-09,2.153423160682046e-09,8.303714825514786e-10,4.25388793944432e-05,667.3304063296497,0.0989644105720031,0.0491122287367559,230.64349426738372,111.5815075526839,0.011676975360937333,3.097662924886058e-06
0.72,2.563833263612416,9.729875260332737,81.08051028047224,93.3742188044174,0.0004157341522188,4.753287251882503,80.88480188467543,2.6086867941973653,2.3679012142528677,0.1504390839390344,0.0450772312682955,2.3560305329006475e-08,0.0001920570291772,0.2736543116371838,7.512996078917099,15.30085529628352,1.6855287352087107,24.77303442204651,1187.0673834816605,4504.97999648084,37540.67417566208,0.2189694218255855,2503.582050598122,42602.46171414515,1374.009414431729,1247.1863498771602,79.23707747917545,23.742421005435748,1.240933997939032e-05,0.1011574738616901,0.027457614065641,0.1042030164740979,0.8683393694602609,4.578025371233628e-06,0.0523427520201092,0.8906958285696897,0.0287266135478617,0.0260751053950435,0.0016566210387631,0.0004963862297813,2.594438656880751e-10,2.114913936237142e-06,347.3732766241433,347.30276945529954,0.112399134483671,-0.112399134483671,3.131269692232925e-05,74.2005778525409,486.4054760602746,1230.7843860244693,744.3789099641947,375.4421576144705,3399.465111421405,84.28820893614237,4487399.453045886,276.10309352966607,41,0.05,viscosity_090,0.0013759044937399,3.95119297497823e-09,2.1552069573256467e-09,8.324092792863432e-10,4.257868444340389e-05,668.763182659443,0.0994573193079679,0.0490862653574964,230.6521239356816,111.6129257845938,0.011756106493247282,3.1142768961977238e-06
0.73,2.557243783069298,9.729875260332737,81.09836692777255,93.38548597117456,0.0004124414238695,4.765609709740548,80.90376906591383,2.601839221320006,2.3624263292721825,0.1495899352322018,0.0448150771410461,2.3475959679561773e-08,0.0001928260094899,0.2670648310940663,7.5308527262174145,15.30085529628352,1.6855287352087107,24.78430158880371,1183.897881604967,4504.5289718772,37545.18260757092,0.2171354009641703,2508.9200921065567,42592.89033294986,1369.7736693498623,1243.731493898439,78.75365733662284,23.593507298481104,1.2359238483409624e-05,0.1015158770768007,0.0273837390947309,0.1041904441482059,0.8684258167570632,4.540873423169967e-06,0.0524681305605423,0.8907295764305129,0.0286455770145705,0.0260097029831391,0.001646946504298,0.000493402410548,2.584642454004768e-10,2.122964501416786e-06,347.4145359242827,347.34748741351405,0.107280250256971,-0.107280250256971,3.132404366185424e-05,74.20321831000561,461.8778261525273,1200.6245173433877,738.7466911908604,377.7289829841178,3402.2397449265377,84.66654224612537,4487399.453054927,277.63828012476193,41,0.05,viscosity_090,0.0013719932982698,3.954327336774103e-09,2.1569033528492035e-09,8.343548602246881e-10,4.261659865500311e-05,670.1297240360508,0.0999291290943838,0.049061534510705,230.6603317844615,111.64282150830682,0.011831999155342308,3.130184402843547e-06
0.74,2.550956017742777,9.729875260332737,81.11538253457877,93.39621381265428,0.0004093190810944,4.777372090880508,80.92183876449141,2.5953066551748822,2.3571965142773434,0.1487837667830296,0.0445664176013108,2.339554839229217e-08,0.0001935623074363,0.260777065767545,7.547868333023636,15.30085529628352,1.6855287352087107,24.79502943028341,1180.874434009109,4504.099977071111,37549.4837126634,0.2153972975172074,2514.011892283268,42583.759675680856,1365.7365746508185,1240.435108802608,78.29496048366153,23.45232938000186,1.2311514733588778e-05,0.1018589160600822,0.0273132701381214,0.1041784764407059,0.8685082534211727,4.505653313996731e-06,0.0525877814831376,0.8907616767561539,0.0285683042199283,0.0259472640706083,0.001637764039933,0.0004905728475238,2.575307016341857e-10,2.130671870057056e-06,347.4537373068724,347.38999880102466,0.1023417794444537,-0.1023417794444537,3.133484053323382e-05,74.20572886877656,438.469052058166,1171.8711365857482,733.4020845275822,379.919945816518,3404.880622836009,85.02755265549125,4487399.452989629,279.1085135085059,41,0.05,viscosity_090,0.0013682784031621,3.957307133404703e-09,2.158516094840184e-09,8.36211434936285e-10,4.265269721768134e-05,671.4324656452221,0.1003804398475288,0.0490379873411276,230.66813584380367,111.67125833871116,0.011904730917555425,3.145405075278185e-06
0.75,2.5449591898813084,9.729875260332737,81.13158953876851,93.40642398898255,0.0004063589715821,4.788593963145466,80.93904602984767,2.5890776850309822,2.352203612156285,0.1480186081618875,0.044330610591558,2.33189240486828e-08,0.0001942668486182,0.2547802379060765,7.564075337213376,15.30085529628352,1.6855287352087107,24.80523960661168,1177.991726631731,4503.692084101856,37553.58499466079,0.2137504198214575,2518.8664249039525,42575.053779339534,1361.8905470967957,1237.2915199739352,77.85982800577376,23.31851217162281,1.2266075449948968e-05,0.1021870399166299,0.0272460830978979,0.104167088780536,0.868586828121566,4.472271662502194e-06,0.0527019078752485,0.8907921991727146,0.0284946551510781,0.0258876862448071,0.00162905084691,0.0004878901350648,2.5664146854421164e-10,2.1380458727325866e-06,347.49097159878033,347.4303990708082,0.0975824927781917,-0.0975824927781917,3.1345110290759475e-05,74.20811511264046,416.1395978285526,1144.4713277724368,728.3317299438842,382.0175807945998,3407.393213787597,85.3718589660391,4487399.453103293,280.5155742663525,41,0.05,viscosity_090,0.0013647509658661,3.960139005055592e-09,2.1600487769824556e-09,8.379821700502856e-10,4.268705306054076e-05,672.673803547505,0.1008118679929815,0.0490155762087366,230.67555347088103,111.69829762622469,0.01197438320301585,3.15995912085749e-06
0.76,2.539242566131582,9.729875260332737,81.14702014570507,93.4161379721694,0.000403553285159,4.799294872519263,80.95542559166512,2.5831409651800112,2.3474394226334607,0.1472925552144673,0.0441070349984905,2.3245942322670147e-08,0.0001949405810444,0.2490636141563504,7.579505944149936,15.30085529628352,1.6855287352087107,24.81495358979852,1175.2444764530153,4503.304374620482,37557.49390738575,0.2121902812566523,2523.492600071561,42566.75675128375,1358.2280905260848,1234.2950723972256,77.44714234118948,23.19169365214732,1.2222829601248467e-05,0.102500706204988,0.0271820546348006,0.104156256847521,0.8686616885176783,4.4406390790696594e-06,0.052810712108284,0.8908212118837411,0.028424490986866,0.025830866998855,0.0016207849143975,0.0004853471164259,2.5579481992609753e-10,2.14509655631006e-06,347.5263284853577,347.46878227809435,0.0930005389652118,-0.0930005389652118,3.135487543910535e-05,74.21038253854245,394.84992630415456,1118.372723260513,723.5227969563588,384.0245032577207,3409.7829206476717,85.70007743045514,4487399.453007932,281.8612859630512,41,0.05,viscosity_090,0.0013614023769932,3.962829531930989e-09,2.161504960545471e-09,8.396702484177901e-10,4.271973862628506e-05,673.8561220468141,0.1012240370552074,0.0489942541399279,230.68260175292008,111.72400003651568,0.012041040465210139,3.173867073309412e-06
0.77,2.533795617494388,9.729875260332737,81.1617054938287,93.42537637165584,0.000400894514287,4.8094940346754464,80.97101100364823,2.577485385223368,2.34289584043392,0.1466037815842841,0.0438951009618931,2.317646023284087e-08,0.0001955844578378,0.2436166655191557,7.594191292273573,15.30085529628352,1.6855287352087107,24.82419198928496,1172.627514051747,4502.935974701931,37561.2177605478,0.2107125810403882,2527.899149099359,42558.85303986032,1354.7419053118488,1231.4402219361525,77.05583415837812,23.07153051260373,1.2181687653488724e-05,0.1028003737983002,0.0271210640609536,0.1041459573213415,0.8687329786177048,4.410669753429045e-06,0.052914392968849,0.8908487804416568,0.0283576762049936,0.0257767054688047,0.001612945156713,0.0004829370002247,2.549890519762756e-10,2.151834015390157e-06,347.55989265737315,347.5052375056913,0.0885936651402082,-0.0885936651402082,3.1364157488485374e-05,74.21253638037902,374.5613288251461,1093.5242290500366,718.9629002248905,385.9433818461498,3412.054926549846,86.01281256848809,4487399.453059154,283.1475064491971,41,0.05,viscosity_090,0.0013582244229726,3.965384941345895e-09,2.162888015779919e-09,8.412787628724624e-10,4.275082327815998e-05,674.9817365922402,0.1016175760249732,0.0489739758298592,230.68929695946164,111.74842334774122,0.01210478900986129,3.1871496580453953e-06
0.78,2.528607886746459,9.729875260332737,81.17567634508394,93.43415949216312,0.0003983754441724,4.819210582307414,80.98583536299137,2.572099926256376,2.338564751768945,0.1459505209178027,0.0436942386155365,2.3110337288671768e-08,0.0001961994488924,0.2384289347712271,7.608162143528799,15.30085529628352,1.6855287352087107,24.83297510979225,1170.1357140722828,4502.5860257966015,37564.76379877697,0.2093131941082758,2532.094723254349,42551.32720985859,1351.424790372695,1228.7214610795436,76.68487142457427,22.957691751673497,1.214256196151862e-05,0.1030865077923397,0.0270629917418858,0.1041361672563537,0.8688008410017604,4.382281294638286e-06,0.0530131480208065,0.8908749689106374,0.0282940767551287,0.0257251010771165,0.0016055112008458,0.0004806532314412,2.5422249361606555e-10,2.158268506448123e-06,347.5917470966498,347.53985243295904,0.0843591003909214,-0.0843591003909214,3.1372977583227114e-05,74.21458176273026,355.2352722266329,1069.8753785405938,714.6401063139609,387.7769505456972,3414.214327761317,86.31066477888947,4487399.453065893,284.3761291437868,41,0.05,viscosity_090,0.0013552091229026,3.967811353263194e-09,2.164201254868605e-09,8.428108000014284e-10,4.2780375460456014e-05,676.0529409562513,0.10199311943671,0.0489546967456563,230.6956550202373,111.77162433975356,0.012165717576762327,3.1998278497313083e-06
0.79,2.523669129205929,9.729875260332737,81.18896263945221,93.44250702899087,0.0003959891788272,4.82846329637216,80.99993084683882,2.566973806975928,2.334438156984648,0.1453310795696984,0.0435039034727595,2.304743631241461e-08,0.0001967865234975,0.2334901772306976,7.621448437897073,15.30085529628352,1.6855287352087107,24.84132264662,1167.7640634673555,4502.253698610545,37568.13911274407,0.2079881853311739,2536.0877838249708,42544.16415791724,1348.2697317305146,1226.133394546431,76.33326648329957,22.84986161722757,1.2105367296529949e-05,0.103359571696132,0.0270077206770891,0.1041268644185028,0.8688654149044079,4.355395023574859e-06,0.0531071709454677,0.890899839144718,0.0282335617797976,0.0256759549891897,0.0015984635302491,0.0004784895517915,2.534935164605717e-10,2.164410269205273e-06,347.6219716015945,347.5727111380812,0.0802937180188113,-0.0802937180188113,3.138135617586358e-05,74.21652362504919,336.8339779554917,1047.376955940586,710.5429779850942,389.5279610941544,3416.2660578711047,86.59422225740174,4487399.45302308,285.5490538665716,41,0.05,viscosity_090,0.0013523488152669,3.9701146669151606e-09,2.165447870536478e-09,8.44269383914677e-10,4.280846153062534e-05,677.0719725461756,0.1023512988756184,0.0489363737197703,230.70169128951196,111.79365783196904,0.012223915687553594,3.2119225650780466e-06
0.8,2.5189693344557784,9.729875260332737,81.20159332634381,93.45043792113232,0.0003937291089237,4.837270560325794,81.01332854510498,2.562096506264353,2.3305081937425878,0.144743834346094,0.0433235772581757,2.2987622713480103e-08,0.0001973466469433,0.2287903824805467,7.634079124788672,15.30085529628352,1.6855287352087107,24.84925353876145,1165.5076729954574,4501.938200711176,37571.350626131214,0.2067337915616243,2539.886589739789,42537.349150889226,1345.2699154875716,1223.6707529063317,76.00007467401235,22.747739975533904,1.2070020465432385e-05,0.1036200261801749,0.0269551367601045,0.1041180274462093,0.8689268357936862,4.32993561218836e-06,0.053196651175218,0.8909234506136506,0.0281760038892284,0.0256291703962827,0.0015917834591733,0.0004764400085387,2.528005269885419e-10,2.17026949539446e-06,347.6506420115763,347.6038941218826,0.0763941034132297,-0.0763941034132297,3.1389312873772165e-05,74.2183666877749,319.3205590434785,1025.9810773936829,706.6605183502041,391.1991780291522,3418.2148598554536,86.86405974951217,4487399.45309762,286.66818628922493,41,0.05,viscosity_090,0.0013496361768656,3.972300500100515e-09,2.1666309031828676e-09,8.456574540808856e-10,4.283514523906941e-05,678.0410023663516,0.1026927433297294,0.0489189651001513,230.7074204407468,111.81457627164316,0.012279473395119556,3.2234546502428555e-06
0.81,2.514498595494392,9.729875260332737,81.21359701563954,93.45797087146666,0.0003915888925244,4.845650604547447,81.02605913867899,2.5574576224206096,2.326767033364677,0.1441872152802774,0.0431527579569093,2.2930765123874793e-08,0.0001978807926002,0.2243196435191601,7.646082814084396,15.30085529628352,1.6855287352087107,24.856786489095786,1163.3617093756193,4501.63875022832,37574.40517881086,0.2055464072095764,2543.4992957450954,42530.86761204442,1342.4186332007037,1221.32831970428,75.68438388369592,22.6510366574621,1.2036440450068078e-05,0.1038683342434702,0.0269051272143774,0.1041096352681816,0.8689852375174411,4.305830826655422e-06,0.0532817762366869,0.8909458614940436,0.0281212773873428,0.0255846511736301,0.0015854529283529,0.0004744988405268,2.5214197142479064e-10,2.1758564480422904e-06,347.67783304546776,347.6334805141816,0.0726564432165644,-0.0726564432165644,3.1396867008760625e-05,74.22011558953848,302.65840526716056,1005.6405616673665,702.9821564002059,392.7933958506774,3420.06540490606,87.12074606313944,4487399.453036482,287.7354438677127,41,0.05,viscosity_090,0.0013470640770324,3.974374402252934e-09,2.167753356241217e-09,8.469779412453467e-10,4.2860489641703945e-05,678.9621783243906,0.1030180807568116,0.0489024299372812,230.71285689310332,111.83443136721736,0.012332482011443187,3.2344449810193758e-06
0.8200000000000001,2.510247390189881,9.729875260332737,81.22500087172013,93.46512352224276,0.0003895624950145,4.85362097177604,81.03815175098019,2.5530471688154823,2.3232071197412134,0.1436597338658404,0.0429909740878102,2.2876735833937227e-08,0.0001983899095442,0.2200684382146492,7.657486670164987,15.30085529628352,1.6855287352087107,24.863939139871864,1161.3215352844002,4501.354615331596,37577.30934586792,0.2044226088527616,2546.933737539985,42524.70555955484,1339.7094675498977,1219.1010849363504,75.38533087700856,22.559479397066443,1.2004548900513775e-05,0.1041049469548548,0.0268575838301063,0.1041016680196996,0.8690407481501939,4.283012006395034e-06,0.0533627265525868,0.8909671268855175,0.0280692618433912,0.0255423048022658,0.0015794548316563,0.0004726606399258,2.5151634332819636e-10,2.1811811337067656e-06,347.7036141713026,347.6615443885569,0.0690768391668276,-0.0690768391668276,3.140403675554393e-05,74.22177468036274,286.8124060686255,986.3102071920816,699.4978011234563,394.3133632944056,3421.822102012599,87.36482790900706,4487399.453069347,288.7527133874018,41,0.05,viscosity_090,0.0013446257988866,3.976341539918103e-09,2.16881802589064e-09,8.482336343051624e-10,4.288455408377793e-05,679.8375470580992,0.1033279260862621,0.0488867293671925,230.7180141686057,111.85327158469389,0.01238303135409966,3.244913988687101e-06
0.8300000000000001,2.5062063107937926,9.729875260332737,81.2358316503941,93.47191322152064,0.0003876441100392,4.861199023953391,81.0496350342054,2.548855288107714,2.319820948271629,0.1431599491139285,0.0428377692981974,2.28254098547078e-08,0.0001988749511702,0.2160273588185607,7.668317448838961,15.30085529628352,1.6855287352087107,24.870728839149752,1159.3825743179525,4501.085077686281,37580.06961360773,0.2033591076128846,2550.1976422128,42518.84918678867,1337.1361086112652,1216.9840986734496,75.10208137759746,22.47280510911385,1.1974269332975728e-05,0.1043303162595116,0.0268123998366685,0.104094106186462,0.8690934939768694,4.261413133500774e-06,0.0534396804407484,0.8909873006073317,0.0280198386066931,0.0255020396294267,0.001573772621706,0.0004709201764441,2.509221701383257e-10,2.186253594193109e-06,347.7280534504612,347.6881585119311,0.0656510757010904,-0.0656510757010904,3.141083995692527e-05,74.22334821846613,271.747804630008,967.945529353464,696.197724723456,395.761848893968,3423.4892791167304,87.59684543054344,4487399.453075258,289.7218887069336,41,0.05,viscosity_090,0.0013423148105796,3.97820698654627e-09,2.1698276579491182e-09,8.494273008029423e-10,4.290739699422568e-05,680.6691275003473,0.1036228924543396,0.0488718252603081,230.72290550390449,111.87114449976174,0.01243121209666527,3.2548820907569404e-06
0.84,2.5023662571837897,9.729875260332737,81.24611495989107,93.4783564774076,0.0003858281880146,4.868401574739567,81.06053640211307,2.544872454746221,2.3166012308469464,0.1426864864742237,0.0426927116746079,2.277666536208557e-08,0.0001993368524998,0.2121873052085583,7.678600758335943,15.30085529628352,1.6855287352087107,24.87717209503673,1157.540406689944,4500.829458339669,37582.69225484644,0.2023527663197184,2553.2984805311157,42513.28516128506,1334.6924800870834,1214.9725760933018,74.83384094633735,22.39076505400253,1.1945527534607652e-05,0.1045448849664714,0.0267694721161317,0.1040869312104808,0.8691435966733873,4.2409711704642485e-06,0.0535128105360991,0.8910064340107131,0.0279728932419994,0.0254637668751962,0.0015683905280893,0.0004692725026977,2.503580198662264e-10,2.191083676423662e-06,347.75121485063977,347.7133918484117,0.0623748414684098,-0.0623748414684098,3.141729354173679e-05,74.22484023459222,257.43102876194564,950.5036320264744,693.0726032645287,397.14158619326696,3425.071057192617,87.81732110890353,4487399.453049798,290.6448394601805,41,0.05,viscosity_090,0.0013401249107143,3.979975517396223e-09,2.170784836831448e-09,8.505615978112845e-10,4.2929073897333885e-05,681.45885837727,0.1039035823609911,0.048857681143804,230.72754342854589,111.88809514428452,0.012477113791064831,3.2643693470732827e-06
0.85,2.498718435542359,9.729875260332737,81.25587422833037,93.48446792420546,0.0003841092204426,4.875244879652261,81.07088099851867,2.5410894849041146,2.3135408957763586,0.1422380257687533,0.0425554047768005,2.2730375646026433e-08,0.0001997765357771,0.2085394835671277,7.688360026775245,15.30085529628352,1.6855287352087107,24.8832835418346,1155.7907833562622,4500.587176665127,37585.18334470735,0.2014004881599514,2556.2435016001195,42508.00069272452,1332.3727613932404,1213.0619130943562,74.57984942855641,22.313130848602253,1.191824748672504e-05,0.1047490913705555,0.0267287014733639,0.1040801266390202,0.8691911718876157,4.221623727196242e-06,0.0535822843203622,0.8910245747644834,0.0279283159358606,0.025427400904858,0.0015632934398265,0.0004677130799389,2.4982241520981785e-10,2.195681120598784e-06,347.7731517408075,347.7373073938412,0.059243875515262,-0.059243875515262,3.142341236315376e-05,74.22625425958196,243.83012244157044,933.943224370539,690.1131019289686,398.4553501008941,3426.571148034574,88.02675983883066,4487399.4530941155,291.52348292776435,41,0.05,viscosity_090,0.001338050405684,3.9816511154912815e-09,2.171691718034982e-09,8.516389407864817e-10,4.294963358964702e-05,682.2085451961531,0.1041706117055982,0.0488442631386117,230.7319389181313,111.90416263968292,0.012520826774525198,3.2733960877469846e-06
0.86,2.495254191383475,9.729875260332737,81.2651342871006,93.4902637388168,0.0003824822582706,4.881744975394594,81.08069532003358,2.537497325284736,2.310632959653404,0.1418133055345503,0.0424254439372494,2.268643097213873e-08,0.000200194908714,0.2050752394082436,7.697620085545466,15.30085529628352,1.6855287352087107,24.889079356445936,1154.1294994923262,4500.357560006524,37587.54882962311,0.2004994762982683,2559.039771972204,42502.98307448047,1330.171200955013,1211.2475502071786,74.3393788259958,22.23967022575216,1.1892362143950872e-05,0.1049433626967178,0.0266899898619866,0.1040736743188042,0.8692363358192091,4.20331458263117e-06,0.0536482657693446,0.891041771583084,0.0278859980564373,0.0253928568042154,0.0015584668890516,0.0004662372785141,2.4931406377958357e-10,2.2000554560913624e-06,347.79392781303414,347.759971096295,0.0562534975080257,-0.0562534975080257,3.142921302540752e-05,74.22759422733151,230.9128149704028,918.22372574573,687.3109107753273,399.70576921356286,3427.993546241814,88.22565851538701,4487399.453087044,292.3595975654728,41,0.05,viscosity_090,0.0013360854344687,3.983238554967099e-09,2.1725508854655633e-09,8.526619454884657e-10,4.296913073046673e-05,682.9200566164097,0.1044245475603692,0.048831536386727,230.73610420115716,111.91939127893752,0.012562437768097444,3.2819813503566428e-06
0.87,2.491965266077908,9.729875260332737,81.27390796531236,93.495748491723,0.0003809405677401,4.887917080715313,81.08999373556951,2.534087468288555,2.307870711328866,0.1414110416751703,0.0423025725061352,2.264464455815136e-08,0.0002005929168918,0.2017863141026764,7.7063937637572195,15.30085529628352,1.6855287352087107,24.894564109352125,1152.552703395129,4500.140586888613,37589.79453527388,0.1996460433820101,2561.694364381547,42498.22092516835,1328.082592066946,1209.5253043996397,74.11170495298069,22.17023320942869,1.186776645146166e-05,0.1051281632342264,0.0266532468724876,0.1040675690316988,0.8692791840958135,4.185968534850258e-06,0.0537109166981399,0.8910580573814647,0.0278458408085614,0.0253600561301096,0.0015538963845312,0.0004648421629242,2.4883086137456833e-10,2.204216902926749e-06,347.8135350452145,347.7814195078739,0.0534002713396642,-0.0534002713396642,3.1434699094642884e-05,74.22886099065184,218.6527518225421,903.3068958271456,684.6541440046035,400.896219266136,3429.339907801533,88.41449130561988,4487399.45309037,293.15567043309085,41,0.05,viscosity_090,0.0013342264129954,3.984737184771757e-09,2.1733619854805432e-09,8.536317523845294e-10,4.298757722200439e-05,683.5946147840839,0.1046661892286656,0.0488194778464467,230.7400419285821,111.93378755908908,0.012602052020810963,3.290150163786055e-06
0.88,2.48884354307017,9.729875260332737,81.28221016273531,93.50092896613822,0.0003794781017027,4.893776192602367,81.0987926419321,2.530851529475394,2.3052475382549744,0.1410300110865573,0.0421865156269321,2.2604851917888856e-08,0.0002009714848494,0.1986645910949382,7.714695961180168,15.30085529628352,1.6855287352087107,24.899744583767333,1151.0565778850475,4499.936105502002,37591.92615114638,0.1988368653457937,2564.2141495773994,42493.70290379006,1326.1017764094777,1207.891027956572,73.89613576727606,22.104660293919803,1.1844366978729576e-05,0.1053039421564812,0.0266183830534081,0.1040618031063247,0.869319813840267,4.169517901913885e-06,0.0537703950543094,0.891073467024513,0.027807746249084,0.0253289210522782,0.001549568086522,0.0004635245916341,2.4837094503962093e-10,2.2081753863901427e-06,347.8319799909655,347.80169381743286,0.0506802987723399,-0.0506802987723399,3.143987665084585e-05,74.2300559860455,207.02295161091277,889.1551485359824,682.1321969250697,402.02987158253535,3430.612304910286,88.59372421944968,4487399.453220619,293.9139995528618,41,0.05,viscosity_090,0.0013324694466314,3.986147461656054e-09,2.1741252643123616e-09,8.545497796993429e-10,4.300499326925388e-05,684.2335374851043,0.1048962707889483,0.048808062828944,230.74375656576717,111.94736536655276,0.012639769572510309,3.297925814738259e-06
0.89,2.4858811173987063,9.729875260332737,81.2900323578681,93.50578873559954,0.0003780846911824,4.899336725750159,81.1070848905961,2.527781614905051,2.302756919677526,0.1406688399410794,0.0420772730889212,2.2566719428579765e-08,0.0002013316753222,0.1957021654234744,7.722518156312948,15.30085529628352,1.6855287352087107,24.904604353228653,1149.6377426267911,4499.7452822821815,37593.94954323125,0.1980665324556717,2566.606528202076,42489.4195309203,1324.2243099122998,1206.3410362964785,73.6919267071007,22.042943737946707,1.1821985841691476e-05,0.1054712548129216,0.0265853178825952,0.1040563947099071,0.8693582874074977,4.153850850529732e-06,0.0538268660432746,0.8910880059786389,0.0277716290976741,0.0252993813620204,0.0015454669127303,0.0004622845639736,2.4793065913066816e-10,2.211942906655088e-06,347.8491234807411,347.8207794781105,0.0480920731904392,-0.0480920731904392,3.14447256185643e-05,74.23117447763113,196.0064282259242,875.7327779874105,679.7263497614863,403.1116344615597,3431.808197650011,88.76381111818621,4487399.453370502,294.63848924261185,41,0.05,viscosity_090,0.0013308149280537,3.987458799686778e-09,2.174834988863664e-09,8.55414521707452e-10,4.302131324348888e-05,684.8369169283558,0.1051160525146101,0.0487972887675415,230.7472333912488,111.96006254575413,0.012675734739294734,3.3053454294285105e-06
0.9,2.4830695154477262,9.729875260332737,81.29720628211244,93.5101510578929,0.0003767194964815,4.904612735775329,81.11470319367572,2.5248711188045334,2.300391405752873,0.1403247205260587,0.0419766696723118,2.252868777401983e-08,0.0002016757096658,0.1928905634724942,7.7296920805573,15.30085529628352,1.6855287352087107,24.908966675522024,1148.294893495825,4499.5784476766285,37595.87327235732,0.1973140147267387,2568.8843784676837,42485.37145009393,1322.4493602583802,1204.8738330541596,73.49774628337721,21.986080612387774,1.1799829509048217e-05,0.1056314958973219,0.0265540103117835,0.1040515403970301,0.8693944492911864,4.138525931346127e-06,0.0538805853686671,0.8911014845680862,0.0277374669908824,0.0252714010659645,0.0015415647454667,0.0004611429394361,2.4749331909489354e-10,2.2155480721598628e-06,347.8638109457775,347.838284983878,0.0456507205166816,-0.0456507205166816,3.1449044935974304e-05,74.23216904705116,185.64928638055005,863.0072658143788,677.3579794338287,404.1592253520306,3432.8934027920186,88.9252385122742,4487399.453107376,295.34477919317914,41,0.05,viscosity_090,0.0013292919573625,3.988583621468718e-09,2.1754437367748387e-09,8.562043578331741e-10,4.303587716737983e-05,685.3966176537407,0.1053306442522054,0.0487873007732306,230.75032500530045,111.97128981900794,0.012710421639384576,3.312548164222731e-06
0.91,2.480401841196209,9.729875260332737,81.30382081691775,93.5140979184467,0.0003753923962148,4.909617688919476,81.12173789222898,2.522112020924522,2.298145550488737,0.1399973075818207,0.0418835907294349,2.249120378520531e-08,0.0002020038862986,0.1902228892209772,7.736306615362608,15.30085529628352,1.6855287352087107,24.912913536075813,1147.0236713753218,4499.431123526543,37597.701106885,0.1965841579068243,2571.0511687303283,42481.54382528979,1320.770672979616,1203.4847065244433,73.313293230487,21.93345016223371,1.1778113784421904e-05,0.1057846783321718,0.0265243625978123,0.1040471487926678,0.8694284886095198,4.123647225204274e-06,0.0539316500916525,0.891114025579722,0.0277051435820429,0.0252448947233454,0.0015378561600257,0.0004600869768128,2.470635820425159e-10,2.2189921096304364e-06,347.8765295048172,347.8544249246901,0.043343906634375,-0.043343906634375,3.145292577043554e-05,74.2330611663476,175.89648362077662,850.9438206730393,675.0473370522627,405.16947456755446,3433.8847251985435,89.07840233496536,4487399.454175186,296.0294094852866,41,0.05,viscosity_090,0.0013278834410355,3.9895587821930295e-09,2.175971463282378e-09,8.569300523905547e-10,4.304898432279938e-05,685.9176765198913,0.1055388784540317,0.0487780069010479,230.753098153657,111.98130925736284,0.01274376540801966,3.319506509909678e-06
0.92,2.4778633035463766,9.729875260332737,81.30846045771169,93.5161990215908,0.0003738223223663,4.914366256473964,81.1267718295883,2.5195058006154563,2.2960032032433144,0.1396722638457344,0.0418140141349608,2.2443104024293343e-08,0.0002023276995892,0.1876843515711453,7.74094625615654,15.30085529628352,1.6855287352087107,24.915014639219915,1145.8381060774484,4499.385347332504,37599.46410506003,0.1957335341435976,2573.164356175393,42478.01378834341,1319.2143570455892,1202.1882977214611,73.13245942967968,21.89383638611701,1.1751219242393906e-05,0.1059388734334327,0.0264966212214665,0.1040448110822631,0.8694585676962702,4.106190918716329e-06,0.0539810623556227,0.89112392123283,0.0276751045059387,0.0252200763261616,0.0015342074217759,0.0004592992842942,2.4652265105253947e-10,2.222435935337802e-06,347.8781779309544,347.8658717549601,0.0413154252165369,-0.0413154252165369,3.145475171471117e-05,74.23346964212271,167.27782413497516,839.524792899651,672.2469687646758,406.26107209118726,3434.5007446270797,89.22415181328812,4487399.45421746,296.800476603174,41,0.05,viscosity_090,0.001326841654997,3.989694020078782e-09,2.176044404486825e-09,8.574126563147433e-10,4.305532558516119e-05,686.3277716352164,0.1057761692804779,0.0487707010864034,230.75436789855436,111.9854085639268,0.012778841153980671,3.327163142050691e-06
0.93,2.4754408545278723,9.729875260332737,81.30999964453876,93.51531575939936,0.0003717896389965,4.918872615406356,81.12867833567212,2.5170522100298194,2.29395043489656,0.1393381189745199,0.0417805110177972,2.2375587253589927e-08,0.0002026564987321,0.1852619025526406,7.742485442983619,15.30085529628352,1.6855287352087107,24.91413137702849,1144.7486931720996,4499.5064085737495,37601.1875479296,0.1946501016485828,2575.2709439925425,42474.84014690504,1317.8002212741817,1200.995505239392,72.950335827311,21.87414565530577,1.171471680898158e-05,0.1061006115835206,0.0264709671824966,0.1040457937966676,0.8694832390208357,4.083794283248164e-06,0.0540296494572542,0.8911298165513867,0.0276476866157436,0.0251971025802907,0.001530511219308,0.0004589235259653,2.457768741408641e-10,2.226009991077086e-06,347.86152413460275,347.8700209367329,0.0396750559151014,-0.0396750559151014,3.145323634357764e-05,74.2330914639404,160.19864601654365,828.7279145528979,668.5292685363543,407.5289683641121,3434.517952337383,89.3632360930639,4487399.339613433,297.7445202194007,41,0.05,viscosity_090,0.0013263658410347,3.988440928245932e-09,2.175365609116328e-09,8.575099354065918e-10,4.305068301295837e-05,686.5694841145125,0.106070794234263,0.0487664059686007,230.7531923335722,111.97983922155136,0.012818104958810795,3.3362697602012666e-06
0.94,2.4731039666847594,9.729875260332737,81.30406091810025,93.50704014511774,0.0003684591309003,4.923154483065217,81.12307196177187,2.514771179765056,2.291949597502461,0.1389532396070833,0.0418326704443127,2.2255031935522625e-08,0.0002030240219183,0.1829250147095279,7.736546716545106,15.30085529628352,1.6855287352087107,24.905855762746864,1143.8053650653096,4500.046772842933,37602.956581070335,0.1929081198243501,2577.5354585791733,42472.27975672828,1316.6176093709926,1199.9585585136308,72.74947463129624,21.901646955863903,1.1651703017433336e-05,0.1062939660410912,0.0264483183602714,0.1040550021178352,0.8694966795218932,4.047475645223051e-06,0.0540802118790915,0.8911263977326821,0.0276244344346578,0.0251767683251652,0.0015263832701342,0.0004595264456719,2.4446863217252984e-10,2.230192483225776e-06,347.7985666755893,347.85650050786205,0.0388624714781674,-0.0388624714781674,3.144339987431829e-05,74.23075226539062,156.29479484196725,818.5612139308133,662.2664190888461,409.33121583235146,3433.0665795294867,89.49740790022817,4487399.15949761,299.1899971153262,41,0.05,viscosity_090,0.001327239000456,3.983678901298184e-09,2.172786814766858e-09,8.566690997655065e-10,4.3018701241861135e-05,686.4176094108776,0.1065301506071171,0.048769148617053,230.74592094661767,111.95008634676408,0.012870765100457513,3.3496701242109344e-06
0.95,2.4707009538646427,9.729875260332737,81.26438122560965,93.46495743980704,0.0003589320917555,4.927260236936694,81.08363326471013,2.5128173122794597,2.2897977111165817,0.1382726266274902,0.0422716840288129,2.1882710570144853e-08,0.0002036283604713,0.1805220018894111,7.696867024054517,15.30085529628352,1.6855287352087107,24.86377305743616,1143.3217784917758,4502.51912103977,37605.25397683877,0.1880099711647243,2580.91732766642,42471.91015288127,1316.223099787847,1199.4045991664198,72.42771861928429,22.142066084057905,1.146224558293441e-05,0.1066612962727385,0.0264345164384824,0.1041018530030245,0.869463630558493,3.944542104020537e-06,0.0541489209476912,0.8910816633732404,0.0276150110721985,0.0251641012009021,0.0015195693282757,0.0004645514883997,2.404835766337878e-10,2.2378067046699605e-06,347.52144303389707,347.7627119001037,0.04151829939369,-0.04151829939369,3.139539417813916e-05,74.21941437313401,165.29755529075567,809.2171840137655,643.9196287230099,413.7849675171774,3424.9227566703994,89.6353762557332,4487399.664822119,303.09158228570567,41,0.05,viscosity_090,0.0013342003510689,3.962733929702268e-09,2.1614453829378084e-09,8.515830629402311e-10,4.286144162177535e-05,684.5190693750841,0.1077927774781943,0.0488032566963982,230.7106771654286,111.80916261713703,0.012990942160190293,3.3841967384843508e-06
0.96,2.467956110302361,9.729875260332737,81.14293228808616,93.34076365872126,0.000335157025565,4.931278550660528,80.9621984092318,2.511504785246326,2.287091924425881,0.1368500053657709,0.0436790234935101,2.091769201730066e-08,0.0002048293853461,0.1777771583271293,7.575418086531021,15.30085529628352,1.6855287352087107,24.73957927635038,1143.8713918746453,4509.69363285797,37608.885550963765,0.1758390103524573,2587.1787669038654,42476.54609131044,1317.6525695342034,1199.9151141116054,71.79789673117901,22.91605330758853,1.097439702175126e-05,0.1074630506391635,0.0264402819686141,0.1042403648625348,0.869319353168851,3.688185701360068e-06,0.0542655222855891,0.8909364857270063,0.0276374813334957,0.025167963342387,0.0015059455554309,0.0004806593256595,2.3018563455026777e-10,2.2540145443121627e-06,346.7221183004478,347.47101676964667,0.052270799322084,-0.052270799322084,3.1254508738143534e-05,74.18621708065913,203.0875719291976,801.0224542440153,597.9348823148177,424.598935463556,3400.4677410109275,89.7929707343129,4487399.404964648,312.9802570257395,41,0.05,viscosity_090,0.0013562603715327,3.902738544221253e-09,2.1289598346045467e-09,8.362971030185934e-10,4.240085705329578e-05,678.4069647934413,0.1110043226370379,0.0489143093250576,230.60748354834567,111.39762631222472,0.013270631138652152,3.469385571831005e-06
0.97,2.4640236948664134,9.729875260332737,80.79712225310152,92.99102120830068,0.0002780034490524,4.935528628557041,80.6155538114701,2.511961681780297,2.282384949995398,0.1333524143245577,0.048008327097408,1.847208648470325e-08,0.0002076817376109,0.1738447428911814,7.229608051546384,15.30085529628352,1.6855287352087107,24.389836825929795,1147.1485605823152,4529.831601372364,37615.83246335776,0.1465414351576853,2601.620414983443,42494.14527708539,1324.1075647222808,1203.0928655549114,70.29284796095483,25.306193776923827,9.73702331050886e-06,0.1094733895902392,0.0264974366648472,0.1046324164839284,0.8688701468512244,3.070935775600294e-06,0.0545197963859693,0.8905112116892893,0.0277481197510667,0.0252121245996155,0.001473063378558,0.0005303189212675,2.0404995488081567e-10,2.2941344078358675e-06,344.47572497095155,346.6043646669367,0.0837222994528164,-0.0837222994528164,3.0857344935154366e-05,74.09295586032435,306.7668771665209,794.8442119209227,488.0773347544018,451.47343673112965,3330.6438839582,90.01874934286565,4487394.169837447,338.84839314353786,41,0.05,viscosity_090,0.0014226855306487,3.737546942771413e-09,2.0395189788075964e-09,7.936997353280887e-10,4.11135830895639e-05,660.7991235874447,0.1193705531717466,0.0492455390295061,230.31758151289523,110.2389074292691,0.013931271566272059,3.6834583343207695e-06
0.98,2.4570423630258498,9.729875260332737,79.95788455976202,92.1448021831206,0.0001754025231819,4.941099334163416,79.7717877426364,2.517791668181033,2.270984257988286,0.1251720823307375,0.0607106201836482,1.3558403043835096e-08,0.0002141010531161,0.166863411050618,6.39037035820688,15.30085529628352,1.6855287352087107,23.543617800749725,1156.2683049634877,4578.816606530257,37627.66529370157,0.093531199450944,2634.7793574852026,42537.30707269328,1342.5808843599784,1210.973922898166,66.74644575108601,32.373178117270925,7.229848672210438e-06,0.1141667060335804,0.0266650131620331,0.1055933164954483,0.8677416703425186,1.955698085216864e-06,0.0550921294140499,0.8894372196732088,0.0280728022328924,0.0253209559608143,0.0013956401384427,0.0006769095534751,1.511730982565404e-10,2.387177858255686e-06,338.94881762297973,344.2164076213802,0.1498680906181332,-0.1498680906181332,2.988853988938392e-05,73.8670192181821,495.94968171961455,791.2139957332955,295.264314013681,500.6057128350749,3156.853710280316,90.4195806930832,4487501.709744989,393.36587507614666,41,0.05,viscosity_090,0.0016079574087555,3.3522860152638627e-09,1.830937219927519e-09,6.94836515342993e-10,3.8036786526101775e-05,618.086008434603,0.1368725267794395,0.0501257683669366,229.61525859448653,107.40848098527022,0.014962373816924609,4.090919976408047e-06
0.99,2.4457253277437374,9.729875260332737,78.52147145607637,90.69707204415285,7.651073033359056e-05,4.949449857198089,78.31812491253692,2.5378988474623827,2.2425265556722622,0.1110964976697147,0.0920257636714404,7.710646313467328e-09,0.0002242744881708,0.1555463757685056,4.953957254521233,15.30085529628352,1.6855287352087107,22.09588766178197,1172.2209131607997,4663.468596913096,37634.85209432148,0.0416155055290788,2692.091122383349,42598.57860608942,1380.406944990891,1219.7488622809958,60.4273007573883,50.05439969255107,4.193953487201177e-06,0.1219867613576997,0.0269658686065755,0.1072788243439222,0.8657553070495022,8.669631325567248e-07,0.0560835131741647,0.887443194099693,0.0287575968143922,0.0254106559834223,0.001258863524317,0.0010427680405174,8.737135370181851e-11,2.541312989294881e-06,329.2071684813167,339.07697786275,0.2141218869589176,-0.2141218869589176,2.8201658360555373e-05,73.4821523199472,669.4691630241647,787.9164404323145,118.44727740814984,519.4541997734939,2846.229449871389,91.06934532770954,4487637.266023554,444.7436999352136,41,0.05,viscosity_090,0.0020264554603642,2.743406037969089e-09,1.5012452900425294e-09,5.415563657580778e-10,3.293912848704043e-05,546.4671190610793,0.1543383911997498,0.0519023722367037,228.41890177248405,102.4688825612045,0.014649469875967755,4.3525985805330895e-06
1.0,2.4324688150831832,9.729875260332737,76.95348624320872,89.11583031862463,2.877592143510048e-05,4.96005740070353,76.71031420320384,2.580315742595066,2.189502117034139,0.0952963287022121,0.1476415934254022,3.934684736400849e-09,0.0002341139425953,0.1422898631079519,3.385972041653582,15.30085529628352,1.6855287352087107,20.514645936253764,1189.253189716991,4757.012758867965,37623.16639255617,0.0159941572263746,2756.8861034603588,42636.92577204733,1434.184332683598,1216.9633277010632,52.96735563436322,82.06176346860477,2.186966156831671e-06,0.1301245979282137,0.0272955860522887,0.1091823442091551,0.8635220697385562,3.319658050097989e-07,0.0572203900275768,0.8849482462083409,0.0297671299458438,0.0252586119437102,0.0010993608855742,0.0017032281841932,4.539144954662737e-11,2.700793564263787e-06,318.15,331.2811871612909,0.2217114354332821,-0.2217114354332821,2.6307078165818765e-05,73.06817248396845,740.0810572990553,779.8992767123161,39.818219413260856,459.630674532846,2489.5478298537564,91.83046455112652,4487364.390336115,437.2531635745004,41,0.05,viscosity_090,0.0027073776926505,2.1535811461000033e-09,1.1816473514217948e-09,3.9785673711124326e-10,2.7653407887312848e-05,471.4452312231668,0.1558504084609298,0.0543274365685466,227.1320475295858,96.90101154994366,0.012091540082343583,4.099968877556462e-06
0.0,4.021889006581389,9.729875260332737,75.23579096217776,88.98755522909188,0.0009237261217359,2.1710531296449886,74.47507674804864,4.298498138135834,3.260323992551911,0.4831813042698713,0.2774599836378777,2.6091600187758764e-08,7.290012989729494e-05,1.7417130263823344,1.6681384637478156,15.30085529628352,1.6855287352087107,20.39623552162238,1950.4352689464663,4718.551864347332,36485.974610335325,0.5556084949839343,1305.85845036544,44795.729309930335,2585.487218584405,1961.039819094291,290.6268762490314,166.88834525713642,1.569373688902433e-05,0.0438484205472611,0.0451960838369739,0.1093397299800392,0.8454641861829868,1.087163933840844e-05,0.0255518449187795,0.8765218987024607,0.050590451384886,0.0383718352651669,0.005686721151949,0.0032655186445121,3.0708070317442157e-10,8.579858264450493e-07,323.7819473353328,316.75000000000006,0.6564693102356044,-0.6564693102356044,2.6339499201063997e-05,72.97770192656112,8139.279012631203,9414.20335906203,1274.9243464308274,100.4991723023601,2294.6451646094656,0.0,4487408.5928143,98.68976143105196,41,0.05,viscosity_110,0.0048513750438712,2.439183281128964e-09,1.3365650174520372e-09,2.7935069592962136e-10,2.682241632952938e-05,325.42624838855534,0.041959547386584,0.0613248340096932,226.8508202558425,97.35118328410718,0.0026470978685656068,1.1051934648659362e-06
0.01,3.9841139905993344,9.729875260332737,75.55032087108161,89.26431012201368,0.0010038440703095,2.237735869715553,74.82695376004874,4.232321489725859,3.259817900891324,0.4741557118955925,0.2491365337421114,2.7970304508867533e-08,7.48374250247408e-05,1.70393801040028,1.982668372651665,15.30085529628352,1.6855287352087107,20.672990414544174,1925.703854996037,4702.892121476351,36516.91304287797,0.6000353736584814,1337.5789312773436,44726.88586514351,2529.817809002296,1948.515820406999,283.42071062076366,148.91828077425177,1.6718903476856064e-05,0.0447331449340646,0.0446327763599306,0.1090007332945625,0.8463664903455067,1.1770989040939e-05,0.0262394979240303,0.8774144099937468,0.0496278369786364,0.0382243437220442,0.0055599090072829,0.0029213535200457,3.2797737973794877e-10,8.77537195140943e-07,325.77571289764035,320.8318179232599,0.6044525133071188,-0.6044525133071188,2.670545950543804e-05,73.05900464894336,7677.184379332235,9097.031142802713,1419.8467634704778,99.50386895805012,2366.2717663019043,2.168842708865537,4487409.046522108,95.74505030834396,41,0.05,viscosity_110,0.0045238473582562,2.5469678724945763e-09,1.394977623315166e-09,2.989568661457465e-10,2.7753879020752305e-05,339.29887005399115,0.0403539833613287,0.0606041167897534,227.10354936041205,98.52752465391528,0.0026572965430936217,1.077671668539084e-06
0.02,3.949072948815107,9.729875260332737,75.81725385138789,89.49620206053574,0.0010633534561536,2.298503948199885,75.12449085388953,4.176047982712001,3.255323329420849,0.4647245512736248,0.227961714664493,2.9436049064709534e-08,7.670212459112905e-05,1.6688969686160526,2.2496013529579586,15.30085529628352,1.6855287352087107,20.90488235306624,1903.526577664238,4689.980761423572,36545.32585804358,0.6322254051523764,1366.594128683652,44665.87416640196,2482.903133033529,1935.4788371964885,276.30574388313,135.53648279313833,1.7501441254856476e-05,0.0456038690757486,0.0441255925714471,0.1087183035292535,0.8471561038992992,1.2429876371572262e-05,0.0268679428748363,0.878154040302714,0.0488151515815121,0.0380525085991261,0.0054323129207293,0.0026647169051208,3.4408732921729037e-10,8.96595502264423e-07,327.38165134737875,323.7287308839217,0.5659269578747224,-0.5659269578747224,2.7003652675136947e-05,73.12690356811001,7284.949850177422,8818.326660581824,1533.3768104044022,99.32106043643516,2425.3641152475266,4.180715000881974,4487408.8583497135,94.01945941802256,41,0.05,viscosity_110,0.0042731618318878,2.6363048501877634e-09,1.4433812101617343e-09,3.1584862305150036e-10,2.8526343758552424e-05,351.3916533042562,0.0393399784626723,0.060024041187633,227.3146128099427,99.46258104003768,0.002682031419351781,1.0623231146533707e-06
0.03,3.9160487139101257,9.729875260332737,76.05019179662783,89.69611577087069,0.0011073799098527,2.3551348794574927,75.38358280641081,4.126329491956986,3.248410888918255,0.4552207710658397,0.2113096740161867,3.0597308889232564e-08,7.851453782876384e-05,1.635872733711071,2.482539298197895,15.30085529628352,1.6855287352087107,21.104796063401192,1883.190356849954,4679.003914973277,36571.809568987366,0.6553229004967415,1393.716651832999,44610.33444348968,2441.870388847871,1922.337606805725,269.3895684823215,125.04838425118218,1.810680962358484e-05,0.0464631642702887,0.0436590668420213,0.1084759933773248,0.8478649397806538,1.290935822600247e-05,0.0274551484625653,0.8787893532734072,0.0481029726982078,0.0378685755964891,0.0053067677617406,0.0024633572039946,3.5669025389422954e-10,9.152886789460488e-07,328.7221198425155,325.91188450143034,0.5363162570634614,-0.5363162570634614,2.725538768636148e-05,73.18533531196714,6944.9604066086495,8567.422676019796,1622.4622694111467,99.7106783329424,2475.8211077032465,6.076792850949819,4487408.692873091,93.10984099456611,41,0.05,viscosity_110,0.0040718452973173,2.712620606204622e-09,1.4847224763813672e-09,3.30795158348622e-10,2.9187604289787484e-05,362.2353850764619,0.0387145982330894,0.0595379877493586,227.4962475925275,100.23716440862792,0.002717653194434428,1.0551813839645768e-06
0.04,3.8845932772425074,9.729875260332737,76.25759246149109,89.87206099906632,0.0011394029741185,2.408691573408627,75.61396927721783,4.081272677470329,3.239911009453778,0.4458043180226874,0.1977385467919309,3.152437669039616e-08,8.028793437779265e-05,1.6044172970434536,2.689939963061152,15.30085529628352,1.6855287352087107,21.280741291596836,1864.254836795944,4669.4636274437735,36596.77485970011,0.6714432172265882,1419.427240487207,44558.85051383364,2405.0690749333094,1909.259780016228,262.70976322333576,116.52611854062616,1.8577122744862585e-05,0.0473131896156448,0.0432235917821319,0.1082636266729636,0.8485127815449044,1.325062717279434e-05,0.0280117524163731,0.8793486928736597,0.0474629467081266,0.0376783752846652,0.0051844579523852,0.0022995900666811,3.66611086566896e-10,9.337043250539942e-07,329.86939058564485,327.625670000749,0.5129465062836374,-0.5129465062836374,2.7473238514657893e-05,73.2366993765998,6645.596509643097,8337.602290520237,1692.0057808771394,100.52645132257736,2519.9536423437394,7.8827985586152565,4487408.658754089,92.78180748415448,41,0.05,viscosity_110,0.0039046452834634,2.779215652319492e-09,1.5207929547841908e-09,3.4427132926627376e-10,2.9766473073818698e-05,372.1490953667152,0.0383618450548619,0.059119098120096,227.6559125297068,100.89721490467632,0.0027617871742173145,1.0539241190545704e-06
0.05,3.854405164196778,9.729875260332737,76.44461224528254,90.02889266981205,0.001161609547142,2.4598485502174685,75.82157872232494,4.039734613798448,3.230292096316819,0.4365423993944701,0.1864090589428671,3.2259957720880514e-08,8.203246138160437e-05,1.5742291839977245,2.8769597468526094,15.30085529628352,1.6855287352087107,21.43757296234256,1846.4383724975664,4661.060338745414,36620.50547553202,0.6819151045994938,1444.037616208831,44510.54996280023,2371.499148315487,1896.3213397878403,256.26929175779685,109.43018955040615,1.893799211424604e-05,0.0481566070296329,0.0428129798100828,0.1080750298242343,0.8491119903656829,1.3479556685304124e-05,0.028544589747474,0.8798492323615741,0.0468779133696473,0.0374849755062032,0.0050657280087391,0.0021631291537303,3.7435120074037946e-10,9.519215952975596e-07,330.86642291515216,329.0077505534948,0.4942669666942593,-0.4942669666942593,2.766468448675576e-05,73.28244553734233,6379.418408857985,8124.538706211575,1745.1202973535903,101.68870493097222,2559.1459781178246,9.61604121044476,4487408.725195999,92.9052468354795,41,0.05,viscosity_110,0.0037626212809394,2.8380585833161244e-09,1.5526610667903642e-09,3.56559446141944e-10,3.0280162139430705e-05,381.3240739822624,0.0382168443529369,0.0587513502299545,227.7981142408328,101.46963880493074,0.0028131859377821507,1.057256941103453e-06
0.06,3.825219582549247,9.729875260332737,76.61581738416086,90.17091222704283,0.0011762821845382,2.509184325712255,76.01154703693878,4.000834192295914,3.2198567423245663,0.4274793896659667,0.1767071683771862,3.2847958688102935e-08,8.375639896666243e-05,1.5450436023501934,3.048164885730932,15.30085529628352,1.6855287352087107,21.579592519573357,1829.4963148413767,4653.529176168765,36643.21813114572,0.6880921345613064,1467.8025573981367,44464.62620913167,2340.375953652152,1883.526017762,250.0634708088222,103.3687445743916,1.9215135880469743e-05,0.0489951476828346,0.042421879607003,0.1079048112082277,0.8496733091847692,1.3622754352982672e-05,0.0290593550976465,0.8803046130303173,0.0463344443408838,0.0372897915390098,0.004950722533189,0.0020464803249217,3.8041864281112576e-10,9.699992600509769e-07,331.75056807102624,330.1719672500862,0.4789631638958235,-0.4789631638958235,2.7836203058808845e-05,73.3238749499185,6139.209951778596,7924.53191831397,1785.3219665353731,103.11697583313104,2594.597259382432,11.291723783029727,4487408.659929059,93.36293970021926,41,0.05,viscosity_110,0.0036390855577719,2.8909976484371317e-09,1.5813293026387046e-09,3.679416115919134e-10,3.0744373381107014e-05,389.9404427603928,0.0382238320453135,0.0584217842422913,227.926897361944,101.97777629322788,0.00287038507810132,1.0640063504991513e-06
0.07,3.7968748791980382,9.729875260332737,76.77394947813265,90.30069961766344,0.0011847101154734,2.557038414621416,76.1869651400284,3.964045515940783,3.208791329770536,0.4186289246215698,0.1682699146904556,3.331222918282092e-08,8.546547999511665e-05,1.516698898998984,3.206296979702711,15.30085529628352,1.6855287352087107,21.709379910193924,1813.2809190972405,4646.71544785909,36665.08433952858,0.6907427201793165,1490.8758244313212,44420.64844022969,2311.2283307392127,1870.8789793085723,244.08070663200635,98.1094168772055,1.9422624573255136e-05,0.0498304668477196,0.0420470150870829,0.1077497217798909,0.8502032631330261,1.369527756860888e-05,0.0295594258751146,0.8807231584121661,0.0458244619728876,0.037093705326717,0.0048393604866363,0.0019452042808049,3.8509017449009037e-10,9.879830143931475e-07,332.54268039655386,331.1686042136177,0.4663158230481204,-0.4663158230481204,2.799145068768996e-05,73.3617302428603,5920.754909430921,7735.326062227768,1814.571152796848,104.77325825960506,2626.9855617526973,12.919127547132215,4487408.695242793,94.09578021677125,41,0.05,viscosity_110,0.0035300824739005,2.9390373230140806e-09,1.607342469121588e-09,3.7856665182339205e-10,3.1167768471721724e-05,398.0944941697811,0.0383537732145523,0.0581229163262113,228.0445703501057,102.43388144563282,0.00293275549196234,1.0735777516219848e-06
0.08,3.76922372778072,9.729875260332737,76.92139511498223,90.42049410309568,0.0011881251461374,2.60371347887048,76.35049397515571,3.9289401201453336,3.1972216613169198,0.4099965549643828,0.1608173863532822,3.367568859871325e-08,8.71648331556839e-05,1.4890477475816652,3.353742616552293,15.30085529628352,1.6855287352087107,21.829174395626183,1797.6616287743104,4640.484267183351,36686.23844502016,0.6905897786629949,1513.391010131078,44378.21294038612,2283.670114021423,1858.363663628778,238.3077498746071,93.47402805834626,1.9573768311625147e-05,0.0506639751139642,0.0416855024424343,0.1076069684958691,0.8507075290616964,1.3711384151103829e-05,0.0300477738765672,0.8811116879591989,0.0453413577426014,0.0368970680883786,0.0047315051651096,0.0018558894823789,3.8862934972045884e-10,1.0059129846295137e-06,333.2610023798671,332.0432881818299,0.4557109760063618,-0.4557109760063618,2.813361128988379e-05,73.39667142973393,5720.140791855955,7554.971038080204,1834.830246224249,106.62137169885578,2656.903277335704,14.5067112074986,4487408.706203167,95.05123263639378,41,0.05,viscosity_110,0.0034325064256701,2.98310419630494e-09,1.6312029659366774e-09,3.885784888404185e-10,3.155818334355091e-05,405.8766577249112,0.0385816611898519,0.0578485114581232,228.15318485417663,102.84885644838415,0.002999644226569825,1.0854414588332886e-06
0.09,3.742157345704469,9.729875260332737,77.05994838566907,90.53198099170628,0.0011874582748019,2.649428757635098,76.50412461624056,3.895211492424686,3.185235010272952,0.4015820965227467,0.1541527806339718,3.3955389316708203e-08,8.885831643311477e-05,1.461981365505416,3.4922958872391385,15.30085529628352,1.6855287352087107,21.940661284236786,1782.5418397385588,4634.735566875309,36706.78955368461,0.6881769891978264,1535.444187146319,44337.03419886516,2257.4224071937697,1845.9641789289224,232.73201590756184,89.33736764001455,1.967843256716493e-05,0.051496755688807,0.0413351978462427,0.1074744543723626,0.8511903477813947,1.3681811741716694e-05,0.0305265340721966,0.881475208582641,0.0448803561897062,0.0367000564890987,0.0046270010155805,0.0017761376284551,3.912316366024575e-10,1.0238193483695488e-06,333.91867460785573,332.8236771030918,0.4467128398920085,-0.4467128398920085,2.826499134594821e-05,73.42918346149419,5534.424990334802,7382.028181947218,1847.6031916124168,108.63602156578833,2684.7790911551333,16.06072048837699,4487408.68508,96.1926775985115,41,0.05,viscosity_110,0.0033441564209455,3.023872124741554e-09,1.6532760946176783e-09,3.9808220076123846e-10,3.192130925215835e-05,413.3519615881762,0.0388900386022368,0.0575941088531151,228.2542483417666,103.23027925054122,0.00307059620941525,1.0992266045358148e-06
0.1,3.71559285153942,9.729875260332737,77.19091025973793,90.63637837161008,0.0011833891812918,2.694346422582729,76.64930329754925,3.862635754412328,3.1728930833376783,0.3933806018768667,0.1481357771464303,3.416355024379012e-08,9.054906847253896e-05,1.4354168713403663,3.6232577613079977,15.30085529628352,1.6855287352087107,22.045058664140598,1767.8496316897797,4629.397536987976,36726.8233428586,0.6839003025479952,1557.107638555498,44296.90801978023,2232.281486798433,1833.667718069133,227.3411967028604,85.61013097824069,1.97436842563799e-05,0.0523298136427169,0.0409944982168798,0.1073506624507893,0.8516548393323308,1.3614385363571276e-05,0.03099730087101,0.8818173847110353,0.0444379689378875,0.0365027751114082,0.0045256752327741,0.001704238629258,3.9303700402174815e-10,1.0417282260023853e-06,334.52502444296977,333.52805634629743,0.4390188631115952,-0.4390188631115952,2.8387235717601397e-05,73.4596143702063,5361.428467019056,7215.42708519741,1853.9986181783536,110.80132376543136,2710.919429734048,17.585914005487325,4487408.721993793,97.49620208426016,41,0.05,viscosity_110,0.0032634561719824,3.0618181772460914e-09,1.673820462264113e-09,4.071517873773774e-10,3.2261187905896445e-05,420.5663820295191,0.0392672888087938,0.0573565095125976,228.3488426688039,103.58346206189206,0.00314534329555157,1.114689783406361e-06
0.11,3.689455299205664,9.729875260332737,77.31546253351087,90.73479309304926,0.0011765544209067,2.7386122071845427,76.7873318242938,3.831022743490014,3.1602403096581786,0.3853866419643911,0.1426517931652894,3.4311809234165115e-08,9.223984867368686e-05,1.4092793190066102,3.7478100350809314,15.30085529628352,1.6855287352087107,22.14347338557977,1753.5204767802802,4624.404992570216,36746.412608234845,0.6781265486022828,1578.4443209918452,44257.64535928161,2208.073153690185,1821.4566329117824,222.1239483264376,82.21971413489776,1.9776177250119857e-05,0.0531639583458254,0.0406619685066355,0.1072342254680039,0.8521038060253605,1.3516387528149604e-05,0.0314614804244237,0.8821413746334608,0.0440112136846658,0.0363051907743452,0.0044273644366984,0.0016387996030999,3.941778656047977e-10,1.0596616000563432e-06,335.0884600612308,334.172310359674,0.4323581212317572,-0.4323581212317572,2.8501823525473608e-05,73.48828216464513,5199.143977258287,7054.227073918799,1855.0830966605115,113.10140200858532,2735.6001626600623,19.086594768497157,4487408.700744643,98.93929757684111,41,0.05,viscosity_110,0.0031890984829455,3.09738932871779e-09,1.693078309489039e-09,4.158590688179859e-10,3.2581555352449735e-05,427.5634183520973,0.0397027907069447,0.0571329432489422,228.4379563639696,103.91318251911028,0.0032235962005323446,1.1316019341981514e-06
0.12,3.6636924082016415,9.729875260332737,77.43442426025975,90.82799192879412,0.0011673976950937,2.782325019480897,76.91911699691212,3.800238526913705,3.147311713938132,0.3775936784660755,0.1376196181161192,3.4408032484757925e-08,9.393268529040727e-05,1.3835164280025882,3.8667717618298103,15.30085529628352,1.6855287352087107,22.23667222132463,1739.5092794823386,4619.713234021828,36765.613633545145,0.6711114887953474,1599.498006535306,44219.12373270151,2184.6742941955827,1809.320901455461,217.07037522866509,79.11451871929445,1.978042787339073e-05,0.053999853294834,0.0403366003189176,0.1071241921538968,0.8525392075271856,1.3392892120726288e-05,0.031920038036149,0.8824494345763083,0.0435979827935976,0.0361073235215582,0.0043319182678,0.001578831881261,3.9474385557853967e-10,1.0776364609864389e-06,335.614648803042,334.7657543042068,0.4265505136995913,-0.4265505136995913,2.860975974363085e-05,73.51540305959352,5046.158191439084,6897.760470434103,1851.6022789950196,115.52734100757596,2759.008465670385,20.565764448793654,4487408.712269411,100.5084215695299,41,0.05,viscosity_110,0.0031201583980748,3.130880916372992e-09,1.7112096957694123e-09,4.2425023091309965e-10,3.288490077183012e-05,434.37108663776,0.0401899119639384,0.0569214925853038,228.5222615298312,104.22258174567786,0.0033052094700472606,1.1498237254059528e-06
0.13,3.638256089619331,9.729875260332737,77.54853115652541,90.91666250647748,0.0011563232150736,2.825575057947112,77.04546898404898,3.770166944862286,3.134133257523338,0.369994925433365,0.1329715834609197,3.4459521327702074e-08,9.562944326481642e-05,1.358080109420276,3.980878658095471,15.30085529628352,1.6855287352087107,22.325342799007974,1725.7752882098007,4615.282120891889,36784.47459725191,0.6630861184856001,1620.3078630956277,44181.22918364235,2161.978011789883,1797.2485802037506,212.17121282940735,76.2517002137402,1.9760591108258655e-05,0.0548380898357786,0.0400174840267604,0.1070197144515673,0.8529628015216723,1.3248499176296932e-05,0.0323738452534594,0.8827435262618653,0.0431964462983888,0.0359091310625096,0.0042391931606473,0.0015235134009141,3.9481775854215935e-10,1.0956682213138329e-06,336.1086838789324,335.3169141247923,0.4214349295058593,-0.4214349295058593,2.8711944925649062e-05,73.5411730196716,4901.1854678255295,6745.435245524865,1844.249777699336,118.07062100937408,2781.312602217274,22.02618405851233,4487408.715945893,102.19110708963608,41,0.05,viscosity_110,0.0030558554431383,3.1625661795268834e-09,1.7283626846558975e-09,4.3236927082892486e-10,3.3173504664988004e-05,441.0157167624116,0.0407226682087152,0.0567204825256479,228.602367321427,104.51450114091269,0.003390037167758331,1.169227006834111e-06
0.14,3.6131088016302577,9.729875260332737,77.6583736560223,91.0013577179853,0.0011436607761226,2.8684317699955604,77.16703759908442,3.740717040683582,3.120726449653591,0.3625840884912624,0.1286546027222685,3.447220268123482e-08,9.733156639353566e-05,1.3329328214312033,4.090721157592377,15.30085529628352,1.6855287352087107,22.41003801051581,1712.2862872857197,4611.07951627448,36803.03461775608,0.6542381183650582,1640.9038790530924,44143.8742437194,2139.8999853174805,1785.230588457779,207.41843801610213,73.5976497238879,1.9720033675136075e-05,0.0556791158569943,0.039703899944299,0.1069201109118149,0.8533759891438859,1.3086951887313765e-05,0.0328235691471768,0.883025219916687,0.0428051612484721,0.035710586349344,0.0041490629216805,0.0014721993016286,3.9446666997582325e-10,1.1137686568456163e-06,336.57460050501686,335.831958760608,0.4168835247248963,-0.4168835247248963,2.8809094304368647e-05,73.56574841129007,4763.183289622399,6596.781108290786,1833.5978186683872,120.72467811996763,2802.6459590134405,23.47000905196177,4487408.709203922,103.97770527007592,41,0.05,viscosity_110,0.0029955746828114,3.192662297489417e-09,1.744654953888513e-09,4.4025100261309087e-10,3.34491767036874e-05,447.51782855217954,0.0412963982693441,0.0565285908413782,228.6787598029602,104.79116100771098,0.003477968636822698,1.1897118321723004e-06
0.15,3.588221008375018,9.729875260332737,77.76441171816946,91.0825079868772,0.0011296724831862,2.910948539243561,77.2843307349416,3.711817294052215,3.1071094270369595,0.3553549564876349,0.1246269523799064,3.445074205255646e-08,9.904021855069744e-05,1.3080450281759632,4.196759219739518,15.30085529628352,1.6855287352087107,22.491188279407712,1699.0169334213786,4607.080441477457,36821.32511301353,0.6447161449686316,1661.3094045893674,44106.992530592055,2118.373751921022,1773.2605171942153,202.8048669433925,71.12593206743954,1.966140623766132e-05,0.0565233099426815,0.0393952811322673,0.1068248500769717,0.853779868790761,1.2911218969200262e-05,0.0332697260114195,0.883295762142054,0.0424229912390194,0.0355116821652508,0.0040614122440707,0.0014243826379683,3.9374339103792145e-10,1.1319475046951763e-06,337.0155287167294,336.3155723310683,0.4127973573562082,-0.4127973573562082,2.890176373770779e-05,73.58925095989201,4631.318648687318,6451.424717730983,1820.1060690436643,123.48502816557108,2823.1122847593974,24.898935222820917,4487408.721154676,105.86129340914312,41,0.05,viscosity_110,0.0029388320134301,3.221336781875236e-09,1.7601772680767466e-09,4.4792191868827773e-10,3.371331479384024e-05,453.8929508451271,0.0419076701196718,0.056344782103073,228.75181735735973,105.05427832835566,0.003568935109185527,1.2112055805965508e-06
0.16,3.563565881097502,9.729875260332737,77.86707106414669,91.16051220557692,0.0011146007539973,2.953173730929829,77.39781584745255,3.6834046752223695,3.093296854180536,0.3483017533329171,0.1208526728424317,3.4399560173453146e-08,0.0001007564236128,1.2833899008984482,4.299418565716753,15.30085529628352,1.6855287352087107,22.56919249810743,1685.944170343327,4603.261738568909,36839.37351029873,0.6346566360973932,1681.5449829559088,44070.52235597772,2097.340426316993,1761.3314623054157,198.3239454345633,68.81383359421183,1.9587201125261015e-05,0.0573709757920082,0.0390911129707265,0.1067334421990828,0.8541754448301906,1.2724034553057144e-05,0.0337127751428214,0.8835562685941655,0.0420489293519113,0.0353123895837143,0.0039761354264335,0.0013796272607582,3.926977356575767e-10,1.1502129447648203e-06,337.43436138724576,336.7719887333781,0.4090840739920547,-0.4090840739920547,2.899046556134076e-05,73.61179395576706,4504.824811172947,6309.031317785214,1804.2065066122664,126.34697107320036,2842.8072819132967,26.31450293713752,4487408.713802439,107.83503027507376,41,0.05,viscosity_110,0.002885205469063,3.2487484679860406e-09,1.7750156810279354e-09,4.5540776431359157e-10,3.396723220955044e-05,460.1559007833731,0.0425531852870612,0.0561681275619327,228.8218921469225,105.30543807187286,0.0036628575136773323,1.2336366525899001e-06
0.17,3.5391246889858543,9.729875260332737,77.9666679501946,91.2356678995132,0.0010986337976782,2.9951400051325896,77.50784234465992,3.6554322906399457,3.0793029645602004,0.3414193017512451,0.1173037888888443,3.4322024609491e-08,0.0001024808728353,1.2589487087868003,4.399015451764663,15.30085529628352,1.6855287352087107,22.64434819204369,1673.051222417762,4599.606153728563,36857.20074454099,0.6241652830789426,1701.6247025309767,44034.42207961537,2076.7556353035884,1749.4400869720107,193.97007044252604,66.6436375367034,1.9499323843394288e-05,0.058222314968509,0.0387910207758202,0.1066455201604837,0.854563459063696,1.2527518124428726e-05,0.0341530278595074,0.8838075997753881,0.0416822187433079,0.0351127225292537,0.0038931411902288,0.0013375934223712,3.913677025694676e-10,1.1685704504682378e-06,337.833245394878,337.2041782464719,0.4056742782236809,-0.4056742782236809,2.9075580889686083e-05,73.6334614501286,4383.111789148385,6169.349176154015,1786.2373870056294,129.3074654612244,2861.801890349149,27.717787619598333,4487408.717872793,109.89424664291757,41,0.05,viscosity_110,0.0028343680295911,3.2750130229173242e-09,1.789232860354986e-09,4.6272655097505006e-10,3.4211888124358176e-05,466.3168246461673,0.0432306044611971,0.0559979252153972,228.8892454444236,105.54580463180936,0.00375968967165812,1.2569549369215604e-06
0.18,3.5148804400676954,9.729875260332737,78.06349132226977,91.3082470226702,0.001081942673825,3.0368767309982103,77.61472844854079,3.627858657557743,3.0651398717767826,0.3347026454310028,0.1139559801979585,3.422127009474574e-08,0.0001042141753104,1.2347044598686412,4.495838823839826,15.30085529628352,1.6855287352087107,22.716927315200696,1660.3228855507864,4596.09788831785,36874.82501278577,0.6133374634648441,1721.560962616208,43998.65337212602,2056.579965525223,1737.5829233855286,189.7380300546444,64.59997699708633,1.9399537058883163e-05,0.059077490414568,0.0384946656482739,0.1065607497416633,0.8549445846100627,1.2323588700599047e-05,0.0345907603726632,0.8840505265652766,0.0413221874330814,0.0349126843809943,0.0038123440724559,0.0012979861723804,3.8978854209418175e-10,1.187024658855606e-06,338.21414848723805,337.6148965653526,0.4025036615809306,-0.4025036615809306,2.9157457923672372e-05,73.65433085469108,4265.64180842818,6032.1524928701,1766.5106844419206,132.36345548922145,2880.1610690183697,29.10976485987402,4487408.719014377,112.03444530357416,41,0.05,viscosity_110,0.0027860328166346,3.3002385327596503e-09,1.8028873620875354e-09,4.698954241070673e-10,3.444817237771188e-05,472.3852576222421,0.0439377188176938,0.0558335455904619,228.95411788378888,105.77644847726914,0.0038593818840588563,1.281112187689055e-06
0.19,3.490820475111353,9.729875260332737,78.1577811433139,91.378476878758,0.0010646737925805,3.0784051521860194,77.718738733836,3.6006507257635816,3.0508193823831333,0.3281474171378907,0.110789001809391,3.4099993380990154e-08,0.0001059567237686,1.2106444949122988,4.590128644883952,15.30085529628352,1.6855287352087107,22.78715717128848,1647.7471260192365,4592.72371955121,36892.260765953,0.602254412637342,1741.3625654257517,43963.187291023736,2036.781409544264,1725.7581129581852,185.62326915912791,62.67005506885974,1.9289355695352595e-05,0.0599365785867662,0.0382017800509305,0.1064788513956349,0.8553193685534345,1.2113884233664834e-05,0.0350261684825673,0.8842856942371295,0.0409682912848284,0.0347122969247085,0.0037336692708005,0.0012605599495685,3.8799055172085987e-10,1.205578172823208e-06,338.5787126431591,338.00633730288695,0.3995173049894526,-0.3995173049894526,2.9236386783879728e-05,73.67446679885029,4151.961763595902,5897.258153314176,1745.2963897182733,135.51224195074553,2897.938733359242,30.491161484455564,4487408.716489184,114.25176462677302,41,0.05,viscosity_110,0.0027399606613294,3.324515132239672e-09,1.8160280156972894e-09,4.769283937225827e-10,3.467682387720676e-05,478.3687334138121,0.044672632936452,0.0556744671120659,229.0167103651709,105.99825575552268,0.003961888319622689,1.3060663751843957e-06
0.2,3.4669357089513544,9.729875260332737,78.24973059729611,91.4465415665802,0.0010469497637149,3.1197396777792528,77.8200872037796,3.5737824742385884,3.0363531083148927,0.3217496106100464,0.1077860402651803,3.3960457757279785e-08,0.0001077087437468,1.1867597287523004,4.68207809886617,15.30085529628352,1.6855287352087107,22.8552218591107,1635.3146418242704,4589.472898289939,36909.5192143808,0.5909838199948723,1761.035472821021,43928.0030446111,2017.3342519912492,1713.9652932706156,181.62171724981175,60.84323052140522,1.9170051658406747e-05,0.0607995980633535,0.0379121577432991,0.1063995979907958,0.855688244265905,1.1899772623944416e-05,0.0354593831510521,0.8845136370389051,0.0406200949890627,0.0345116001237216,0.0036570495937804,0.0012251107127048,3.859991563327202e-10,1.224232150022984e-06,338.9282762462418,338.3802886364413,0.3966693858294264,-0.3966693858294264,2.931260334090175e-05,73.69392186470284,4041.695915179207,5764.5193142113485,1722.8233990321417,138.75163275237531,2915.178623751645,31.86249911575345,4487408.721099051,116.54308328023914,41,0.05,viscosity_110,0.0026959531373652,3.34791564326095e-09,1.8286942719769743e-09,4.838363795503181e-10,3.4898438065114006e-05,484.2729132665698,0.0454337922278588,0.0555202631915899,229.0771863397532,106.2119468981715,0.004067171573772849,1.33178272984817e-06
0.21,3.4432183321355576,9.729875260332737,78.33952003468308,91.51261362715135,0.0010288838196899,3.1608924188575784,77.91897289323623,3.5472310304927586,3.021751810982398,0.3155054917322506,0.1049321456039252,3.3804817589982484e-08,0.0001094703750765,1.1630423519365038,4.771867536253135,15.30085529628352,1.6855287352087107,22.92129391968187,1623.0170948942252,4586.335328005193,36926.60992056242,0.5795877446467816,1780.584428540115,43893.08190111708,1998.2155354760591,1702.204159005445,177.72960646992837,59.110061260225336,1.9042828364312608e-05,0.0616665230631978,0.0376256146083229,0.1063227775350733,0.8560516078566037,1.1682512367601166e-05,0.0358905097633752,0.8847348428225233,0.0402772106931945,0.0343106308293016,0.003582422756263,0.0011914572523321,3.8383847818550254e-10,1.2429868039943064e-06,339.2640951150255,338.73840366291563,0.3939161387041257,-0.3939161387041257,2.938632804325172e-05,73.7127455896946,3934.498581881675,5633.804419537346,1699.305837655671,142.07918165438446,2931.921617306245,33.22422613142947,4487408.718086638,118.905149956072,41,0.05,viscosity_110,0.0026538323538864,3.3705097129734756e-09,1.8409238592111395e-09,4.906299787593746e-10,3.5113579535915494e-05,490.1031737987569,0.0462196306853348,0.0553705443760433,229.1356997944376,106.41819679366785,0.004175185440212493,1.3582252293571918e-06
0.22,3.419664508839197,9.729875260332737,78.42728700968942,91.57682677886136,0.0010105696388195,3.2018680099793606,78.01554886338461,3.5209801825530835,3.00702706780029,0.3094118359781979,0.1022150354329338,3.3634851673204064e-08,0.0001112415435786,1.1394885286401433,4.859634511259489,15.30085529628352,1.6855287352087107,22.98550707139186,1610.8489169195586,4583.303123553985,36943.53934719221,0.568117278474297,1800.0110729511753,43858.41370686638,1979.4080507016447,1690.4763100273196,173.94368822420608,57.46276705596107,1.8908682450413668e-05,0.0625372468789244,0.0373420288638845,0.1062482246063004,0.8564097465298149,1.1463141830925136e-05,0.0363195822557763,0.8849497029053063,0.0399393507048467,0.0341094531673161,0.0035097351273369,0.0011594504756638,3.8152845720009774e-10,1.261840394317675e-06,339.5871531826345,339.0819439565739,0.3912218310475636,-0.3912218310475636,2.9457732704103596e-05,73.73097649900598,3830.093407532374,5505.0163717820205,1674.9229642496464,145.49279988814453,2948.1993026998275,34.57656276436397,4487408.719826162,121.33530444852512,41,0.05,viscosity_110,0.0026134531169722,3.392350759880317e-09,1.8527457155041487e-09,4.973166736110831e-10,3.532267899236883e-05,495.8629679456056,0.0470288558342425,0.0552250040334202,229.1923704845541,106.617529076289,0.004285888009476595,1.3853634645449386e-06
0.23,3.396271334865796,9.729875260332737,78.51315774457882,91.63930433977735,0.0009920924603856,3.242669343894549,78.10995538792758,3.4950159753946712,2.9921899410435144,0.3034655570507813,0.0996237443219776,3.345223026911332e-08,0.0001130221086501,1.1160953546667425,4.945505246148875,15.30085529628352,1.6855287352087107,23.04798463230785,1598.8052737851417,4580.368982829299,36960.31273323383,0.5566185488326092,1819.3162196201736,43823.98995402663,1960.8965878187075,1678.7834696049192,170.2609028201032,55.89441126506708,1.876854487974768e-05,0.0634116320956484,0.0370612954706989,0.1061757870209992,0.8567629175083017,1.1242602083118967e-05,0.0367466164457716,0.8851585736426687,0.0396062619710167,0.0339081307514275,0.0034389360267163,0.0011289573907324,3.7908776522935976e-10,1.2807904957312215e-06,339.89836382254106,339.4120930406388,0.388552769197069,-0.388552769197069,2.952697600012521e-05,73.74865045652376,3728.229178089803,5378.069310148842,1649.840132059039,148.99024040140162,2964.040877759523,35.919675758241624,4487408.720262992,123.83083100859837,41,0.05,viscosity_110,0.002574685010429,3.413489057420606e-09,1.864187073974059e-09,5.039035252685188e-10,3.5526138496798135e-05,501.5554673880727,0.0478601834502123,0.0550833637238126,229.24730989281483,106.8104301283058,0.004399231252585071,1.4131664880960083e-06
0.24,3.3730382120590354,9.729875260332737,78.59723778047824,91.70015125287,0.0009735272838099,3.283295041999681,78.20231019976755,3.4693282695016427,2.977251948831412,0.297663929758292,0.0971488061962178,3.3258451337123574e-08,0.0001148117779549,1.0928622318599812,5.029585282048312,15.30085529628352,1.6855287352087107,23.108831545400523,1586.8828590093271,4577.526639253708,36976.9334226381,0.5451318683799884,1838.498818115804,43789.806592779576,1942.669130109549,1667.1283327086558,166.67852753282313,54.39899950761879,1.8623249721238304e-05,0.0642894760829819,0.036783344040051,0.1061053349138092,0.8571113210461399,1.1021718251038035e-05,0.0371715857272428,0.8853617602055823,0.039277747365398,0.0337067411341092,0.0033699805047612,0.0010998631349385,3.7653313492054553e-10,1.299833183481312e-06,340.1985125671856,339.7298378159646,0.385878971219372,-0.385878971219372,2.959419338367761e-05,73.76579817460683,3628.692059873535,5252.896691274285,1624.20463140075,152.56916771236178,2979.4710704173795,37.25359945605183,4487408.7191885905,126.3890862509309,41,0.05,viscosity_110,0.0025374156135291,3.433967640623113e-09,1.8752712464746942e-09,5.103962136892072e-10,3.5724298573549665e-05,507.1829453085373,0.0487123906822686,0.0549453879542764,229.30061348843333,106.99731438579327,0.004515161453666376,1.441603910032312e-06
0.25,3.349966538497093,9.729875260332737,78.67961206387739,91.75945386270722,0.0009549388429588,3.323739958157064,78.29270887014697,3.4439102531261634,2.962225049049507,0.2920044742114759,0.0947820763954445,3.30548330258187e-08,0.0001166101291248,1.069790558298039,5.111959565447444,15.30085529628352,1.6855287352087107,23.168134155237716,1575.0797342727446,4574.770871122579,36993.40307973711,0.5336917623018709,1857.55627052079,43755.86361408353,1924.7164839431289,1655.5145058961452,163.19409728804706,52.97136435395549,1.8473530760863964e-05,0.0651705245563722,0.0365081351019089,0.106036760799501,0.85745510409859,1.0801199705763938e-05,0.0375944274576238,0.8855595206406079,0.0389536593751779,0.0335053753066158,0.0033028278870323,0.001072068796052,3.738792859721932e-10,1.3189633050109034e-06,340.4882591425637,340.036012683517,0.3831743678404236,-0.3831743678404236,2.965949745320596e-05,73.78244527145166,3531.3035243323293,5129.448993768016,1598.1454694356871,156.22725280167086,2994.5102816328126,38.578253587499866,4487408.721276246,129.00758099882822,41,0.05,viscosity_110,0.0025015485947506,3.453822171886434e-09,1.8860175515189523e-09,5.167989880016623e-10,3.591743811268431e-05,512.7467951410615,0.049584343695487,0.0548108808441199,229.35236090544475,107.17852757977724,0.004633621806592521,1.4706467155551855e-06
0.26,3.327058439004765,9.729875260332737,78.76035972830783,91.81729342764532,0.000936386659729,3.363997600618574,78.38124028846161,3.418756597770592,2.947121061943569,0.2864848288055818,0.0925161615984279,3.2842636169532944e-08,0.000118416667221,1.0468824588057113,5.192707229877895,15.30085529628352,1.6855287352087107,23.225973720175837,1563.3944554916673,4572.096737555367,37009.7225429557,0.5223296950831438,1876.4853415360903,43722.16211618904,1907.030683023279,1643.945724412075,159.8052809928578,51.606820725053886,1.832008600071512e-05,0.066054488324542,0.0362356405291622,0.1059699637955474,0.8577943956752904,1.0581695836718358e-05,0.0380150646480758,0.8857520933470151,0.038633872109893,0.0333041253284157,0.0032374396716973,0.0010454846529942,3.7114025793848734e-10,1.3381749318102763e-06,340.7682284566138,340.33139891437224,0.3804140713705304,-0.3804140713705304,2.972299418258457e-05,73.79861609243669,3435.9010693987448,5007.683932319361,1571.7828629206158,159.96188537782507,3009.177685504596,39.89351615632324,4487408.719883304,131.68364186916568,41,0.05,viscosity_110,0.0024669960316782,3.4730869430740303e-09,1.896444564270781e-09,5.231159145403354e-10,3.610582241676028e-05,518.2482708202268,0.0504748629083839,0.0546796623768427,229.40262782133576,107.3543961647044,0.004754546188520355,1.5002640565926483e-06
0.27,3.3043183347969105,9.729875260332737,78.83954002905435,91.873733624184,0.000917921700802,3.4040571778022035,78.46797206274816,3.3938653723838934,2.9319527101466383,0.2811029417725549,0.0903447611769192,3.2622962935519536e-08,0.0001202307338252,1.0241423545978563,5.271887530624404,15.30085529628352,1.6855287352087107,23.28241391671449,1551.8270427702655,4569.500278699307,37025.89092832514,0.5110723749547564,1895.2810297665064,43688.707658780775,1889.606525943728,1632.426854622096,156.51002469266967,50.30136189074023,1.816352650879553e-05,0.0669410110088353,0.0359658653725063,0.1059048639531019,0.8581292706743916,1.0363760274158598e-05,0.0384333789248526,0.8859396732282463,0.0383183087309309,0.0331031012738652,0.003173782141054,0.0010200341118916,3.683283301844407e-10,1.3574605566712497e-06,341.0389270332544,340.61661989434657,0.3775769939859479,-0.3775769939859479,2.9784767984460427e-05,73.81433009823895,3342.355067941381,4887.576408863891,1545.2213409225096,163.77037624917602,3023.4882898127744,41.19913331962183,4487408.720754235,134.41468302431434,41,0.05,viscosity_110,0.0024336837337529,3.491789019517739e-09,1.906566946036535e-09,5.293495484604746e-10,3.628965637948301e-05,523.6876771248992,0.051382831896579,0.0545515892160499,229.4514747295234,107.52518059048371,0.004877862659309496,1.5304257264241383e-06
0.28,3.2817512035985112,9.729875260332737,78.91720678401467,91.92883324794592,0.0008995901246448,3.443906822625972,78.55296574978941,3.3692357744551424,2.916732663251619,0.275856808450336,0.0882621417719113,3.2396856333030514e-08,0.0001220516062217,1.0015752233994577,5.349554285584726,15.30085529628352,1.6855287352087107,23.33751354047641,1540.3779086761133,4566.977804032333,37041.90671469098,0.4999437302745841,1913.9378884372272,43655.506708220295,1872.439742400135,1620.9628895775677,153.30635370497356,49.05134370710755,1.8004427528258596e-05,0.0678297078067348,0.0356988236187783,0.1058413874794842,0.8584597889017374,1.0147891785671706e-05,0.0388492412249886,0.8861224395800896,0.0380069090388061,0.0329024148037387,0.0031118227777344,0.0009956475053865,3.654550925548937e-10,1.3768120150210225e-06,341.30082927288976,340.8922650572783,0.3746434388137789,-0.3746434388137789,2.984489721068533e-05,73.82960556420453,3250.5497638657844,4769.106850997028,1518.557087131244,167.64980315416892,3037.456007893541,42.49481928261151,4487408.720954841,137.19797976405394,41,0.05,viscosity_110,0.0024015439659889,3.509953998583963e-09,1.9163985624674793e-09,5.355022038000982e-10,3.64691313322e-05,529.0651765113284,0.0523071040513842,0.0544265308364228,229.49895843882916,107.69112421597444,0.005003491142527801,1.5611001438021836e-06
0.29,3.2593633678098355,9.729875260332737,78.99340382493868,91.98264245308124,0.0008814329206042,3.4835321505527754,78.63627208573666,3.3448690034856345,2.901474106294325,0.2707446062751435,0.0862632223197631,3.2165278381293575e-08,0.0001238784419186,0.9791873876107818,5.425751326508746,15.30085529628352,1.6855287352087107,23.39132274561176,1529.048293427555,4564.526100099058,37057.76732457996,0.4889647818053245,1932.4494219471844,43622.56812013342,1855.527634860261,1609.559411878391,150.19245848174432,47.853531100803984,1.784331848489978e-05,0.0687201418363077,0.035434548093923,0.1057794710050407,0.8587859809010362,9.9345309716794e-06,0.0392624977256167,0.8863005479732096,0.0376996410442204,0.0327021871984847,0.0030515319017262,0.0009722630433012,3.625312225377254e-10,1.3962199382343465e-06,341.5543516624714,341.15883933162024,0.3715958890230636,-0.3715958890230636,2.990344950763901e-05,73.84445842384676,3160.38869319469,4652.265558749114,1491.8768655544238,171.59699985103111,3051.0926779761344,43.780211046326855,4487408.720459195,140.03069649696468,41,0.05,viscosity_110,0.0023705169630794,3.52760414533012e-09,1.925951474144228e-09,5.415754856447366e-10,3.664440975496309e-05,534.3804765968506,0.0532465167315541,0.0543043765740239,229.5451284784993,107.85243767430686,0.005131342220707648,1.5922545245396838e-06
0.3,3.2371623149732724,9.729875260332737,79.06816484910036,92.03520242440636,0.0008634857941674,3.522916555490887,78.71793096338244,3.320768019159652,2.8861906856821955,0.2657646318792459,0.0843435116176693,3.1929103292952364e-08,0.0001257102919747,0.9569863347742186,5.500512350670409,15.30085529628352,1.6855287352087107,23.44388271693685,1517.840179672916,4562.1424495856445,37073.46924985969,0.4781535982176202,1950.8082687713345,43589.90291285506,1838.8689054672705,1598.2225426554526,147.16665389332803,46.70505738335139,1.7680679555484472e-05,0.0696118324664429,0.0351730884455014,0.1057190618809626,0.8591078496735359,9.724059185499143e-06,0.0396729735712663,0.8864741317325598,0.037396497982641,0.0325025486670233,0.0029928819064104,0.0009498260474265,3.5956641355049846e-10,1.4156739203427738e-06,341.7998517656347,341.4167795946898,0.368419221972694,-0.368419221972694,2.9960481670431328e-05,73.85890222846612,3071.793807717226,4537.051556636657,1465.2577489194302,175.60861969360894,3064.4080780346926,45.05487871547075,4487408.721535573,142.90994428912305,41,0.05,viscosity_110,0.0023405502649452,3.5447582156652316e-09,1.935235841037351e-09,5.475702508047214e-10,3.681562439668909e-05,539.6328354261528,0.0541999119377177,0.0541850344793026,229.59002697268332,108.00929926909788,0.005261318831500117,1.6238554681489832e-06
0.31,3.215155948069233,9.729875260332737,79.14152068981511,92.08655189821708,0.0008457811742033,3.5620426239906235,78.79797903282402,3.296936548608441,2.8708960877336707,0.2609152118994525,0.0824988672619122,3.1689169354692834e-08,0.0001275461406631,0.9349799678701792,5.573868191385178,15.30085529628352,1.6855287352087107,23.495232190747583,1506.755813988468,4559.824268148753,37089.00854369995,0.4675263646188273,1969.006747141448,43557.52267863633,1822.4628378630955,1586.9584852852297,144.22730632187262,45.60327975195493,1.7516968452442203e-05,0.0705042690522941,0.0349145003455329,0.1056601106216587,0.8594253890328083,9.516820524909512e-06,0.0400804858142249,0.8866433151427128,0.0370974838080006,0.0323036308278679,0.0029358459606346,0.0009282861066037,3.5656993384385727e-10,1.4351628605108932e-06,342.03767086132166,341.66649849592864,0.3650995007978995,-0.3650995007978995,3.001604735808161e-05,73.87294997705914,2984.696500771443,4423.467473521142,1438.770972749699,179.68101941783155,3077.411418119113,46.3183685424802,4487408.720816154,145.8326352861593,41,0.05,viscosity_110,0.0023115953386943,3.5614343384023222e-09,1.9442614829950424e-09,5.53487242746186e-10,3.698290151316961e-05,544.82144959367,0.0551660792144139,0.0540684201379607,229.63369432869683,108.1618782600484,0.005393313988194013,1.6558676462595293e-06
0.32,3.193353437306382,9.729875260332737,79.21349233501164,92.13672103265075,0.0008283469760678,3.6008905386916243,78.87644245732099,3.273380092703896,2.8556046289372152,0.2561948124247086,0.0807256489683919,3.1446235161563595e-08,0.0001293848514238,0.9131774571073276,5.645839836581702,15.30085529628352,1.6855287352087107,23.545401325181256,1495.798215527834,4557.569444611956,37104.38033454362,0.4570967779082852,1987.0362425293672,43525.44132080909,1806.310080766885,1575.7740567405797,141.3729109413245,44.545866773329074,1.7352598832352147e-05,0.0713968909221049,0.0346588569846624,0.1056025779003436,0.8597385651149939,9.313108823930436e-06,0.0404848287236951,0.8868082017231523,0.036802627288088,0.0321055758465571,0.0028803994427117,0.0009075988389477,3.535501651165205e-10,1.454674473730965e-06,342.2680937017193,341.9083357764437,0.3616252786709034,-0.3616252786709034,3.0070189841127053e-05,73.88661235411676,2899.0453457087224,4311.524624153826,1412.4792784451035,183.81034195899943,3090.1098995025345,47.57015402221203,4487408.721317306,148.79560666693502,41,0.05,viscosity_110,0.0022836100458437,3.5776471533653693e-09,1.9530363302752813e-09,5.593264159683658e-10,3.714633786091372e-05,549.9450373108155,0.0561438057137712,0.0539544667282785,229.67616375922623,108.31031231517512,0.005527211877469594,1.6882548962164536e-06
0.33,3.171764247516076,9.729875260332737,79.28409805962028,92.18573756746908,0.0008112080828855,3.63943988272443,78.95334441615583,3.250104725210974,2.84033065239733,0.2516018952847372,0.0790204917511239,3.1201021650394215e-08,0.0001312252276791,0.8915882673170215,5.716445561190338,15.30085529628352,1.6855287352087107,23.594417859999588,1484.970603002155,4555.376000529441,37119.5794253241,0.4468768166936439,2004.8879487917363,43493.67315782084,1790.4117133015282,1564.676125742824,138.60198931818007,43.53066315820802,1.7187961420601354e-05,0.07228911206922,0.0344062360535404,0.1055464274309419,0.8600473365155176,9.113183693997482e-06,0.0408857910741575,0.8869688876378593,0.0365119653150126,0.0319085269650093,0.0028265180511164,0.0008877232267661,3.505150500091046e-10,1.4741958695395964e-06,342.4913893124125,342.1426149577283,0.3579864942839625,-0.3579864942839625,3.012294941539989e-05,73.89989950742046,2814.797106385219,4201.236989664712,1386.439883279493,187.9924700224486,3102.510203007389,48.80969173383771,4487408.721419221,151.79553142304107,41,0.05,viscosity_110,0.0022565553870554,3.593410594484345e-09,1.9615679305167174e-09,5.650875849866391e-10,3.7306023516465175e-05,555.002259648475,0.0571318393275603,0.0538431136559562,229.71746680859937,108.454730745456,0.005662887664962299,1.720979506072853e-06
0.34,3.150398505204488,9.729875260332737,79.3533513316171,92.23362509715432,0.0007943862805043,3.6776689673656704,79.02870291320933,3.227117495510971,2.825088797456092,0.2471349799124833,0.0773803415554102,3.0954202903924026e-08,0.0001330659857782,0.8702225250054342,5.785698833187175,15.30085529628352,1.6855287352087107,23.64230538968484,1474.2765958152684,4553.242185968933,37134.60010676201,0.4368767400930332,2022.5525906413848,43462.23361332974,1774.7695371084965,1553.6718276685076,135.91312820581015,42.5557089739145,1.7023419951637446e-05,0.0731803097696234,0.0341567243170374,0.1054916279186009,0.8603516477643616,8.917270143188355e-06,0.0412831496264003,0.8871254580271097,0.0362255481967926,0.0317126322592293,0.0027741785473836,0.0008686220121824,3.474719996248075e-10,1.4937132868162618e-06,342.7077990182325,342.3696194681452,0.3541748856339967,-0.3541748856339967,3.0174361267810104e-05,73.91282051102775,2731.91901481204,4092.623187871023,1360.704173058983,192.2230223099115,3114.618033382186,50.036400266641515,4487408.721160728,154.82893453339753,41,0.05,viscosity_110,0.0022303961611822,3.608737013101509e-09,1.969862974050667e-09,5.707702000269688e-10,3.746203470720424e-05,559.9915719627386,0.0581288967545132,0.0537343097574242,229.7576316834784,108.59524725604108,0.005800206919169592,1.7540023307699155e-06
0.35,3.1292668571002245,9.729875260332737,79.42126072293324,92.2804028403662,0.0007779001713976,3.7155550786781526,79.10253074987686,3.2044262615810184,2.809893920073564,0.242792607283702,0.0758024295814717,3.07064009213333e-08,0.0001349057672101,0.8490908769011706,5.853608224503311,15.30085529628352,1.6855287352087107,23.68908313289671,1463.720149687393,4551.166494535161,37149.43625532094,0.4271050518581607,2040.0205616478995,43431.139033348256,1759.3859661570214,1542.7685101195686,133.30495729081338,41.61922288717187,1.6859308482114973e-05,0.0740698316041146,0.0339104160881641,0.1054381532898618,0.8606514306219739,8.725557730732353e-06,0.0416766720625238,0.8872779876946864,0.0359434376895209,0.0315180437263353,0.0027233583296974,0.0008502613828385,3.444278376500525e-10,1.5132122388989195e-06,342.91753519898634,342.58960004281045,0.3501841374612229,-0.3501841374612229,3.022445530249781e-05,73.92538331970586,2650.388188972194,3985.7057020163775,1335.3175130441837,196.4974092530255,3126.4381145452603,51.24966834147215,4487408.721796884,157.89224161603556,41,0.05,viscosity_110,0.0022051006900862,3.6236370441976316e-09,1.9779272215560877e-09,5.763733269208943e-10,3.761443312374584e-05,564.9112317218176,0.0591336810015557,0.0536280127601223,229.79668311121748,108.73195979560606,0.00593902716302469,1.7872832983036842e-06
0.36,3.1083801131886943,9.729875260332737,79.48783352798313,92.32608890150456,0.0007617661947198,3.753075164141429,79.17483927793617,3.182039225910164,2.7947608702811424,0.2385733105160777,0.0742841662069138,3.0458211794306594e-08,0.0001367431573272,0.8282041329896407,5.920181029553194,15.30085529628352,1.6855287352087107,23.734769194035064,1453.3053286713737,4549.147481401009,37164.08155508885,0.4175690454156495,2057.282174670397,43400.405908511566,1744.263648411247,1531.9735069071094,130.7761229421348,40.719539128307744,1.6695944913508616e-05,0.0749570013319347,0.0336674080985362,0.1053859789372511,0.8609466129642126,8.538211762462043e-06,0.0420661230886727,0.8874265472787194,0.0356657002313843,0.0313249134725356,0.0026740349731677,0.0008326097247014,3.4138908238286527e-10,1.5326776672685388e-06,343.12080257409684,342.80279570083513,0.3460092758587577,-0.3460092758587577,3.027325997620608e-05,73.9375956742958,2570.1873362514825,3880.508531196827,1310.3211949453446,200.8107654266764,3137.9749273345847,52.44887530583144,4487408.721355004,160.98169656242908,41,0.05,viscosity_110,0.0021806392876535,3.638121073431709e-09,1.985766298391397e-09,5.818959781654822e-10,3.7763277674398114e-05,569.7594970323067,0.0601448502256521,0.0535241839654758,229.83464515418197,108.86496213882036,0.006079196507782709,1.820780687111143e-06
0.37,3.087749478919449,9.729875260332737,79.55307270551091,92.3706974447631,0.0007459979151209,3.790205380532473,79.24563526871792,3.1599652287029736,2.779704651097287,0.2344756286741313,0.0728232012329122,3.0210180775017804e-08,0.0001385766759116,0.807573498720395,5.985420207080972,15.30085529628352,1.6855287352087107,23.7793777372936,1443.0364646698092,4547.183925770511,37178.52940283033,0.4082744477833488,2074.327524724282,43370.05147437934,1729.4057163069554,1521.2943071610437,128.3253020888939,39.85514123636837,1.653361842352513e-05,0.075841117899533,0.0334278030190894,0.1053350849294076,0.861237112051503,8.35536571127742e-06,0.0424512608323637,0.8875711986209315,0.0353924114070104,0.0311333965665174,0.0026261864654626,0.0008156383097508,3.3836168099496866e-10,1.552093890379762e-06,343.3177786419563,343.0094103065531,0.3416473424639191,-0.3416473424639191,3.0320798913790176e-05,73.94946427747848,2491.307739274548,3777.058717279879,1285.7509780053315,205.15805156145132,3149.2320545311622,53.633377801750484,4487408.721683644,164.09347231546607,41,0.05,viscosity_110,0.0021569852618428,3.6521978280785342e-09,1.9933849316638947e-09,5.873367973292523e-10,3.790861354302309e-05,574.5344486404333,0.0611610591114076,0.0534227924431143,229.87153864762175,108.99433316516074,0.006220556026939762,1.8544521746714243e-06
0.38,3.0673862176160984,9.729875260332737,79.61698003546654,92.41424151341538,0.0007306069336131,3.826921745086168,79.31492418800367,3.138213317268418,2.76474019797815,0.2304980809514013,0.0714173317529413,2.9962825955217136e-08,0.0001404047958091,0.787210237417044,6.049327537036596,15.30085529628352,1.6855287352087107,23.82292180594587,1432.9179468027437,4545.274670862374,37192.773087348505,0.3992259054277103,2091.1467280051224,43340.09296392961,1714.815443669385,1510.7383437379556,125.95117953793694,39.02460765229394,1.6372601697040576e-05,0.0767214615061273,0.0331917047349333,0.1052854527721281,0.8615228424929385,8.177131214362373e-06,0.0428318427008458,0.8877120001244215,0.035123649794912,0.0309436474421138,0.0025797908093715,0.0007993202170083,3.353512649780572e-10,1.5714447613842389e-06,343.508633150971,343.20963989263623,0.3370968251225145,-0.3370968251225145,3.0367094330642174e-05,73.96099560609473,2413.745362712162,3675.384200808984,1261.6388380968222,209.5339976516304,3160.212854286514,54.80252914843627,4487408.721734522,167.2235980641552,41,0.05,viscosity_110,0.0021341135683839,3.66587572693159e-09,2.0007876812070564e-09,5.926943677726224e-10,3.805048298101133e-05,579.2341768339063,0.0621809313453664,0.0533238101879857,229.9073837247642,109.12014778567692,0.006362938672163616,1.888254207731926e-06
0.39,3.047301644271477,9.729875260332737,79.67955560614814,92.45673251075236,0.0007156027548989,3.863200143873181,79.3827096801589,3.116792745268623,2.7498823711909317,0.2266391628041109,0.0700645075215405,2.9716631183858896e-08,0.0001422259471314,0.7671256640724226,6.111903107718198,15.30085529628352,1.6855287352087107,23.865412803282847,1422.954228830411,4543.418658179094,37206.80583566002,0.3904269249925216,2107.7299416156657,43310.54768280916,1700.4962586346446,1500.31300316458,123.65244657140748,38.22661390762124,1.6213147384948256e-05,0.0775972965622653,0.0329592184529892,0.1052370659886903,0.8618037155583206,8.003596718691492e-06,0.0432076257161979,0.88784900612452,0.0348594971415357,0.0307558200023428,0.0025348259873625,0.0007836303852342,3.3236307463251646e-10,1.59071372487175e-06,343.6935232848731,343.4036612896141,0.3323578407488751,-0.3323578407488751,3.0412166313117937e-05,73.97219572331728,2337.5011958492246,3575.513863805685,1238.0126679564603,213.93315341737488,3170.92031493518,55.955679698520775,4487408.721556312,170.36800677384804,41,0.05,viscosity_110,0.0021120009437413,3.679162521775802e-09,2.0079787454146963e-09,5.979671402331932e-10,3.818892270222706e-05,583.8567450896431,0.0632030767114709,0.0532272128930541,229.9421992329513,109.2424741641115,0.006506170641618979,1.922142480450004e-06
0.4,3.0275070028282545,9.729875260332737,79.74079775135789,92.49818001451888,0.0007009927344997,3.899016556839464,79.44899353744621,3.0957128396217963,2.735145863871474,0.222897325774807,0.0687628204584439,2.947204187445041e-08,0.0001440385306686,0.7473310226292003,6.17314525292795,15.30085529628352,1.6855287352087107,23.906860307049374,1413.149775170893,4541.614940522085,37220.62089666833,0.3818798529229348,2124.0674774361987,43281.43285052392,1686.4516644813666,1490.0255720388154,121.42778918321544,37.45992571802742,1.6055485973596852e-05,0.0784678787666088,0.0327304494245513,0.1051899103182948,0.8620796402571538,7.83482697451945e-06,0.0435783690617346,0.8879822671911669,0.0346000368727708,0.0305700666195903,0.0024912697301706,0.0007685454842215,3.2940191432497665e-10,1.6098839687099569e-06,343.8725923556447,343.5916358707732,0.3274321958120157,-0.3274321958120157,3.045603263834741e-05,73.98307022837992,2262.580789166501,3477.4769480790696,1214.8961589125686,218.3499485632676,3181.3570410003804,57.0921838839627,4487408.72199838,173.52258452901836,41,0.05,viscosity_110,0.0020906257941637,3.692065183312674e-09,2.014961899518517e-09,6.031534229516983e-10,3.8323963293160014e-05,588.4001982654419,0.0642261080833006,0.0531329796776255,229.9760025773731,109.36137336181436,0.006650073160024355,1.9560724440190318e-06
0.41,3.0080134698722167,9.729875260332737,79.80070454984055,92.53859328004548,0.0006867828568023,3.934347084750222,79.5137772061289,3.07498296246012,2.720545213122394,0.2192710101521001,0.0675104637521083,2.92294833776638e-08,0.0001458409108921,0.7278374896731628,6.2330520514106205,15.30085529628352,1.6855287352087107,23.94727357257601,1403.5090342496246,4539.862592629624,37234.211514333496,0.3735862999608417,2140.1497658182566,43252.76545290497,1672.68518136395,1479.88321196413,119.27590294376432,36.72337495321139,1.5899835641894624e-05,0.079332449468529,0.0325055024423074,0.1051439719954207,0.8623505255622719,7.67087167348607e-06,0.0439438336399216,0.8881118321185828,0.0343453530756602,0.0303865377609219,0.0024490998340054,0.0007540434344431,3.2647235418236103e-10,1.6289383188842603e-06,344.04598054913504,343.7737195178366,0.3223230376782318,-0.3223230376782318,3.049871057724971e-05,73.99362467224866,2188.992585876742,3381.302817290474,1192.3102314137327,222.778608055812,3191.52557665714,58.21140000399867,4487408.721652462,176.68308722142595,41,0.05,viscosity_110,0.0020699676053992,3.7045906525830693e-09,2.0217409024885542e-09,6.082515342449784e-10,3.845563487002966e-05,592.8626357054112,0.0652486117239555,0.0530410910822952,230.00881101317964,109.47690493076276,0.00679446028989676,1.989998524536261e-06
0.42,2.9888318263155518,9.729875260332737,79.85927325335678,92.57798034000508,0.0006729769981368,3.969168528313098,79.5770612837813,3.0546121918323967,2.70609454018724,0.2157585690819443,0.0663057400482351,2.898933944027795e-08,0.0001476314560811,0.7086558461164975,6.291620754926839,15.30085529628352,1.6855287352087107,23.986660632535564,1394.0363057462548,4538.160777017269,37247.57120340456,0.3655467475742883,2155.96766325734,43224.5619305552,1659.2001731358034,1469.8928203082612,117.19545156452304,36.01586337607524,1.574639070288923e-05,0.0801902572592282,0.0322844786129343,0.1050992387671286,0.862616282619937,7.5117573284462526e-06,0.0443037887816939,0.8882377479907444,0.0340955271592979,0.0302053793071629,0.0024082933249774,0.0007401034955196,3.2357849315830124e-10,1.6478596968355786e-06,344.2138160969532,343.9500520005277,0.3170351288327498,-0.3170351288327498,3.0540215684240605e-05,74.00386426096178,2116.747907668745,3287.019579645504,1170.2716719767586,227.2133447389552,3201.428216069492,59.312709075361994,4487408.721893491,179.84530417561018,41,0.05,viscosity_110,0.0020500070914565,3.7167451986434227e-09,2.0283191491710344e-09,6.132597144013031e-10,3.858396295901988e-05,597.2421995985046,0.066269203330015,0.0529515295754441,230.0406407233148,109.58912262167892,0.006939144554665407,2.023875762921454e-06
0.43,2.969972696323877,9.729875260332737,79.91650089949628,92.6163488561529,0.0006595778402918,4.003457989043878,79.63884607699562,3.034609538043579,2.6918077332452777,0.2123583454369015,0.0651470398014133,2.875197294440649e-08,0.0001494085105458,0.6897967161248233,6.348848401066355,15.30085529628352,1.6855287352087107,24.025029148683405,1384.735833150212,4536.508682972489,37260.69353852597,0.3577610520856319,2171.5122228896957,43196.83836980352,1645.99996342988,1460.0611297552598,115.18510847643364,35.336350125566426,1.5595333047539626e-05,0.081040542386577,0.0320674776430313,0.1050556989181758,0.8628768234387928,7.357497488505459e-06,0.044658007441083,0.8883600603375172,0.0338506400470801,0.0300267344156499,0.0023688272979635,0.0007267060116973,3.2072419024029127e-10,1.6666307961707468e-06,344.37622360340333,344.12076962796004,0.3115745446624906,-0.3115745446624906,3.058056296286443e-05,74.01379411964311,2045.860276258537,3194.655053056643,1148.794776798106,231.64822660360085,3211.0671916381107,60.39550111434938,4487408.721914446,183.00494020774693,41,0.05,viscosity_110,0.0020307259052499,3.728534999973816e-09,2.034699985216608e-09,6.181762147391916e-10,3.870897239629506e-05,601.5370938627791,0.0672864871072933,0.0528642787471776,230.07150763920035,109.69807859498891,0.007083933178887303,2.057658655534549e-06
0.44,2.9514462216243587,9.729875260332737,79.97238489370234,92.65370637565944,0.0006465865789498,4.037193463124233,79.69913225257255,3.0149836043454687,2.677698192863032,0.2090686147944505,0.0640328273879308,2.851771718729281e-08,0.0001511704298421,0.6712702414253044,6.404732395272415,15.30085529628352,1.6855287352087107,24.062386668189948,1375.6116514623716,4534.905524391656,37273.5724096862,0.350228286201704,2186.774971344339,43169.61008673488,1633.087625157816,1450.3945482056422,113.24352382467598,34.68384301008431,1.5446827295907863e-05,0.0818825541569236,0.0318545942421113,0.1050133409761664,0.8631320647817221,7.208089486102608e-06,0.0450062724812053,0.8884788146612836,0.0336107681890802,0.0298507405184303,0.0023306782621771,0.0007138322459615,3.179129665190776e-10,1.6852344626836628e-06,344.5333232065808,344.2860003231533,0.3059486590600113,-0.3059486590600113,3.061976701142433e-05,74.02341931703086,1976.3444057191653,3104.2352434590803,1127.890837739915,236.0773003354645,3220.444727557894,61.45919383633582,4487408.721745408,186.157711735824,41,0.05,viscosity_110,0.0020121064304637,3.739966077846116e-09,2.040886670925066e-09,6.229993289378002e-10,3.883068751519737e-05,605.7456293472503,0.0682990874730071,0.05277932242632,230.10142751698345,109.80382323811976,0.007228631932957971,2.0913021455163676e-06
0.45,2.933261966922076,9.729875260332737,80.02692288825588,92.69006011551068,0.0006340028940235,4.070354021177713,79.75792072970765,2.9957424897939475,2.6637787493610734,0.2058875762087148,0.0629616384582674,2.8286872433581153e-08,0.0001529155944969,0.653085986723022,6.459270389825947,15.30085529628352,1.6855287352087107,24.0987404080412,1366.6675478994712,4533.350554215917,37286.20208593125,0.3429467296205634,2201.7479937699704,43142.89151268671,1620.4659305892112,1440.899117555347,111.36931959754664,34.05739658975675,1.5301019102177303e-05,0.0827155578232234,0.0316459171918395,0.1049721539527251,0.8633819288554354,7.063514171769026e-06,0.0453483786647128,0.8885940564242186,0.0333759825563866,0.0296775284843871,0.0022938220409563,0.0007014643461725,3.1514796887060745e-10,1.7036538460551816e-06,344.68522900314866,344.4458655727469,0.3001661217445877,-0.3001661217445877,3.065784178649461e-05,74.03274479977185,1908.2158792046748,3015.783951273228,1107.5680720685527,240.49465599510137,3229.5630090829764,62.50323808626904,4487408.722102948,189.2993975355178,41,0.05,viscosity_110,0.0019941317652004,3.7510441727375175e-09,2.0468823143582087e-09,6.277273822574513e-10,3.894913142875628e-05,609.8662263383405,0.0693056655557596,0.0526966446334088,230.130415733291,109.90640457424496,0.007373047113995266,2.1247621295161867e-06
0.46,2.915429238668277,9.729875260332737,80.08011295375621,92.72541745275724,0.0006218257195481,4.102919254360646,79.8152127760871,2.9768941002566645,2.6500619057154235,0.2028134342418656,0.0619320729914418,2.805972342591225e-08,0.0001546423762138,0.6352532584692231,6.512460455326279,15.30085529628352,1.6855287352087107,24.13409774528773,1357.907198815524,4531.843024808947,37298.57697096336,0.3359142941104815,2216.423640569745,43116.69655355931,1608.1375357969705,1431.5806606621277,109.56113498969088,33.45610824337633,1.5158044917150568e-05,0.0835388164439097,0.0314415326321249,0.1049321267848701,0.8636263405830048,6.92374452497925e-06,0.0456841263247407,0.8887058304214718,0.033146352072847,0.0295072253104703,0.0022582346802005,0.0006895852612958,3.124321660155159e-10,1.7218720165166038e-06,344.83205438870607,344.60048464695257,0.2942366478733281,-0.2942366478733281,3.069480127486112e-05,74.04177553776208,1841.4911860138484,2929.32418649882,1087.8330004849715,244.8942917050792,3238.424263443774,63.52709953667335,4487408.7217782065,192.4257232835525,41,0.05,viscosity_110,0.0019767856475908,3.761775120375691e-09,2.052690075031994e-09,6.323587702139511e-10,3.906432824554589e-05,613.8973993707865,0.0703048796220746,0.0526162296108259,230.15848773701973,110.00587060996524,0.007516981617235277,2.157994308652613e-06
0.47,2.8979563211059407,9.729875260332737,80.13195455187031,92.75978613330898,0.0006100523619008,4.134870659480764,79.87101114185847,2.958445365061152,2.6365592357908203,0.1998442580218489,0.0609427749313715,2.7836516195914053e-08,0.0001563492222551,0.6177803409068867,6.564302053440378,15.30085529628352,1.6855287352087107,24.16846642583949,1349.3338185680805,4530.382201966913,37310.69217203924,0.3291280389946422,2230.7951852052247,43091.03760820058,1596.1045023110555,1422.4444083213748,107.8175462547682,32.879105559984154,1.5018019042590856e-05,0.0843516329628398,0.0312415157678475,0.1048932480972899,0.8638652361348625,6.788735792398191e-06,0.0460133362249297,0.8888141837928609,0.0329219345648741,0.0293399471432611,0.0022238908527638,0.0006781785028675,3.0976808817863683e-10,1.7398728822717768e-06,344.9739087057586,344.7499706484638,0.2881709806834935,-0.2881709806834935,3.073065949342865e-05,74.05051651890186,1776.185765597863,2844.8746590166875,1068.688893418824,249.2704125606302,3247.030841502449,64.53030254989469,4487408.721969687,195.5325956539785,41,0.05,viscosity_110,0.0019600521184176,3.7721646068686896e-09,2.058313031195968e-09,6.368920129149684e-10,3.917630277737963e-05,617.8378562120206,0.0712954618172421,0.0525380600519699,230.18565903303283,110.10226851721193,0.0076602441701872056,2.190956560532411e-06
0.48,2.880851179568001,9.729875260332737,80.18244751084328,92.793173950744,0.0005986795261615,4.16619038259987,79.92531887144808,2.9404029548842843,2.62328192284858,0.1969781293179666,0.0599924478752967,2.7617480800225218e-08,0.0001580345846252,0.6006751993689471,6.614795012413343,15.30085529628352,1.6855287352087107,24.20185424327452,1340.9504858670016,4528.96735878075,37322.54297280082,0.3225847431453635,2244.856213945537,43065.92648034076,1584.3687490480577,1413.4953481801103,106.1371509707298,32.32555573195421,1.4881046638396384e-05,0.0851533143554614,0.0310459385848489,0.1048555065644968,0.8640985548506543,6.658437035546305e-06,0.0463358359997691,0.8889191629177539,0.0327027851775059,0.0291758056631146,0.0021907655333607,0.0006672283238865,3.071580853411308e-10,1.757640415586625e-06,345.11089971642105,344.8944354904089,0.2819807829533099,-0.2819807829533099,3.0765430361079816e-05,74.05897270426401,1712.3154968713843,2762.453068132834,1050.1375712614492,253.61719878227865,3255.3851153097926,65.51238979841625,4487408.721974003,198.61591686334367,41,0.05,viscosity_110,0.0019439158225469,3.78221833648591e-09,2.063754270851402e-09,6.413256992678814e-10,3.9285080424228455e-05,621.6863990111868,0.0722761560355084,0.0524621188205478,230.21194504280015,110.19564511521656,0.007802642267508329,2.223607045276972e-06
0.49,2.864120915110691,9.729875260332737,80.23159326782101,92.82558944326443,0.0005877028966511,4.196862218499308,79.9781406603821,2.9227727126762213,2.610240329157206,0.1942130521712464,0.059079830885595,2.7402820546406306e-08,0.0001596969793996,0.583944934911637,6.663940769391075,15.30085529628352,1.6855287352087107,24.23426973579494,1332.7598839395416,4527.59775409346,37334.12523464397,0.3162806706012521,2258.601079647221,43041.37363563681,1572.9316953308123,1404.7379491245874,104.5185156143652,31.79465106941115,1.47472175280568e-05,0.0859432002553275,0.0308548637535047,0.1048188901216694,0.8643262461248259,6.532786390983734e-06,0.0466514705679965,0.8890208162313826,0.0324889496208227,0.0290149029325574,0.0021588329603365,0.000656719436624,3.046042041994609e-10,1.7751592848158427e-06,345.2431347714148,345.03398824718096,0.2756784538292117,-0.2756784538292117,3.079912831933497e-05,74.06714916855566,1649.8948493267055,2682.0735427091568,1032.1786933824512,257.9289925002085,3263.489644878617,66.47295357694296,4487408.72179358,201.67172388671543,41,0.05,viscosity_110,0.0019283616116125,3.7919421149021905e-09,2.0690169367219332e-09,6.456585816290425e-10,3.939068890863981e-05,625.442020489563,0.0732457623079426,0.0523883870822599,230.2373615410234,110.28604806973152,0.007943988137290713,2.2559056321698326e-06
0.5,2.8477717133050917,9.729875260332737,80.27939463694335,92.85704161058118,0.0005771171214644,4.2268717115706265,80.02948262302318,2.905559604307811,2.597443944454297,0.1915469514106672,0.0582037003186671,2.7192709264826112e-08,0.0001613349982218,0.5675957331060373,6.711742138513411,15.30085529628352,1.6855287352087107,24.265721903111675,1324.7642825699277,4526.272649779866,37345.43543096307,0.3102115671760422,2272.024948022744,43017.38815472521,1561.7942439283172,1396.1761429229405,102.96017528315862,31.285609835107383,1.461660491963616e-05,0.086720668608354,0.0306683441978253,0.1047833862846649,0.8645482695175097,6.411710947272036e-06,0.046960103275084,0.8891191939279928,0.0322804637568492,0.0288573309544545,0.002128066625644,0.0006466370319389,3.021081600158309e-10,1.792414980951994e-06,345.37071890710666,345.1687360687329,0.2692770538748509,-0.2692770538748509,3.083176801609912e-05,74.07505101637213,1588.9367515648387,2603.746470524536,1014.809718959697,262.2003576853162,3271.3471267298096,67.41163874252148,4487408.72210971,204.69623476964136,41,0.05,viscosity_110,0.0019133745895703,3.801341704837515e-09,2.074104148113403e-09,6.498895563887687e-10,3.9493157316691584e-05,629.1038964335647,0.0742031510378063,0.0523168444769705,230.26192439531152,110.3735250494202,0.00808410060189188,2.287814338861208e-06
0.51,2.8318093824071155,9.729875260332737,80.32585521509361,92.88753985783346,0.0005669165855311,4.256205189883798,80.07935158020837,2.8887682652725366,2.5849018051764,0.1889777814598026,0.0573628791853827,2.698730947437312e-08,0.0001629472528775,0.5516334022080615,6.75820271666367,15.30085529628352,1.6855287352087107,24.29622015036396,1316.96578480399,4524.991296333954,37356.47025206058,0.3043730870871667,2285.123324990951,42993.97843436235,1550.957120008621,1387.8135908154077,101.46069492731093,30.79768182387249,1.448927568276448e-05,0.0874851074329405,0.0304864289305246,0.1047489822125178,0.8647645888569576,6.2951353980647785e-06,0.0472616053862028,0.8892143459066018,0.0320773599285103,0.0287031765688123,0.002098440497028,0.0006369668845664,2.9967154164575823e-10,1.809393208430696e-06,345.4937575667324,345.298785499949,0.2627902082947696,-0.2627902082947696,3.0863364386483924e-05,74.08268339159554,1529.4537058280598,2527.4809881674514,998.0272823393916,266.4258905146499,3278.960343999058,68.32811181565057,4487408.7217913335,207.68569597285705,41,0.05,viscosity_110,0.0018989402980299,3.810423016731e-09,2.0790191042616182e-09,6.540176343143336e-10,3.95925164823184e-05,632.6713157163332,0.0751472118668034,0.0522474702936087,230.28564959539625,110.45812441285037,0.008222799340947112,2.319295782473462e-06
0.52,2.816238354454772,9.729875260332737,80.37098110027517,92.91709471506267,0.0005570944577769,4.28485159078987,80.12775697992596,2.87240197063025,2.5726216989126147,0.1865033561521478,0.0565562049325229,2.6786747816770292e-08,0.0001645324871886,0.5360623742557177,6.803328601845228,15.30085529628352,1.6855287352087107,24.325775007593176,1309.3658602994235,4523.752924073122,37367.22733180878,0.2987602659253167,2297.89290279991,42971.15085087608,1540.4202368378867,1379.6531847747376,100.01857225850448,30.330129100173792,1.436527646127896e-05,0.0882359695732226,0.0303091520789686,0.1047156638955418,0.8649751840254895,6.182971347666532e-06,0.0475558753906376,0.8893063261419087,0.0318796549408455,0.0285525121112038,0.0020699270854961,0.0006276949801761,2.9729553388334206e-10,1.8260810888459616e-06,345.6123555850434,345.4242416089696,0.2562318406413267,-0.2562318406413267,3.0893933198415174e-05,74.09005160150474,1471.454831272022,2453.2803650194537,981.8255337474316,270.6005911695714,3286.3323732375634,69.22211833202174,4487408.721950933,210.63666557798905,41,0.05,viscosity_110,0.0018850441677172,3.819192035697664e-09,2.083765044617403e-09,6.580420659305256e-10,3.968880044746579e-05,636.1438345433351,0.0760769443442898,0.0521802406153157,230.3085536389273,110.53989594167328,0.008359916587044392,2.350316036512038e-06
0.53,2.801062662249239,9.729875260332737,80.41477901785316,92.94571694043512,0.0005476437444077,4.312800687504502,80.1747088137219,2.85646364238676,2.560610930441473,0.1841215270670416,0.0557825609963181,2.6591139432906864e-08,0.0001660894767484,0.5208866820501852,6.847126519423216,15.30085529628352,1.6855287352087107,24.354397232965628,1301.9658059713547,4522.556762492254,37377.704535862176,0.29336810617919,2310.330726757036,42948.91109107081,1530.183331214646,1371.697544245182,98.63233946165748,29.882244514657472,1.4244647722608504e-05,0.0889727231389734,0.0301365437209367,0.1046834171666908,0.8651800391123724,6.075129155315829e-06,0.0478428202006755,0.8893951880340424,0.0316873619614339,0.0284054045678335,0.0020424994690954,0.0006188078767035,2.949811955153859e-10,1.842466079251537e-06,345.726617044742,345.54520927622,0.2496162394265987,-0.2496162394265987,3.0923490307666384e-05,74.09716093213049,1414.9486016046849,2381.1465846627825,966.197983058098,274.71955163047187,3293.466340434231,70.09342674940515,4487408.721948666,213.54577232425453,41,0.05,viscosity_110,0.0018716720833002,3.827654800590834e-09,2.0883452377053563e-09,6.619622060726584e-10,3.978204438190349e-05,639.5211130976154,0.076991378795993,0.0521151313072661,230.3306529575047,110.6188895671908,0.008495287392171352,2.380842155971761e-06
0.54,2.786285308650847,9.729875260332737,80.45725779247609,92.97341836145966,0.0005385568228491,4.340044248656182,80.22021921625361,2.8409551925709757,2.548875819105578,0.1818300826783664,0.055040850044057,2.640057632309569e-08,0.0001676170994922,0.5061093284517929,6.889605294046143,15.30085529628352,1.6855287352087107,24.38209865399017,1294.7664451308794,4521.402012663221,37387.900418347686,0.2881913157703782,2322.4347171110094,42927.2632830344,1520.2455530324512,1363.9486956218143,97.30050488728487,29.45333588273877,1.412741702425754e-05,0.089694885291294,0.0299686228360282,0.1046522267526528,0.865379150411319,5.97151266062447e-06,0.0481223671838611,0.8894809876396278,0.0315004827363518,0.028261909567176,0.0020161301365601,0.0006102923943118,2.9272932599222597e-10,1.8585367212695005e-06,345.83664707264086,345.66179292357697,0.2429577682670956,-0.2429577682670956,3.09520524329949e-05,74.1040168267954,1359.94068684153,2311.077399150325,951.1367123087952,278.7781730879825,3300.365626098987,70.9418646593567,4487408.721765022,216.40987546272612,41,0.05,viscosity_110,0.001858809932179,3.835817535547966e-09,2.092763052239713e-09,6.657776323978644e-10,3.987228684524592e-05,642.8030304151062,0.0778896263266396,0.052052115809557,230.35196447166948,110.69515703461413,0.008628756630593763,2.4108437980485288e-06
0.55,2.7719082646839657,9.729875260332737,80.49842800880081,93.00021153381752,0.0005298254331617,4.366576045389358,80.26430211851635,2.8258775254193904,2.5374216895239865,0.1796267516857567,0.0543299980410632,2.6215125394920073e-08,0.000169114342646,0.4917322844849115,6.93077551037088,15.30085529628352,1.6855287352087107,24.40889182634802,1287.7681327520318,4520.28786650248,37397.81422318688,0.2832243065778015,2334.203673830002,42906.21002244247,1510.6054796852643,1356.408079963873,96.02155541199468,29.042728148644564,1.401359815348877e-05,0.0904020257058178,0.0298053974175749,0.1046220766583383,0.8655725259240867,5.872019120610964e-06,0.0483944643372794,0.8895637831688804,0.0313190077772329,0.0281220714321393,0.0019907910312604,0.0006021356608271,2.905404458400185e-10,1.8742827192365423e-06,345.94254975411394,345.774096800048,0.2362707858764077,-0.2362707858764077,3.097963678027932e-05,74.11062479146385,1306.434025601633,2243.0663797285147,936.6323541268816,282.7722104699291,3307.033797502084,71.76731889602527,4487408.722049815,219.22609960448884,41,0.05,viscosity_110,0.0018464436854,3.843686492270272e-09,2.0970218717472728e-09,6.694881154272652e-10,3.995956862672627e-05,645.9896666652571,0.0787708889678067,0.0519911654850753,230.37250529668432,110.76875088682984,0.0087601803719151,2.440293529082363e-06
0.56,2.757933094122472,9.729875260332737,80.53830111686383,93.02610947131905,0.000521441386449,4.392390714575629,80.30697222796441,2.811231175649524,2.526253370107583,0.1775093139165259,0.0536489687119245,2.603484620312156e-08,0.0001705802364122,0.4777571139234177,6.970648618433907,15.30085529628352,1.6855287352087107,24.434789763849555,1280.9710447240354,4519.213502250934,37407.44543144696,0.2784615830102831,2345.636735721239,42885.75321120041,1501.261510349364,1349.0768680937892,94.79401872734005,28.649771848998142,1.390320115654708e-05,0.0910937334396959,0.0296468712901808,0.1045929504698093,0.8657601782400097,5.776547120432058e-06,0.048659068101361,0.8896436324955148,0.0311429237774025,0.0279859290225355,0.0019664547978001,0.0005943252756314,2.8841499691781144e-10,1.88969421886483e-06,346.044429827558,345.88222513309483,0.2295696553888156,-0.2295696553888156,3.100626089470176e-05,74.11699035712562,1254.430441487741,2177.1057988935777,922.6753574058368,286.69755035958013,3313.4745103124837,72.56969967574082,4487408.72175163,221.99166047067752,41,0.05,viscosity_110,0.0018345596667751,3.851268067354213e-09,2.101125158208297e-09,6.73093558915386e-10,4.004393239580828e-05,649.0812116313365,0.0796344023363318,0.0519322512137929,230.3922926256032,110.83972450211498,0.008889419044321037,2.469165055033951e-06
0.5700000000000001,2.744359944339425,9.729875260332737,80.57689122603516,93.05112643070731,0.0005133956708147,4.417485611106827,80.34824701854977,2.797015268212637,2.5153743810132703,0.1754754362218442,0.0529967314334928,2.5859767510774383e-08,0.0001720139703048,0.4641839641403715,7.00923872760523,15.30085529628352,1.6855287352087107,24.45980672323783,1274.3747057608443,4518.1780719222825,37416.79449122652,0.2738972479530725,2356.7342315808296,42865.892696973264,1492.211228097094,1341.955454041672,93.61636997884456,28.273824099658867,1.3796219089006556e-05,0.0917696734785779,0.0294930330196816,0.1045648304706801,0.8659421365096382,5.684986542450724e-06,0.0489161628705574,0.8897205975365701,0.0309722014865928,0.0278535062101184,0.0019430929206488,0.0005868489395618,2.8635307745458567e-10,1.9047630548671985e-06,346.1423921393357,345.9862821368825,0.2228683653916059,-0.2228683653916059,3.1031943284924375e-05,74.12311922126715,1203.9275538593197,2113.181982664544,909.2544288052248,290.55059367628024,3319.6917296555293,73.34899853711747,4487408.721887606,224.704153759765,41,0.05,viscosity_110,0.0018231439995318,3.8585687639262075e-09,2.105076431118444e-09,6.765941360634418e-10,4.012542444588259e-05,652.0781234910663,0.0804795267615548,0.0518753404522437,230.41134416903407,110.90813310099529,0.009016349544363434,2.497436110062122e-06
0.58,2.7311885712307,9.729875260332737,80.61421307674927,93.0752769083127,0.0005056793988189,4.441858930165184,80.38814449966652,2.7832285749447063,2.504787755222845,0.1735228425901026,0.0523722940189332,2.5689910679847577e-08,0.0001734147838021,0.4510125910316455,7.046560578319331,15.30085529628352,1.6855287352087107,24.483957200843204,1267.978472710953,4517.180725718068,37425.86207798602,0.2695255259825502,2367.496811792394,42846.627684726845,1483.4520594345029,1335.0439799955975,92.48712826409908,27.914267667088527,1.3692641433686572e-05,0.0924295332706741,0.0293438672647856,0.1045376987695402,0.8661184339656741,5.597229190345859e-06,0.0491657412213827,0.8897947395170315,0.0308068081465614,0.0277248216397532,0.0019206776507119,0.0005796948294369,2.8435470832002606e-10,1.919481577066492e-06,346.2365409265358,346.0863720601811,0.2161807331870929,-0.2161807331870929,3.105670256085181e-05,74.12901704449034,1154.9218706734316,2051.280072322783,896.3582016493513,294.3279128687622,3325.68946255348,74.10522949533014,4487408.721885523,227.3612945218365,41,0.05,viscosity_110,0.0018121831956439,3.86559512886785e-09,2.1088792336858808e-09,6.799901337143902e-10,4.020409218968244e-05,654.9809533996673,0.0813056630244576,0.0518204004197277,230.4296775229297,110.97403209243558,0.009140854445321455,2.525085793063427e-06
0.59,2.71841775368025,9.729875260332737,80.65028337921633,93.09857639322932,0.0004982833767676,4.465510785753153,80.42668466987487,2.769868906058424,2.4944955685211583,0.1716492225359721,0.0517746792463513,2.552527885401679e-08,0.0001747820338694,0.4382417734811958,7.082630880786388,15.30085529628352,1.6855287352087107,24.507256685759813,1261.7812558927255,4516.220587892121,37434.64951719173,0.2653405220992906,2377.9259324644227,42827.95593032663,1474.9808963079909,1328.3420386596604,91.40480387100956,27.570497157395533,1.3592447859268822e-05,0.0930730549779441,0.0291993482499475,0.1045115364518114,0.866289115298241,5.5131639194942e-06,0.0494078150987685,0.8898661218900029,0.0306467003046956,0.0275998831326087,0.0018991809572965,0.0005728513269216,2.824197092944793e-10,1.9338433667115835e-06,346.3269813386411,346.1825991564948,0.2095200948568514,-0.2095200948568514,3.108055812408276e-05,74.13468960990208,1107.4067985270249,1991.3813032191445,883.9745046921196,298.0264596477617,3331.4719429146808,74.83846266043861,4487408.721716518,229.96106947425008,41,0.05,viscosity_110,0.0018016637548371,3.872353865096913e-09,2.112537193524842e-09,6.832820612234391e-10,4.027998618537504e-05,657.7904508494297,0.0821122994398767,0.0517673960878799,230.44731066404867,111.037478556571,0.009262828701596863,2.552096095443176e-06
0.6,2.7060453323757763,9.729875260332737,80.6851204152056,93.12104100791412,0.0004911980981185,4.488443138421912,80.46388910867834,2.756933153598189,2.4844989683126357,0.1698522364750222,0.0512029294899972,2.536585571675916e-08,0.0001761151963925,0.4258693521767223,7.11746791677565,15.30085529628352,1.6855287352087107,24.5297213004446,1255.7815427054368,4515.296775913495,37443.15875869834,0.2613362197083053,2388.023827176369,42809.87382327824,1466.7941327735512,1321.8487016439458,90.36790158472564,27.24192150205899,1.349560771524802e-05,0.0937000363696269,0.0290594403057177,0.1044863239824157,0.8664542357118665,5.432676581226217e-06,0.0496424151837494,0.8899348097426457,0.030491824453163,0.027478688156432,0.0018785745932265,0.0005663070703977,2.805476870595206e-10,1.947843256527904e-06,346.41381741106096,346.27506762450975,0.2028992590452919,-0.2028992590452919,3.110352977939903e-05,74.14014272929602,1061.3728723865456,1933.463220754224,872.0903483676781,301.6435886560425,3337.043557686248,75.54882200879646,4487408.721966384,232.5017568557508,41,0.05,viscosity_110,0.0017915722566441,3.87885167733856e-09,2.1160539391653422e-09,6.864706133181717e-10,4.03531589154783e-05,660.5075393231066,0.0828990172895911,0.051716290622074,230.4642616583224,111.09853019538065,0.00938218034252801,2.578452052949712e-06
0.61,2.694068790299593,9.729875260332737,80.71874320041525,93.14268725104758,0.0004844143204475,4.510658729294611,80.49978003242825,2.7444178840326594,2.474798647005465,0.1681296095102347,0.050656119463443,2.521162103757249e-08,0.000177413801694,0.4138928101005393,7.151090701985312,15.30085529628352,1.6855287352087107,24.55136754357808,1249.9776659787703,4514.408396684928,37451.39195765472,0.257506794411907,2397.793007014458,42792.37716974076,1458.888026248,1315.56281370161,89.3749729584966,26.927971345535017,1.3402088751866983e-05,0.0943102989120355,0.0289241041869263,0.1044620414924017,0.8666138543206718,5.355656441574856e-06,0.0498695795305443,0.8900008675997313,0.0303421238773738,0.0273612293360581,0.0018588311455389,0.0005600510989413,2.7873821006711035e-10,1.9614766322132343e-06,346.4971535849315,346.363881625762,0.1963305937183266,-0.1963305937183266,3.1125637591792254e-05,74.14538221294872,1016.8093663811848,1877.5023310120544,860.6929646308695,305.1768380926529,3342.408757005875,76.2364520543189,4487408.721707605,234.981756326854,41,0.05,viscosity_110,0.0017818955991982,3.885095377939234e-09,2.119433157444512e-09,6.89556611129696e-10,4.042366442554093e-05,663.1332313566888,0.0836654357070432,0.0516670468483575,230.4805485669665,111.15724534094468,0.009498823663880974,2.604140030776822e-06
0.62,2.6824844146280387,9.729875260332737,80.75117289180055,93.16353256676132,0.0004779223341905,4.53216262176351,80.53438185928024,2.73231847619888,2.465394162370345,0.1664789984902258,0.0501333314332804,2.506253093173076e-08,0.0001786775342798,0.4023084344289843,7.183520393370625,15.30085529628352,1.6855287352087107,24.57221285929184,1244.367413425454,4513.554540942759,37459.35208215363,0.2538462113947421,2407.236968550468,42775.46006846167,1451.2581729029214,1309.482572670158,88.42454101900506,26.628084394691665,1.3311846025689672e-05,0.0949037362213051,0.0287932878962673,0.1044386681383112,0.8667680439654215,5.281987991639946e-06,0.0500893698237746,0.8900643628954643,0.0301975286529776,0.0272474865238379,0.0018399225312934,0.0005540725671671,2.7699058602420083e-10,1.974740502639156e-06,346.57709369185625,346.449144962742,0.1898256613611384,-0.1898256613611384,3.114690230843167e-05,74.15041396271702,973.701733684892,1823.470258811387,849.7685251264952,308.6242616982798,3347.57221885446,76.90156596780996,4487408.721823234,237.39983979712625,41,0.05,viscosity_110,0.0017726205704745,3.8910918126444435e-09,2.1226785531779302e-09,6.925411071137197e-10,4.049155946079343e-05,665.6687551253955,0.0844112900769551,0.051619624914152,230.4961897358733,111.21368350427863,0.009612689729128172,2.629150205755608e-06
0.63,2.6712881765248766,9.729875260332737,80.78243111384133,93.18359455069894,0.0004717127074154,4.552960579110599,80.56771937443884,2.720630025753893,2.456284655468243,0.1648981276289624,0.0496336807202538,2.4918537593176433e-08,0.0001799061347172,0.3911121963258226,7.214778615411393,15.30085529628352,1.6855287352087107,24.592274843229443,1238.948440525469,4512.734300340031,37467.0422794116,0.2503486332767946,2416.359450201678,42759.11611992304,1443.9000643658244,1303.605980437786,87.51517657432517,26.34172015609818,1.322483310633887e-05,0.0954802663497059,0.0286669363787151,0.1044161829906544,0.8669168806306303,5.211559266942719e-06,0.0503018543386249,0.8901253621571912,0.0300579662149184,0.027137435259257,0.0018218215274607,0.0005483610355281,2.7530408545473667e-10,1.9876324483657283e-06,346.6537407845853,346.5309612811323,0.1833954828622809,-0.1833954828622809,3.116734469904325e-05,74.15524382345528,932.0343223204404,1771.3377881181948,839.3034657977544,311.9841134360158,3352.53863706853,77.54439506385324,4487408.721824381,239.75491306071652,41,0.05,viscosity_110,0.001763734313099,3.8968478392647875e-09,2.1257938377622776e-09,6.954252543382066e-10,4.0556901545634814e-05,668.1154077297792,0.0851363559942589,0.0515739849105231,230.51120333374317,111.2679041829688,0.009723716404085715,2.653474153693524e-06
0.64,2.660475281571858,9.729875260332737,80.81254093618342,93.20289147808802,0.0004657759455465,4.573059892767177,80.59981879488804,2.709346879002245,2.447468488563312,0.1633847183602692,0.0491562987027263,2.4779580606968043e-08,0.0001810994527908,0.3802993013728042,7.244888437753485,15.30085529628352,1.6855287352087107,24.61157177061852,1233.7180574359174,4511.94675192748,37474.46620189767,0.2470082300796956,2425.1648050123254,42743.33781214814,1436.8087997094492,1297.9306151726018,86.6454579505655,26.068349935034263,1.314099709606501e-05,0.096039857210249,0.0285449865275621,0.1043945644392398,0.867060449033198,5.144258006810826e-06,0.0505071165523321,0.8901839331710493,0.0299233558727044,0.0270310424767316,0.0018045009701586,0.0005429062741528,2.7367784266580627e-10,2.0001511863284418e-06,346.7271979388323,346.60943370399247,0.1770502856386326,-0.1770502856386326,3.118698602601863e-05,74.15987769116285,891.7888739237686,1721.072779270083,829.2839053463143,315.25501305152494,3357.312851797493,78.16521461272447,4487408.721684045,242.0461377809685,41,0.05,viscosity_110,0.0017552240333752,3.902370386609547e-09,2.128782761003665e-09,6.982103843294165e-10,4.0619750336885085e-05,670.4746328225795,0.0858404867256238,0.0515300853915315,230.52560768826055,111.3199678104122,0.009831853686670229,2.677106059978667e-06
0.65,2.650040230787728,9.729875260332737,80.8415264797282,93.22144197084867,0.0004601024832944,4.592469265540252,80.63070736609534,2.698462698031168,2.4389432967613165,0.1619364946153178,0.0487003369278106,2.464558623478818e-08,0.0001822574444989,0.369864250588674,7.273873981298266,15.30085529628352,1.6855287352087107,24.630122263379167,1228.6732617954406,4511.190975173305,37481.62796715157,0.243819175226901,2433.6579549872463,42728.116630011406,1429.979131395962,1292.453669851125,85.81397403798553,25.80745902084617,1.3060278366078648e-05,0.0965825254376205,0.0284273679398396,0.104373790563928,0.8671988414962322,5.079971571019655e-06,0.0507052540614,0.8902401444089608,0.0297936096612691,0.0269282672029125,0.0017879338165404,0.0005376983086918,2.7211084914687416e-10,2.012296543222258e-06,346.79756649413684,346.6846646358479,0.1707995053115909,-0.1707995053115909,3.1205847690849376e-05,74.16432143037724,852.9448306528641,1672.6404622832576,819.6956316303936,318.43595109187487,3361.899780308809,78.76434033700092,4487408.721893151,244.27293802136435,41,0.05,viscosity_110,0.001747077085976,3.907666319440445e-09,2.1316490380094007e-09,7.008979686120915e-10,4.068016649553994e-05,672.7479947676231,0.0865236147819271,0.0514878838192646,230.539421029311,111.36993480584688,0.00993706378906381,2.700042744546541e-06
0.66,2.639977266247909,9.729875260332737,80.8694123516283,93.23926487820894,0.0004546830989421,4.6111979879472615,80.66041272254498,2.687970913683792,2.430706358701683,0.1605512495157939,0.0482649749314953,2.4516479514652345e-08,0.0001833801198041,0.3598012860488556,7.301759853198357,15.30085529628352,1.6855287352087107,24.64794517073944,1223.810943002188,4510.466044491793,37488.53183525303,0.2407758684852758,2441.8440071527484,42713.44365083168,1423.40573623939,1287.1721775247413,85.01936101979204,25.558551183423525,1.2982617258207746e-05,0.0971083106266884,0.0283140077272842,0.1043538392654864,0.8673321530072293,5.018591526026368e-06,0.0508963698034566,0.8902940635289515,0.0296686375213933,0.026829064819914,0.0017720938873415,0.000532727507925,2.706020888537236e-10,2.024068889809186e-06,346.8649477583937,346.756756156307,0.164651899909985,-0.164651899909985,3.122395121740548e-05,74.16858087715809,815.4805862471304,1626.0054437509473,810.5248575038169,321.52610481948784,3366.304366807353,79.34210282642317,4487408.721685349,246.43485791727144,41,0.05,viscosity_110,0.0017392811246218,3.912742559688779e-09,2.134396414895646e-09,7.034895800304427e-10,4.0738211699646415e-05,674.9371181183218,0.0871857064182374,0.0514473375821257,230.55266149825653,111.41786586058932,0.010039315412006089,2.7222822440580803e-06
0.67,2.630279800974677,9.729875260332737,80.8962244504359,93.2563795117433,0.0004495083928518,4.629256986681216,80.68896379812264,2.6778641413779414,2.4227541322735786,0.1592267547327818,0.0478494055754658,2.439216965875805e-08,0.0001844676128188,0.3501038207756233,7.328571952005954,15.30085529628352,1.6855287352087107,24.66505980427381,1219.1276189667767,4509.771034464707,37495.18262700271,0.2378726503379052,2449.728739281042,42699.30879356483,1417.0828635993892,1282.082727988157,84.2602513218846,25.321139943835497,1.2907945961608269e-05,0.0976173096220533,0.0282048243213587,0.104334687999629,0.8674604876790123,4.96000782027762e-06,0.0510805831907636,0.8903457595300596,0.0295483405740417,0.0267333816982775,0.0017569548449618,0.0005279844150277,2.6915037446444813e-10,2.035469897157367e-06,346.9294412399806,346.8258088976353,0.1586152946227426,-0.1586152946227426,3.124131835981772e-05,74.17266185867597,779.3718056373102,1581.1291047897816,801.7572991524714,324.5250800446338,3370.531660590452,79.89888027060263,4487408.721781333,248.53174640523991,41,0.05,viscosity_110,0.0017318238511177,3.917605954590611e-09,2.137028597284724e-09,7.059869462260233e-10,4.079394881363926e-05,677.043764234092,0.0878268191326491,0.0514084025761613,230.56534720882752,111.4638217533174,0.010138591341419732,2.7438256170532203e-06
0.68,2.620941040505936,9.729875260332737,80.9219889092206,93.27280521005927,0.0004445692954295,4.646657672791519,80.7163896641798,2.6681348169900585,2.4150827705511584,0.1579608507161309,0.047452849943215,2.4272564605932912e-08,0.0001855201089032,0.3407650603068816,7.3543364107906655,15.30085529628352,1.6855287352087107,24.681485502589776,1214.619725155532,4509.105024438718,37501.58527373174,0.2351040772751893,2457.3180734845405,42685.70166242779,1411.0047199461956,1277.1817850466275,83.5353238179372,25.094757138362564,1.2836196659210237e-05,0.0981096411022834,0.0280997342644871,0.1043163142613768,0.8675839514741359,4.9041144303369965e-06,0.0512580179968456,0.8903953003194615,0.0294326184750178,0.0266411612031694,0.0017424912052839,0.000523459916282,2.677545110942219e-10,2.046501754717408e-06,346.9911454304644,346.8919230029186,0.152696818569865,-0.152696818569865,3.125797078810954e-05,74.17657012905119,744.5933267090448,1537.972418182505,793.3790914734601,327.4326674613891,3374.586696532744,80.43506277181174,4487408.721785729,250.56357263921848,41,0.05,viscosity_110,0.0017246932929451,3.9222633280829885e-09,2.139549278243789e-09,7.083918691373488e-10,4.084744101776473e-05,679.0697352087814,0.0884470434287841,0.0513710348832672,230.57749604767824,111.50786297839376,0.010234880754580886,2.7646750997915895e-06
0.6900000000000001,2.6119537061029345,9.729875260332737,80.94673263503533,93.288561601471,0.0004398568375031,4.663412450150478,80.74272012334376,2.658774910572673,2.4076878996095843,0.1567514020692151,0.0470745475866332,2.415756504097392e-08,0.000186537878172,0.3317777259038804,7.379080136605396,15.30085529628352,1.6855287352087107,24.697241894001504,1210.2834843059509,4508.467092821322,37507.74502159264,0.2324647939942072,2464.618307829633,42672.61117629342,1405.165292807,1272.465547568322,82.8432782747504,24.87894713474673,1.2767298133933714e-05,0.0985854617323619,0.0279986491512347,0.1042986952880546,0.8677026555607107,4.850806774225054e-06,0.0514288076834421,0.890442753981035,0.029321366062097,0.026552341075209,0.0017286778292294,0.0005191451282718,2.6641322848301836e-10,2.0571675280144253e-06,347.05015781007955,346.9551972517011,0.1469027557598296,-0.1469027557598296,3.1273930301133705e-05,74.18031141769573,711.1182728156862,1496.494665564128,785.3763927484417,330.2489501957536,3378.4745606167457,80.95106823694101,4487408.721679048,252.53050650695172,41,0.05,viscosity_110,0.0017178776386854,3.926721479993965e-09,2.1419621377892936e-09,7.107062642852828e-10,4.089875236582657e-05,681.0169172382783,0.0890465275270421,0.0513351899326401,230.589125824657,111.55005007227923,0.010328182650444573,2.7848348954386987e-06
0.7000000000000001,2.603310098483737,9.729875260332737,80.97048296981389,93.30366832863037,0.0004353621394317,4.679534591830197,80.76798536344279,2.649775993212457,2.4005646752900818,0.1555963014090723,0.0467137596451577,2.404706400057728e-08,0.0001875212700513,0.3231341182846832,7.402830471383945,15.30085529628352,1.6855287352087107,24.712348621160857,1206.1149392339332,4507.856330755626,37513.667389743496,0.2299495271894919,2471.6360689117846,42660.02567566191,1399.558394288734,1267.9299876447565,82.18283746066335,24.673268460291617,1.270117563379551e-05,0.0990449639065005,0.0279014763847704,0.1042818083643031,0.8678167152509264,4.799981589894497e-06,0.051593094244196,0.8904881883008325,0.0292144741877739,0.0264668541499314,0.0017154899670283,0.0005150314324166,2.651251775003474e-10,2.0674711060884164e-06,347.1065734622039,347.0157288628071,0.1412385848803975,-0.1412385848803975,3.128921853840346e-05,74.18389136368117,678.9183573680842,1456.6537247411352,777.735367373051,332.9742970620487,3382.200332737154,81.44733871825851,4487408.721844868,254.43291663782864,41,0.05,viscosity_110,0.0017113653049691,3.930987078746337e-09,2.1442707847996715e-09,7.129321263416703e-10,4.094794685420319e-05,682.8872576336187,0.0896254766576195,0.051300822881883,230.6002540687895,111.59044284392624,0.010418505548445717,2.8043111257488347e-06
0.71,2.595002372289415,9.729875260332737,80.993267471476,93.31814510409816,0.0004310766685163,4.695037730142012,80.79221569797262,2.641129513453491,2.393708016737231,0.1544935077888703,0.0463697710948028,2.39409551401232e-08,0.0001884706787386,0.3148263920903608,7.425614973046074,15.30085529628352,1.6855287352087107,24.726825396628666,1202.1100762615035,4507.271829926878,37519.357969182514,0.2275532220301873,2478.3780730334133,42647.933279033474,1394.1778214392646,1263.5709876918093,81.5527678663344,24.47729508011044,1.263775536580474e-05,0.0994883586551178,0.0278081220902391,0.104265630756793,0.8679262471529678,4.7515397643652855e-06,0.0517510227281556,0.8905316700654861,0.0291118328189878,0.0263846309867652,0.0017029036809662,0.0005111104991597,2.638890217295005e-10,2.0774168259349704e-06,347.1604870183297,347.07361439711144,0.1357090710562191,-0.1357090710562191,3.130385712198727e-05,74.18731555661745,647.9646170683623,1418.4072813853286,770.4426643169663,335.6092328562364,3385.7690848902103,81.92432465500484,4487408.72168896,256.27126933464064,41,0.05,viscosity_110,0.0017051449862898,3.9350668024939205e-09,2.146478833481909e-09,7.150715184781542e-10,4.099508892053271e-05,684.6827350155697,0.0901841210972259,0.0512678890847521,230.61089815535024,111.6291010143791,0.01050586347415138,2.8231108414995575e-06
0.72,2.5870222461698344,9.729875260332737,81.01511411145742,93.33201161796,0.0004269919216484,4.709936386633043,80.81544181769482,2.6328265027943747,2.3871123709053177,0.1534409975381669,0.0460418858046979,2.3839123439123293e-08,0.0001893865806175,0.3068462659707804,7.447461613027473,15.30085529628352,1.6855287352087107,24.740691910490483,1198.264694506207,4506.712697839209,37524.822643051215,0.2252708696378069,2484.851379996689,42636.321521381695,1389.0171823397432,1259.3842001529752,80.95185225067218,24.29061330937407,1.2576959413662702e-05,0.0999158943072009,0.0277184880227312,0.1042501398144128,0.8680313721628559,4.705382803435947e-06,0.0519027469966681,0.8905732659133196,0.0290133277061828,0.0263055972032533,0.0016908952946247,0.0005073742305634,2.6270333416703926e-10,2.0870098811219027e-06,347.2119902466678,347.12894784611785,0.1303181614389734,-0.1303181614389734,3.1317867461987894e-05,74.19058948647212,618.2266616334873,1381.711510918175,763.4848492846877,338.1545791817844,3389.185874375268,82.382501518742,4487408.721765402,258.04623953580136,41,0.05,viscosity_110,0.0016992055765808,3.938967157503451e-09,2.1485898049682083e-09,7.171265733256923e-10,4.104024267716607e-05,686.4053851138275,0.0907227508179669,0.0512363436004989,230.62107514987576,111.66608333834132,0.010590280292479413,2.841243085904041e-06
0.73,2.579361340229956,9.729875260332737,81.03605087114437,93.34528747170704,0.0004230997148904,4.724245344394429,80.83769433585101,2.624857917483296,2.380771998455009,0.1524368108422376,0.0457294312178175,2.3741454357397343e-08,0.0001902694918683,0.299185360030901,7.468398372714434,15.30085529628352,1.6855287352087107,24.75396776423756,1194.5745596571464,4506.178050103953,37530.0673371809,0.2230976615668255,2491.0631038245056,42625.1777963268,1384.0700967791115,1255.3652174324188,80.3789150375823,24.112824496033397,1.2518710750494906e-05,0.1003278357545603,0.0276324751906919,0.1042353130390418,0.8681322117702662,4.661416025589006e-06,0.052048423059974,0.8906130412929619,0.0289188442601948,0.0262296767317468,0.0016794419091811,0.0005038148124845,2.615666990959966e-10,2.0962558644250337e-06,347.26117372194125,347.1818224102071,0.1250691303901542,-0.1250691303901542,3.133127079114998e-05,74.19371856121015,589.6736407731358,1346.5225785932075,756.8489378200717,340.6113017198642,3392.455718740777,82.82235043896233,4487408.721771545,259.75859337314006,41,0.05,viscosity_110,0.0016935362625029,3.942694598316159e-09,2.150607192444441e-09,7.190994679566565e-10,4.108347211975107e-05,688.0572589795504,0.0912416787196696,0.0512061418859086,230.63080186299808,111.7014480536473,0.010671784928711155,2.858717743405075e-06
0.74,2.57201106291326,9.729875260332737,81.05610588219285,93.35799220543883,0.0004193920577499,4.737979852755883,80.8590039531577,2.61721452212622,2.374680885450631,0.1514790304687792,0.045431754936097,2.364783051517877e-08,0.0001911199824455,0.2918350827142062,7.488453383762921,15.30085529628352,1.6855287352087107,24.76667249796936,1191.035351785828,4505.667013110139,37535.09810896279,0.2210289200730169,2497.020510595418,42614.48921525283,1379.3301249637195,1251.509517002294,79.83281013439517,23.94354290928303,1.2462931389026322e-05,0.1007244713954828,0.0275499826223064,0.1042211280521293,0.8682288893255642,4.619547148916332e-06,0.0521882112833743,0.8906510609191518,0.0288282662019323,0.0261567907909956,0.0016685211615045,0.000500424674495,2.604776748051663e-10,2.105160919699536e-06,347.30812618285995,347.23232918639684,0.1199645399825484,-0.1199645399825484,3.134408815279955e-05,74.19670810299671,562.2739319431604,1312.796108829372,750.5221768862117,342.9805599226401,3395.5836034410177,83.2443646976466,4487408.72169582,261.4092272872056,41,0.05,viscosity_110,0.0016881264708038,3.9462554779842495e-09,2.1525344341717852e-09,7.209924278995561e-10,4.11248409877303e-05,689.6404347986331,0.0917412527739136,0.0511772395425332,230.6400948386409,111.73525267120588,0.01075041290491178,2.875545914193814e-06
0.75,2.5649626637353564,9.729875260332737,81.07530716744967,93.37014509151776,0.0004158611390076,4.751155523798474,80.87940119470318,2.60988694445609,2.3688327920781718,0.1505657837707089,0.0451482267474775,2.3558131404469363e-08,0.0001919386703862,0.2847866835363023,7.507654669019735,15.30085529628352,1.6855287352087107,24.778825384048265,1187.642691941346,4505.17873410548,37539.92111296327,0.2190600898519847,2502.7309799317177,42604.24269304468,1374.7908013727742,1247.812492206613,79.31242193044173,23.782396767251488,1.240954226817868e-05,0.1011061107590121,0.0274709079783616,0.1042075628220979,0.8683215291995404,4.57968612997234e-06,0.0523222754249296,0.8906873884291179,0.0287414762265213,0.0260868584835608,0.0016581112465295,0.0004971965120897,2.5943479089816733e-10,2.113731686184186e-06,347.3529335260407,347.2805570360581,0.1150062978380485,-0.1150062978380485,3.135634018737034e-05,74.19956330052423,535.9953904398359,1280.4874125114368,744.4920220716009,345.26369625287583,3398.574439436421,83.64904670157833,4487408.721820449,262.9991628752218,41,0.05,viscosity_110,0.0016829659146563,3.9496559695225925e-09,2.1543748709613603e-09,7.228076998582112e-10,4.1164412067693526e-05,691.1570001548698,0.0922218546153325,0.0511495926012034,230.6489702058285,111.76755340792536,0.010826205914054077,2.8917398460285756e-06
0.76,2.558207346387813,9.729875260332737,81.09368273652281,93.38176534324336,0.0004124994571324,4.763788121093523,80.8989164932074,2.602865785946416,2.3632213532927957,0.1496952573552027,0.0448782362826841,2.3472238228568026e-08,0.0001927262052873,0.2780313661887593,7.526030238092864,15.30085529628352,1.6855287352087107,24.790445635773853,1184.3921898044764,4504.71236523566,37544.54251381837,0.2171868052611317,2508.201902018522,42594.42507970367,1370.4456934392626,1244.269506230503,78.8166727145043,23.62902688829622,1.2358465799274866e-05,0.1014730761282187,0.0273951486886611,0.1041945954284397,0.8684102558828991,4.541746577234277e-06,0.0524507802847809,0.8907220863735723,0.0286583571685196,0.0260197978614988,0.001648191072656,0.0004941232588428,2.584366010459867e-10,2.1219751155354754e-06,347.3956808966951,347.3265939090215,0.1101956951165446,-0.1101956951165446,3.136804740881608e-05,74.20228928026783,510.8055729302963,1249.5519619613642,738.7463890310679,347.4621636781367,3401.433103373134,84.03690148851612,4487408.72170972,264.5294886305701,41,0.05,viscosity_110,0.0016780445579365,3.952902219923782e-09,2.1561318295908766e-09,7.245475674406452e-10,4.120224811021711e-05,692.6090503436068,0.0926838812308129,0.0511231574953648,230.65744390018327,111.79840611567928,0.010899209623025603,2.9073123804812177e-06
0.77,2.5517362136798365,9.729875260332737,81.11126029782668,93.39287177183924,0.0004092996684804,4.775893653844166,80.91757991416651,2.596141569470136,2.3578400370184323,0.1488656814213185,0.0446211955716065,2.3390029109313872e-08,0.0001934832772004,0.2715602334807823,7.543607799396748,15.30085529628352,1.6855287352087107,24.80155206436976,1181.2794235823717,4504.267085851818,37548.9685403188,0.2154048090058177,2513.440736850973,42585.02312335959,1366.2883749696184,1240.8758715241074,78.34451416275814,23.483087942378543,1.2309623341834531e-05,0.1018257076188218,0.0273226014498599,0.1041822044417161,0.8684951941084239,4.505644076408457e-06,0.0525738929398295,0.8907552160281628,0.0285787914938395,0.0259555255330431,0.001638740090278,0.000491198114711,2.5748163074417743e-10,2.129898577828191e-06,347.43644990265364,347.37052439055043,0.1055334459118787,-0.1055334459118787,3.137922978493413e-05,74.20489100511317,486.6717670704441,1219.9451419879713,733.2733749175272,349.57757758340085,3404.1643652334737,84.40843988835331,4487408.721767518,266.0014058877824,41,0.05,viscosity_110,0.0016733526715556,3.956000139113449e-09,2.1578085085010397e-09,7.262143102849593e-10,4.123841036869499e-05,693.9986730897626,0.0931277596885287,0.0510978913162939,230.66553134881025,111.82786490707826,0.010969475134650172,2.9222773706224674e-06
0.78,2.545540358432073,9.729875260332737,81.1280673977801,93.40348301654493,0.0004062547068661,4.78748820729632,80.93542128629203,2.5897048268855207,2.352682226150894,0.148075341705019,0.0443765358692951,2.3311383662543036e-08,0.0001942106024002,0.2653643782330189,7.560414899350166,15.30085529628352,1.6855287352087107,24.81216330907541,1178.2999771281882,4503.842085525558,37553.205409848255,0.2137100134701889,2518.4549298197985,42576.02356593926,1362.3124706830815,1237.6268920556329,77.89493324148765,23.344246646503365,1.2262937591444693e-05,0.1021643558918147,0.0272531631179232,0.1041703686639741,0.8685764682181025,4.471297483690843e-06,0.0526917808278687,0.8907868374754538,0.0285026621975091,0.0258939575097092,0.0016297384167425,0.0004884145089613,2.565684270238141e-10,2.1375097030055104e-06,347.4753208875575,347.4124320814286,0.1010197157479208,-0.1010197157479208,3.138990704521677e-05,74.20737335404208,463.56113342029096,1191.622624071799,728.061490651508,351.61164941367406,3406.772938849998,84.76417330447369,4487408.721773769,267.4161747087048,41,0.05,viscosity_110,0.0016688807818258,3.958955567827044e-09,2.1594080687238084e-09,7.278102261215968e-10,4.1272959659725865e-05,695.3279523829042,0.0935539301942791,0.0510737516915014,230.67324771799997,111.85598323067522,0.011037056991110576,2.9366491725131195e-06
0.79,2.539610878262029,9.729875260332737,81.14413126060907,93.41361739920384,0.0004033577386682,4.798587909727134,80.95247004343199,2.5835461151013472,2.3477412355042526,0.1473225761267291,0.044143708892375,2.3236181795571985e-08,0.0001949089217969,0.2594348980629749,7.576478762179138,15.30085529628352,1.6855287352087107,24.82229769173434,1175.4494485577038,4503.436572582411,37557.25932677147,0.2120984759620624,2523.2519048311647,42567.41318082735,1358.5116660953954,1234.5178740038202,77.4669502423561,23.212182342895037,1.2218331950912244e-05,0.102489381760803,0.0271867308960853,0.1041590672883594,0.8686542018155552,4.438628423631719e-06,0.0528046115087114,0.8908170094474944,0.0284298530086791,0.0258350094227686,0.0016211667984794,0.0004857661133789,2.556955453861306e-10,2.144816368625448e-06,347.5123718647285,347.4523980181569,0.0966541728175142,-0.0966541728175142,3.140009850665958e-05,74.20974108096522,441.44083959119655,1164.540420862806,723.0995812716095,353.5661898067089,3409.2634470459307,85.10461286485064,4487408.721722519,268.7751195687031,41,0.05,viscosity_110,0.0016646197007527,3.961774195693626e-09,2.16093358951353e-09,7.2933760840713e-10,4.130595572376673e-05,696.5989563527028,0.093962848156592,0.0510506969743191,230.68060778525992,111.8828132843776,0.011102013188554957,2.9504426880832854e-06
0.8,2.533938911324032,9.729875260332737,81.15947860463756,93.42329277629432,0.0004006021453947,4.809208861117861,80.96875503949101,2.577656053022289,2.3430103461925835,0.1466057749744346,0.0439221880116223,2.3164303387543936e-08,0.0001955789963298,0.2537629311249775,7.591826106207611,15.30085529628352,1.6855287352087107,24.831973068824816,1172.7234682216483,4503.049781377421,37561.1364595049,0.2105663886956928,2527.8390393319555,42559.17883078926,1354.87972948746,1231.544146595371,77.05961875936278,23.08658757707797,1.2175730377480892e-05,0.1028011543006943,0.027123202747645,0.104148280061497,0.868728517190858,4.407561091384186e-06,0.0529125520177067,0.8908457891014078,0.0283602488326106,0.0257785969379011,0.0016130066126152,0.0004832468551503,2.548615465335517e-10,2.1518266550125383e-06,347.5476777923984,347.4905006051199,0.0924360459449105,-0.0924360459449105,3.140982292114362e-05,74.2119987810495,420.278236721517,1138.6550335815757,718.3767968600587,355.44309943410184,3411.6403919442496,85.43026737004651,4487408.721811564,270.07962503271784,41,0.05,viscosity_110,0.0016605605553408,3.964461504360053e-09,2.1623880375534987e-09,7.307987262264354e-10,4.1337456723790665e-05,697.8137249148708,0.0943549831713572,0.0510286864359854,230.68762583464337,111.90840560952262,0.011164404811767583,2.9636733131398157e-06
0.81,2.528515624240476,9.729875260332737,81.17413598664851,93.43252687122173,0.0003979815681162,4.819367155383734,80.98430490045824,2.5720253037660465,2.3384828011829533,0.1459233789052919,0.0437114625841079,2.309563062981064e-08,0.0001962216052154,0.2483396440414217,7.606483488218569,15.30085529628352,1.6855287352087107,24.84120716375222,1170.117687679092,4502.680953156633,37564.84294162776,0.2091100994848117,2532.223665749804,42551.3074251156,1351.4104929374544,1228.7010514418614,76.6720238439136,22.967164868600246,1.2135058519227075e-05,0.1031000495371923,0.0270624771577197,0.1041379869105268,0.8687995359317535,4.378022710819589e-06,0.0530157689410534,0.8908732325276957,0.028293735425963,0.0257246355927973,0.0016052398353793,0.000480850851516,2.540650208918277e-10,2.1585488193660253e-06,347.5813127990639,347.5268172318253,0.0883640995045499,-0.0883640995045499,3.14190988603516e-05,74.21415098555997,400.0406735756896,1113.923362723672,713.8826891479824,357.2443436280999,3413.908227803381,85.74164398613695,4487408.721736473,271.3311122667461,41,0.05,viscosity_110,0.0016566946887955,3.9670229333442675e-09,2.163774356765037e-09,7.32195861691877e-10,4.136752050283885e-05,698.9742899852024,0.0947308115652543,0.0510076798596628,230.69431595156496,111.9328102545868,0.011224295349752689,2.9763567336900634e-06
0.8200000000000001,2.523332321863548,9.729875260332737,81.18812911025397,93.44133669245024,0.0003954898549486,4.829078667330566,80.99914731778524,2.5666446928974014,2.334151900104768,0.1452738855198118,0.0435110463840241,2.3030045868805618e-08,0.0001968375348192,0.2431563416644936,7.620476611824028,15.30085529628352,1.6855287352087107,24.85001698498075,1167.6278380813849,4502.329366840415,37568.384809840536,0.2077260854774564,2536.4129963779246,42543.786114366296,1348.0979301892496,1225.9840070525595,76.30328612361502,22.853631331594716,1.209624271478444e-05,0.1033864461285444,0.0270044544650379,0.1041281685894255,0.8688673769455365,4.349942976951633e-06,0.0531144265049003,0.8908993937653733,0.0282302008926373,0.0256730420210612,0.0015978491234206,0.0004785725051344,2.5330456655810476e-10,2.1649911912370616e-06,347.61334675425866,347.5614213765235,0.0844367903594922,-0.0844367903594922,3.1427944068296265e-05,74.21620200854714,380.6961051542729,1090.3032096790448,709.6071045247719,358.9719454089394,3416.0712309854907,86.03924194277015,4487408.721777595,272.5310430246518,41,0.05,viscosity_110,0.0016530138233667,3.969463619539908e-09,2.165095327252323e-09,7.335312329165322e-10,4.139620241859624e-05,700.0826282825229,0.0950908184715905,0.0509876383748828,230.70069154622908,111.95607485550578,0.011281750222399647,2.9885089243336594e-06
0.8300000000000001,2.51838035966223,9.729875260332737,81.20148342688265,93.4497390468776,0.0003931210837081,4.838359217293944,81.0133096692795,2.561505111510628,2.330010931528164,0.1446558387361693,0.0433204683141867,2.2967433520761258e-08,0.000197427585354,0.2382043794631755,7.633830928452707,15.30085529628352,1.6855287352087107,24.858419339408112,1165.2496820258757,4501.994311444992,37571.76805329558,0.2064109613009287,2540.4141842015306,42536.60213101232,1344.9360880289898,1223.388457525344,75.95255499827596,22.74571341835264,1.2059210833767007e-05,0.1036607278751551,0.0269490357634805,0.1041188061044439,0.8689321581320755,4.323254263669286e-06,0.0532086880663434,0.8909243257522467,0.0281695344098368,0.025623733021665,0.0015908176831469,0.000476406397685,2.525788084362528e-10,2.1711622335209267e-06,347.64384839547773,347.59438549812967,0.0806521799023979,-0.0806521799023979,3.1436376042734354e-05,74.21815608816041,362.2125957929122,1067.7528416525556,705.5402458596434,360.6279798987102,3418.1336175796823,86.32355756344411,4487408.721784388,273.680908569801,41,0.05,viscosity_110,0.0016495098940241,3.971788631501783e-09,2.166353692162875e-09,7.348070583297285e-10,4.1423557261890976e-05,701.1407015825235,0.0954354940357605,0.0509685236920131,230.70676579290188,111.97824637986838,0.011336836787627499,3.0001460783322986e-06
0.84,2.51365124172976,9.729875260332737,81.21422361127287,93.45775011333536,0.0003908695362376,4.84722438183599,81.0268184816245,2.556597620483872,2.326053258012873,0.1440678355426725,0.0431392786379765,2.2907678967204856e-08,0.0001979925600517,0.233475261530706,7.646571112842939,15.30085529628352,1.6855287352087107,24.866430405865877,1162.9790642098114,4501.67510802061,37574.9985550775,0.2051614664922466,2544.234253113796,42529.74295439957,1341.9191531217173,1220.9099285314528,75.6190126731449,22.64315033086782,1.2023891797973938e-05,0.1039232792756865,0.0268961240633492,0.1041098811873108,0.8689939947493399,4.297891354937057e-06,0.0532987143655739,0.8909480795620897,0.0281116275187292,0.0255766266283267,0.0015841293513519,0.0004743473602498,2.5188638731612766e-10,2.1770704373112e-06,347.6728829333287,347.6257789525739,0.0770080650589282,-0.0770080650589282,3.1444411565781834e-05,74.22001727663765,344.5588155343471,1046.2314338248616,701.6726182905145,362.2145597804107,3420.099447948876,86.59507863843385,4487408.721752702,274.7822255161618,41,0.05,viscosity_110,0.0016461751697547,3.974002786957297e-09,2.167552058875108e-09,7.360254990282082e-10,4.144963769566609e-05,702.1504202395566,0.0957653328201236,0.0509502987412346,230.7125512879444,111.99936974819038,0.011389623692853722,3.0112845389300412e-06
0.85,2.509136634219036,9.729875260332737,81.2263725008741,93.46538439542589,0.0003887294899545,4.8556894562114055,81.03969836848805,2.5519134756583965,2.3222723284629314,0.1435085157554197,0.0429670605107288,2.2850660750483938e-08,0.0001985332692484,0.2289606540199817,7.658720002444181,15.30085529628352,1.6855287352087107,24.87406468795639,1160.8119325260934,4501.371168932009,37578.08209761806,0.2039743580067703,2547.88011999484,42523.19639990982,1339.0414834415808,1218.5440506982911,75.30186961925043,22.54570031241617,1.199021164346256e-05,0.1041744894185249,0.0268456247245887,0.1041013774593635,0.8690529978160477,4.27378919177957e-06,0.0533846637645627,0.890970703130353,0.0280563747090561,0.0255316425283652,0.0015777684981798,0.0004723906046715,2.5122587677064265e-10,2.182724393824392e-06,347.70050552716776,347.65566574293246,0.0735021259284369,-0.0735021259284369,3.1452065529421654e-05,74.22178916529354,327.7045289100797,1025.699156528153,697.9946276180733,363.7339066355745,3421.972420645665,86.85428365340128,4487408.721809866,275.83660519097674,41,0.05,viscosity_110,0.0016430024789125,3.9761101575540366e-09,2.168692630832286e-09,7.371885425525292e-10,4.147449051895764e-05,703.1135858767917,0.0960808565668101,0.050932928694735,230.7180591949404,112.01948443699602,0.011440182666774627,3.0219413968622745e-06
0.86,2.5048282879814563,9.729875260332737,81.2379544483839,93.47265799669808,0.0003866957886549,4.863769625791197,81.05197540852319,2.547444008895281,2.3186616256462567,0.1429765775656574,0.0428033889808867,2.279627382767415e-08,0.0001990505178661,0.2246523077824023,7.670301949953965,15.30085529628352,1.6855287352087107,24.8813382892286,1158.7442541319565,4501.081812844289,37581.02437047986,0.2028466985555819,2551.3585616183927,42516.95028852848,1336.2974775519267,1216.2864702141965,75.00036871579752,22.453117919807507,1.1958105107367728e-05,0.1044147404226305,0.0267974436767374,0.1040932767812855,0.8691092795419771,4.250888980118882e-06,0.0534666921923987,0.8909922455565374,0.0280036710576763,0.0254887005295997,0.0015717201371728,0.0004705312544609,2.5059602934619204e-10,2.188132577878329e-06,347.72678175940945,347.6841130318711,0.0701315383183889,-0.0701315383183889,3.145935462643097e-05,74.22347575609368,311.6189643103032,1006.116673116107,694.4977088058038,365.1881280094893,3423.756530183333,87.10164623106589,4487408.721799843,276.8455396775161,41,0.05,viscosity_110,0.0016399844375804,3.978115616123449e-09,2.169778045337982e-09,7.382983642690347e-10,4.1498168393088375e-05,704.0320755198843,0.0963825447330945,0.050916377569865,230.72330195397976,112.03863521524316,0.011488582824412993,3.0321326545562663e-06
0.87,2.500718175596227,9.729875260332737,81.24898222566755,93.47957566159651,0.0003847614117005,4.871479590001678,81.06366399297414,2.543180920923492,2.315214749407565,0.1424706804657613,0.0426479843112012,2.2744333413393883e-08,0.0001995451720972,0.2205421953971731,7.681329727237605,15.30085529628352,1.6855287352087107,24.888255954127008,1156.7722679421606,4500.807000775254,37583.83105875945,0.201774618537957,2554.6764984663946,42510.9935198058,1333.681976902038,1214.1331190945689,74.71374812970741,22.365238571542857,1.192746740923147e-05,0.1046444621435943,0.0267514925896649,0.1040855736824871,0.8691629337278478,4.229112072116095e-06,0.0535449567358894,0.8910127408241862,0.027953419462513,0.0254477251317558,0.0015659690820277,0.0004687660971633,2.4999475541401167e-10,2.193304397442433e-06,347.75170618462806,347.7111592843042,0.0668944952592925,-0.0668944952592925,3.146628273751764e-05,74.22507802002207,296.27670243272314,987.4462739658184,691.1695715330952,366.5801616243672,3425.4534913323355,87.33762726370283,4487408.721806359,277.8112992615912,41,0.05,viscosity_110,0.0016371163734067,3.980018670713892e-09,2.1708080348491656e-09,7.393559034519581e-10,4.152068343619027e-05,704.9071339246525,0.0966711256210871,0.0509006211267335,230.72828258336145,112.05682962740563,0.01153491501163725,3.0418809713472125e-06
0.88,2.4967983671566163,9.729875260332737,81.25947074491502,93.48614437240435,0.000382920039487,4.878833916253283,81.07478060985312,2.539115991244103,2.311925352835348,0.1419895455455999,0.0425005487361829,2.269467659659916e-08,0.0002000180854655,0.2166223869575624,7.69181824648508,15.30085529628352,1.6855287352087107,24.89482466493487,1154.892227277861,4500.546563292657,37586.50774146731,0.2007546214103822,2557.840684163933,42505.31497141081,1331.1898489881353,1212.0799411785738,74.44127891145634,22.281888361591275,1.1898205208285428e-05,0.1048640731278034,0.02670768362433,0.1040782602133374,0.8692140561623326,4.208387518127901e-06,0.053619611508672,0.8910322249275473,0.027905523197338,0.0254086409547796,0.0015605008084175,0.0004670917172539,2.4942020230914216e-10,2.198249053250821e-06,347.7752878741109,347.73684770500427,0.0637886420701405,-0.0637886420701405,3.1472856273923314e-05,74.22659751154056,281.6514990529532,969.6507241993548,687.9992251464015,367.912772575329,3427.065440949401,87.56268204484277,4487408.721975356,278.7359838358361,41,0.05,viscosity_110,0.0016343932316416,3.981819933579999e-09,2.1717829297463874e-09,7.40362349168042e-10,4.154205586682941e-05,705.7401111963391,0.0969472686994996,0.0508856333195116,230.73300591512225,112.07408263395992,0.011579265812603963,3.0512074539287754e-06
0.89,2.4930610394942354,9.729875260332737,81.26941168439946,93.49234798422644,0.0003811611637813,4.885846790475587,81.08531839729058,2.535241385723761,2.3087870841333884,0.141531734421643,0.0423610597754262,2.264696899193736e-08,0.0002004702648455,0.2128850592951812,7.70175918596952,15.30085529628352,1.6855287352087107,24.90102827675693,1153.1007750580463,4500.301647722143,37589.060242505606,0.1997810906104999,2560.8584848298183,42499.90524009381,1328.8166191331657,1210.1232903156513,74.18217527264397,22.203045655003837,1.1870139442713735e-05,0.1050741050019314,0.026665936766449,0.1040713541815669,0.869262709051984,4.188599493986866e-06,0.0536908198916719,0.8910507047446798,0.0278598970577948,0.0253713791730169,0.0015552994573226,0.0004655078491729,2.4886869879111166e-10,2.202977978032329e-06,347.79739015156304,347.76116598680204,0.0608138186118961,-0.0608138186118961,3.14790555403323e-05,74.2280296240915,267.72686449085325,952.6942990094784,684.967434518625,369.1905290912072,3428.589925230017,87.77725973966221,4487408.722174985,279.62337634101056,41,0.05,viscosity_110,0.0016318151880444,3.983508982437497e-09,2.1726970854988407e-09,7.413163737905759e-10,4.156222316711326e-05,706.5311098263877,0.0972121831505904,0.0508714108772142,230.73745762980087,112.09033325580384,0.01162176917022678,3.0601477125943905e-06
0.9,2.4894977272693053,9.729875260332737,81.27863780068456,93.4980107882866,0.000379443511279,4.892532181050314,81.09511118195941,2.5315504877714456,2.305792591510976,0.1410943695124064,0.0422313227346392,2.2599650670222183e-08,0.0002009038784354,0.2093217470702514,7.710985302254622,15.30085529628352,1.6855287352087107,24.9066910808171,1151.396592448764,4500.082525476733,37591.49710300656,0.1988327357324348,2563.742768819351,42494.76491633764,1326.5613830938237,1208.2616657647498,73.93506188055416,22.12969568150381,1.1842475192710372e-05,0.1052759279870657,0.0266262106143245,0.1040650509919906,0.8693087383936848,4.169301491721993e-06,0.0537588365972793,0.8910679929208474,0.0278165179039562,0.0253359043062329,0.0015503360784814,0.0004640351241779,2.483235434284362e-10,2.207519209460285e-06,347.81686505000863,347.7837259627956,0.0579859189289596,-0.0579859189289596,3.148468056733271e-05,74.22932725823868,254.5497110042928,936.5446017784844,681.9948907741916,370.4308555436605,3429.992995177305,87.98184638344078,4487408.721837412,280.4892413886195,41,0.05,viscosity_110,0.0016294174661671,3.984998763134535e-09,2.173503363118006e-09,7.42199285997716e-10,4.158055083088519e-05,707.2717875749767,0.0974709322154652,0.0508581035029538,230.7414913190362,112.10499550445776,0.01166289715907592,3.0688411654040613e-06
0.91,2.486101465003029,9.729875260332737,81.287237379244,93.50321410457975,0.0003777766288024,4.898903618586118,81.10424880580901,2.5280351850486737,2.302936456697942,0.1406770316541867,0.0421102000220971,2.2553161793749187e-08,0.0002013192055131,0.2059254848039756,7.7195848808140575,15.30085529628352,1.6855287352087107,24.911894397110263,1149.775283742037,4499.884757603834,37593.822190283245,0.1979142093756884,2566.497137617029,42489.879086203335,1324.4177822986294,1206.4903260813703,73.6995922310333,22.061203125360677,1.181542436725396e-05,0.1054695509290158,0.0265884064928764,0.1040592599250143,0.8693523335821092,4.150593771317777e-06,0.0538237606440737,0.8910842128796878,0.0277752679566142,0.0253021308999737,0.0015456043779156,0.0004626605263398,2.4778931709298846e-10,2.211873834276754e-06,347.8341955616754,347.8047427063032,0.0552939610482445,-0.0552939610482445,3.1489821872361525e-05,74.23051174375237,242.06454774706012,921.1658642553092,679.101316508249,371.63041234610256,3431.291359273516,88.17684189733036,4487408.723932855,281.3299975074853,41,0.05,viscosity_110,0.0016271789343554,3.986325750254498e-09,2.174221511583788e-09,7.430203045566083e-10,4.159732552807372e-05,707.9673109539117,0.0977223394705354,0.050845615376734,230.74517328631208,112.11832947051695,0.011702575487131035,3.0772590628776033e-06
0.92,2.4828575267023667,9.729875260332737,81.29380012853959,93.5065329155747,0.000375878671408,4.904975582271634,81.11131938180581,2.5246970266397164,2.300202651421386,0.140265323132327,0.0420136734772477,2.2496349071501013e-08,0.0002017276278571,0.2026815465033131,7.72614763010964,15.30085529628352,1.6855287352087107,24.915213208105182,1148.250864117596,4499.790082708507,37596.0663232162,0.1968816132451486,2569.178777683939,42485.32472595274,1322.411888117997,1204.823905293986,73.469619856835,22.00635588491497,1.178337009847105e-05,0.1056629807162234,0.0265527706919054,0.104055566567928,0.8693916627401664,4.1294434402099285e-06,0.0538865883683271,0.8910976632252745,0.0277365925981361,0.0252702732892044,0.0015409698994834,0.0004615667276087,2.4714730621446736e-10,2.2162013780755564e-06,347.8403126797364,347.8208983812415,0.0528785979233622,-0.0528785979233622,3.149286809185422e-05,74.23120332786021,230.80607368254584,906.5440614005868,675.7379877180409,372.90781055910736,3432.204646132397,88.36309177038783,4487408.723484787,282.25573347972625,41,0.05,viscosity_110,0.0016254074986401,3.986802440180402e-09,2.1744792611713627e-09,7.436246493627283e-10,4.16074328892372e-05,708.5432740114315,0.0980017843896644,0.0508352884112712,230.7473230720411,112.12563834263904,0.011743936488360132,3.0863572685500393e-06
0.93,2.4797528430952,9.729875260332737,81.29720473605424,93.50683283948216,0.0003735301510439,4.910762254303251,81.11520056509596,2.5215357031937478,2.297577302835736,0.1398477358678578,0.0419542742405646,2.2420432604987225e-08,0.0002021384294573,0.1995768628961463,7.729552237624306,15.30085529628352,1.6855287352087107,24.91551313201268,1146.8337615475314,4499.863555058043,37598.2547496043,0.195622942963183,2571.834594059746,42481.16038087597,1320.5633699631317,1203.2732362030852,73.24020719812198,21.972037796373183,1.1741892847034672e-05,0.1058627110713582,0.0265194827778206,0.1040552328088735,0.8694252844133059,4.103488964843995e-06,0.0539481449173086,0.8911069948963004,0.0277008265694109,0.0252404874993663,0.0015363248168541,0.0004608969340039,2.463040735117433e-10,2.22063148672466e-06,347.8280092590273,347.8295953301628,0.0508464821082562,-0.0508464821082562,3.149253689472605e-05,74.23110011840696,221.18100741063245,892.6587468448217,671.4777394341893,374.3582424898498,3432.510160940395,88.54134637146959,4487408.614171296,283.3548453998151,41,0.05,viscosity_110,0.0016243458410137,3.9858824123314215e-09,2.173980736256739e-09,7.438891839309673e-10,4.160680840598073e-05,708.9405462314877,0.0983375842864775,0.0508281820829134,230.74700224597356,112.1231858211931,0.011789490763456395,3.096900001280125e-06
0.94,2.4767574041549785,9.729875260332737,81.29308528027815,93.49971794476586,0.000369896069812,4.916280353520266,81.11151841751088,2.518571654088921,2.2950232527235475,0.1393826721798189,0.0419815831817986,2.229185146484519e-08,0.000202585113808,0.1965814239559247,7.725432781848214,15.30085529628352,1.6855287352087107,24.908398237296367,1145.5740272269277,4500.356945616124,37600.47186454399,0.1937124775192395,2574.6281866237823,42477.64296599663,1318.9617158439555,1201.890683713362,72.993916277404,21.985517425090475,1.167411640231727e-05,0.1060926771247177,0.0264894639106622,0.1040631509292955,0.8694473851600422,4.06375011810194e-06,0.0540112115205476,0.8911069066401074,0.0276695177160204,0.0252135715284561,0.0015312851277923,0.0004612178326193,2.4490261296637845e-10,2.2256394359134784e-06,347.7693595499903,347.8204851061936,0.0496238404620288,-0.0496238404620288,3.1483859571330045e-05,74.22903100699847,214.83611844662607,879.5295794498198,664.6934610031938,376.3413762309749,3431.3404563068298,88.7133287184377,4487408.441908731,284.9632073937141,41,0.05,viscosity_110,0.0016249498660009,3.981451390425682e-09,2.1715811028056176e-09,7.433351150657808e-10,4.157968022786393e-05,708.9270078296411,0.0988374010178641,0.0508284757133893,230.7405704235425,112.09649175988152,0.011848679040137101,3.1117828540416667e-06
0.95,2.4737238267335258,9.729875260332737,81.25527284916384,93.45887193623012,0.0003600854249897,4.921570512598012,81.07404703763865,2.5159635318611944,2.292341215873528,0.1386259771476058,0.0423965482874035,2.191246208693953e-08,0.0002032641777158,0.1935478465344717,7.68762035073391,15.30085529628352,1.6855287352087107,24.86755222876061,1144.7862441614034,4502.777244193616,37603.19467275949,0.1886561141561355,2578.511386509454,42476.35036455066,1318.1647196439385,1201.0044175460964,72.62898288790547,22.21241821648916,1.14803867694266e-05,0.1064942573449158,0.0264685821205013,0.1041086315162431,0.8694227863632554,3.957612944451811e-06,0.0540918065990723,0.891065496539853,0.027652354553773,0.025194575063125,0.0015236050212592,0.0004659703410852,2.408346397318094e-10,2.234028052911183e-06,347.4971243421696,347.731151602488,0.0517682569776269,-0.0517682569776269,3.143708390553876e-05,74.21798470564575,221.5627389059308,867.42516571344,645.8624268075092,380.9872693058773,3423.490564811383,88.88750077637734,4487408.933761833,289.0812879364108,41,0.05,viscosity_110,0.0016330010070218,3.960886058098297e-09,2.1604451790824784e-09,7.391009787921497e-10,4.143169845965805e-05,707.1092891706636,0.1001418028748422,0.0508613961170767,230.706233051215,111.95886279334172,0.011977128752110955,3.148166259428337e-06
0.96,2.4703842925929025,9.729875260332737,81.13590166895547,93.3361612218811,0.0003360695649486,4.926707661017159,80.95478428094269,2.514032210655184,2.289135388660393,0.1371333588159368,0.0437794755599684,2.094247764219257e-08,0.0002045330013948,0.1902083123938488,7.568249170525519,15.30085529628352,1.6855287352087107,24.7448415144116,1145.0453465691055,4509.884726415651,37607.2204329854,0.1763486640644779,2585.2335494570702,42480.09801112167,1319.2096756274066,1201.1976380982364,71.95916306661894,22.972779548259087,1.0989325840813732e-05,0.1073263553591575,0.0264676011982134,0.1042455049892466,0.86928689381254,3.6985137127162303e-06,0.0542194168805558,0.8909238175698231,0.0276674342906955,0.025192399158546,0.0015091804225982,0.0004818020064352,2.3047621330942303e-10,2.250927156933631e-06,346.7043624227557,347.44431179280406,0.0617855275836214,-0.0617855275836214,3.129766660666006e-05,74.18514599017773,257.32685902255434,856.8020510887312,599.4751920661769,392.0839371451758,3399.3747287305346,89.07923925970024,4487408.677527693,299.3639101985234,41,0.05,viscosity_110,0.0016594840916792,3.901402785183016e-09,2.128236884083125e-09,7.26031442389398e-10,4.0991288290090274e-05,700.9454842336077,0.1034124255854485,0.0509741945528078,230.60415406895868,111.5513692197378,0.01227131234659637,3.2365676189594098e-06
0.97,2.4659124444033265,9.729875260332737,80.79273897937149,92.98852668410755,0.000278744814159,4.931976902089709,80.61087459313973,2.513921585855629,2.2839767723873967,0.1335764629737924,0.048080464227984,1.8495837677005893e-08,0.0002074405343089,0.1857364642042728,7.225086480941551,15.30085529628352,1.6855287352087107,24.397206976638053,1148.04987491471,4529.918367910102,37614.51226291525,0.1469501051632827,2600.064602498275,42496.84979612213,1325.301934417019,1204.078461173765,70.41951736593145,25.34730303742852,9.75072953345762e-06,0.1093595531949048,0.0265184591296978,0.1046352233688593,0.8688463175014427,3.0792742583552222e-06,0.0544832002102848,0.8905026334821845,0.0277711140571431,0.0252309299568895,0.0014756097443398,0.0005311414896583,2.0432221140092262e-10,2.2915809191434287e-06,344.46871922538656,346.5839152802779,0.0921870814878221,-0.0921870814878221,3.090256948646734e-05,74.09241190959938,359.5599312601598,848.9055507286846,489.3456194685248,419.9061617971885,3330.012039969562,89.33598925937524,4487403.453118432,326.4148413224332,41,0.05,viscosity_110,0.0017400921434468,3.737032069537851e-09,2.0392404655672982e-09,6.892968004892118e-10,3.975364382992476e-05,682.9253143364285,0.111977419027261,0.0513154297012268,230.31589064479604,110.3985699145003,0.012976179342733415,3.4603899724052028e-06
0.98,2.458424213605161,9.729875260332737,79.95645844059787,92.14475791453576,0.000175911074804,4.938506484325786,79.77015484907557,2.519210143469748,2.2721586325372023,0.1253417234235573,0.0607479465696079,1.3579818326224145e-08,0.0002139079495901,0.1782482334061072,6.388805942167938,15.30085529628352,1.6855287352087107,23.553438207066275,1156.9087031888143,4578.7774572530925,37626.672457164015,0.0938084832327793,2633.568143710836,42539.20477702611,1343.4246977729515,1211.6789987215095,66.84125472625765,32.39519020362466,7.2417393912173824e-06,0.114071159674506,0.0266800224911909,0.1055933672250481,0.8677266102837609,1.961399496591512e-06,0.0550640949869756,0.8894331510298548,0.0280890643907109,0.0253344526659229,0.0013975538123381,0.0006773365005775,1.5141428053084043e-10,2.385062709158112e-06,338.9551836717522,344.20426714563746,0.1583000921129601,-0.1583000921129601,2.993600944243559e-05,73.86709496852141,548.649712975465,844.7811627906527,296.1314498151877,473.7001235713485,3156.766207170813,89.76592408128555,4487510.761646485,385.4869166258569,41,0.05,viscosity_110,0.0019658287977898,3.352707964147633e-09,1.8311658606279862e-09,6.036940450534095e-10,3.678644011121703e-05,638.9632938904316,0.130479139707243,0.0522268683692735,229.6154940640362,107.57486394275456,0.014180691372114798,3.906024758316899e-06
0.99,2.446491182155298,9.729875260332737,78.52159828060012,90.69796472308816,7.667609729742353e-05,4.948011497251417,78.31815171664745,2.538671654607958,2.24319210847336,0.1111893999624977,0.0920329976221567,7.720363688989375e-09,0.0002241586481494,0.1663152019562442,4.953945782170171,15.30085529628352,1.6855287352087107,22.106645015618643,1172.5689231591966,4663.392796875181,37634.301162495576,0.041706457228801,2691.373676430792,42599.62048066917,1380.860587754954,1220.1402917669338,60.47929038229473,50.059541555407286,4.199340202940183e-06,0.1219266942506013,0.0269740472084983,0.1072777684707614,0.8657481843207403,8.688356987368443e-07,0.05606713406261,0.8874422208340282,0.0287663123011979,0.0254181609609898,0.0012599144115775,0.0010428485096955,8.748133794820875e-11,2.5399967207173943e-06,329.21701091970795,339.07140513353096,0.2259746803151596,-0.2259746803151596,2.8249416520652743e-05,73.48243436656388,723.2523133403192,841.9653894196898,118.7130760793706,504.3313557760084,2846.3955935675,90.45105597552467,4487646.101979435,447.18867817707576,41,0.05,viscosity_110,0.002476775899569,2.743975670446284e-09,1.5015539159779883e-09,4.706286370312471e-10,3.18591843420966e-05,565.0334799042137,0.150514011854896,0.0540708152541014,228.41977851297676,102.63654501870462,0.014247066533741968,4.251933013083422e-06
1.0,2.432468815083184,9.729875260332737,76.95348624320872,89.11583031862463,2.8775921435103906e-05,4.96005740070354,76.71031420320391,2.5803157425950016,2.189502117034194,0.0952963287022071,0.1476415934253449,3.934684736400402e-09,0.0002341139425952,0.1522928348841296,3.3858337447787843,15.30085529628352,1.6855287352087107,20.524510611155144,1189.2531897169913,4757.012758867965,37623.16639255617,0.0159941572263765,2756.886103460365,42636.92577204739,1434.1843326835628,1216.9633277010944,52.96735563436046,82.06176346857298,2.186966156831423e-06,0.1301245979281863,0.0272955860522887,0.1091823442091551,0.8635220697385562,3.319658050098384e-07,0.0572203900275769,0.8849482462083416,0.029767129945843,0.0252586119437108,0.0010993608855742,0.0017032281841925,4.53914495466222e-11,2.7007935642632167e-06,318.15,331.2753100850092,0.2358413266748926,-0.2358413266748926,2.635295736575162e-05,73.06817248396845,794.3626842143856,834.1809036276544,39.81821941326878,453.8254078631439,2489.547829853954,91.25614653061113,4487373.321160927,447.1925252852828,41,0.05,viscosity_110,0.0033090171799062,2.1535811461000033e-09,1.1816473514217948e-09,3.457176829126345e-10,2.6743831680287404e-05,487.4794095100539,0.1541854774133688,0.056590413852026,227.1320475295858,97.06355770604549,0.011959641624912271,4.063243312692567e-06
0.0,4.028415544317589,9.729875260332737,75.23774726911124,88.99603807376157,0.0009431408757161,2.16178710070269,74.47367639638497,4.3046141342896975,3.263474025340348,0.4869290890503165,0.2770692890512153,2.641412223444555e-08,7.246821072476973e-05,1.7417130263823344,1.6681384637478156,15.30085529628352,1.6855287352087107,20.39623552162238,1953.3132337219013,4717.858398516029,36481.56100069717,0.5673683815964763,1300.4734290097856,44801.37626998071,2589.5409876227254,1963.2188825806184,292.9235454851414,166.67749025267793,1.5890031032818752e-05,0.0435949416410206,0.0452651110263893,0.1093293080335602,0.8454055809400504,1.1099879917657109e-05,0.0254421983429787,0.8764850366586714,0.0506612545513797,0.0384080159479531,0.0057306968195698,0.0032608446060658,3.108693435750466e-10,8.528825943225668e-07,323.8714274963353,316.75,0.6802027130119445,-0.6802027130119445,2.632256846709745e-05,72.97901510296398,8111.899245461083,9414.203359062049,1302.304113600963,104.76596374779363,2295.3413617031406,0.0,4487394.305491714,106.55177891088276,41,0.05,diffusivity_090_seeded,0.0044088458885349,2.199552398046346e-09,1.339147074934066e-09,2.989498177145123e-10,2.5881400404203732e-05,319.8287598106217,0.0436505328894449,0.0601555343495324,226.85490225810165,97.28860703795571,0.0027577092537727477,1.1489941406077024e-06
0.01,3.989230046855136,9.729875260332737,75.55894655000256,89.27805185719043,0.0010244048578415,2.230636169560384,74.83334398728512,4.23656150180586,3.2626775889664903,0.4772466462717531,0.2482814067590551,2.8318612595574553e-08,7.448136811870546e-05,1.7025275289198816,1.989337744639137,15.30085529628352,1.6855287352087107,20.67824930505125,1927.7817577653495,4701.928896526976,36513.60214482801,0.6123248969461746,1333.334230304631,44730.67390728845,2532.350432684776,1950.2237842194388,285.26807663915133,148.40703423421937,1.6927088354286323e-05,0.0445202848352279,0.0446832112021925,0.1089839558315708,0.8463328329662366,1.201086534095607e-05,0.026153595868051,0.877400385955375,0.0496725189434234,0.0382539977939987,0.0055955857285475,0.0029110312396697,3.320279476659435e-10,8.732735656573105e-07,325.89703017598714,320.88352225148424,0.6277440308534523,-0.6277440308534523,2.6694976195670183e-05,73.06194401665608,7637.286476839492,9087.493234977808,1450.206758138317,104.2005374930994,2368.361576298594,2.24982513588039,4487394.73794877,103.8095711841381,41,0.05,diffusivity_090_seeded,0.0041056187733183,2.2982733065049864e-09,1.3985914039206292e-09,3.2032830539425684e-10,2.679551448122497e-05,333.7982094019638,0.042142738057774,0.0594337871740034,227.1126863701981,98.48405527042527,0.0027816308679543267,1.1249993892726409e-06
0.02,3.9528049450311302,9.729875260332737,75.83159802210432,89.51427822746818,0.0010840844543423,2.293530521580175,75.13755506093473,4.178590386047075,3.257754352705484,0.4671733761077638,0.2267931317635576,2.979595860713701e-08,7.642350266973545e-05,1.6661024270958755,2.261989216740896,15.30085529628352,1.6855287352087107,20.914475675329,1904.8468120765365,4688.802541305565,36543.05733670276,0.6444679355803853,1363.461005747967,44667.87140126753,2484.093844298713,1936.674042235702,277.72583589064664,134.82427577114842,1.7713140203480683e-05,0.045432343207305,0.0441583736505868,0.1086963493757696,0.8471452769736435,1.2670080087646508e-05,0.0268053058739879,0.8781592950611017,0.0488366700884044,0.0380745322832772,0.0054600211878255,0.002650611888458,3.482359518471627e-10,8.931886215372445e-07,327.5277229458041,323.82052267824395,0.58877292532791,-0.58877292532791,2.6998372488195485e-05,73.13121494700924,7234.815004222869,8799.986634509014,1565.1716302861448,104.4048109740542,2428.6260710187325,4.341162874776661,4487394.5616289815,102.3006437895077,41,0.05,diffusivity_090_seeded,0.0038737757022689,2.380087186825988e-09,1.4478434474599923e-09,3.3876694165857677e-10,2.7553687560725367e-05,345.9991014102936,0.0412173462693501,0.0588528375605558,227.32801470961763,99.43445825574484,0.002818759976237155,1.1128012675548485e-06
0.03,3.918421964741479,9.729875260332737,76.06966592469605,89.71796314977027,0.0011276037685315,2.3522631933435885,75.40262061206093,4.127284673027485,3.250327393961661,0.4570549386627519,0.2099120283485435,3.0959002916574114e-08,7.831466498697382e-05,1.631719446806224,2.500057119332642,15.30085529628352,1.6855287352087107,21.118160597631093,1883.784050727662,4677.644213898167,36570.54413806048,0.6671262041709599,1391.6736172583203,44610.58527586965,2441.8327024887467,1922.9969224654344,270.4082185932765,124.19062315157274,1.8316329438619205e-05,0.0463334432197935,0.0436748876944551,0.1084495781975145,0.8478755341080304,1.3142132624946872e-05,0.0274154412378043,0.8788115719431995,0.0481031760158769,0.0378823083764358,0.005326939114983,0.0024465080670321,3.6082472728483276e-10,9.127512185219578e-07,328.88853267578367,326.0351077295988,0.558765491515067,-0.558765491515067,2.725453313867246e-05,73.19085180404717,6886.27625294471,8540.825024108774,1654.5487711640633,105.16139352351344,2480.113598925674,6.315252737391253,4487394.403285988,101.62499481928344,41,0.05,diffusivity_090_seeded,0.0036876981835259,2.449982744636753e-09,1.48991318502292e-09,3.5510170879443985e-10,2.8202950364645164e-05,356.9601647041891,0.040677062916192,0.0583658747076222,227.513395580478,100.22193106892564,0.002866124684695573,1.1086343592332194e-06
0.04,3.885630061888471,9.729875260332737,76.28179572239439,89.8973010446156,0.0011586409414908,2.4079071131448324,75.63849694056182,4.080715308103926,3.2412528390839763,0.4470548309140311,0.1961637509489733,3.1880783683395565e-08,8.01680887557873e-05,1.598927543953216,2.712186917030978,15.30085529628352,1.6855287352087107,21.29749849247642,1864.145912700377,4667.944942967243,36596.48382487426,0.6825361468789015,1418.4581125999366,44557.38305871771,2403.8816540688563,1909.3682474244613,263.3525804318924,115.55680965126516,1.8780440493277497e-05,0.0472256904124351,0.0432229890857351,0.1082332299999067,0.848543780914358,1.3470559526529689e-05,0.0279947436176688,0.8793862179805324,0.0474431003602399,0.037683364833658,0.0051975366101781,0.0022806336195105,3.7065149260736286e-10,9.320480340728964e-07,330.0531678121753,327.7741520349009,0.5350572711146114,-0.5350572711146114,2.7476283135565184e-05,73.24330186738621,6579.639530453556,8303.164982967204,1723.5254525136477,106.33540877150864,2525.1782786816166,8.197991303176632,4487394.36625647,101.54809442164022,41,0.05,diffusivity_090_seeded,0.0035332000303298,2.510989523357813e-09,1.526627762474861e-09,3.6984801062193445e-10,2.8771606354431105e-05,366.9989278942368,0.0404084574131263,0.0579459785079307,227.6764363391868,100.89317554018396,0.0029217017987420335,1.1102742169544861e-06
0.05,3.85412390981452,9.729875260332737,76.4732365271587,90.05723569730596,0.0011795036316561,2.461144103071456,75.85122279548058,4.037718456208137,3.2310127010531424,0.4372396165474259,0.1846920885868186,3.260554149671194e-08,8.199403947181411e-05,1.5674213918792648,2.9036277217952806,15.30085529628352,1.6855287352087107,21.45743314516677,1845.6458898187443,4659.399828052343,36621.16682810015,0.692099843680058,1444.1307371120186,44507.382623302256,2369.220608877677,1895.8681646341204,256.5600157061904,108.37216792660791,1.913202262997115e-05,0.048111816172588,0.0427963825446378,0.1080410161937027,0.8491626012616595,1.3682655631045049e-05,0.0285501344098632,0.879900775928105,0.0468389496129316,0.0374808800427092,0.0050721328369871,0.002142492975934,3.782357120315569e-10,9.511596028881368e-07,331.0653125306214,329.17699974960027,0.5161018381504419,-0.5161018381504419,2.767122952970853e-05,73.29003923974176,6307.201520534832,8082.594512179479,1775.392991644648,107.85428461192306,2565.226690710498,10.006908822694294,4487394.437895387,101.94045301836232,41,0.05,diffusivity_090_seeded,0.0034019834667421,2.5649083430735302e-09,1.559073134544455e-09,3.8331102788344724e-10,2.92765097357518e-05,376.3052684922137,0.0403483043004014,0.0575771214064923,227.8217192266382,101.47550827488442,0.002984460665259033,1.116487189430933e-06
0.06,3.823635284430364,9.729875260332737,76.64863604493527,90.20214658969836,0.0011925879372467,2.512558740046608,76.04602742628282,3.99739860846059,3.219917911825536,0.427652640397343,0.1748721442731954,3.3178698908552095e-08,8.380087001933104e-05,1.5369327664951085,3.079027239571837,15.30085529628352,1.6855287352087107,21.60234403755917,1828.0352035045228,4651.739294807186,36644.81431095005,0.6972380307104142,1468.9495451369269,44459.76749392782,2337.050582753836,1882.5020392823235,250.02406573652075,102.2377517758906,1.9397689651247145e-05,0.0489935809001988,0.0423896262893043,0.1078674469310683,0.8497429267796273,1.3806344355153495e-05,0.0290873738482716,0.8803691607954898,0.0462770584789182,0.037276324954806,0.0049508463345247,0.0020244587141588,3.8410294795113686e-10,9.701453726082769e-07,331.9629454973682,330.358866538467,0.5005687909402905,-0.5005687909402905,2.7845958934229127e-05,73.33238744988455,6061.495592668999,7875.344499625766,1813.8489069567663,109.641382178208,2601.477296223558,11.757405312204018,4487394.370119833,102.682694422522,41,0.05,diffusivity_090_seeded,0.0032878552314237,2.6134318449131324e-09,1.5882693873366756e-09,3.9579665962598664e-10,2.973304745066033e-05,385.05838585064447,0.0404413805458501,0.0572463553857116,227.9533584253749,101.99262703796582,0.0030530694256265013,1.1261290219232746e-06
0.07,3.794000127394823,9.729875260332737,76.81077704091268,90.33465242864024,0.0011992507111553,2.562493790082063,76.22605086982165,3.959221136638384,3.208160333612287,0.4183058438864088,0.1663346991849717,3.362493451807009e-08,8.559439467916047e-05,1.5072976094595674,3.241168235549257,15.30085529628352,1.6855287352087107,21.734849876501052,1811.16359225222,4644.806335515539,36667.60100101244,0.6987590662498658,1493.0704242016334,44414.1026011131,2306.891827355193,1869.2764559089733,243.7313550553039,96.9170816463144,1.959200659879035e-05,0.0498726902939356,0.0419993881129048,0.107709223412564,0.8502913884745311,1.3857465372523943e-05,0.029609879429765,0.8807998616028956,0.0457492076450596,0.0370706227805424,0.0048335670705551,0.0019220145652316,3.885395784244681e-10,9.890520383397708e-07,332.7672337937974,331.3707618673538,0.4877323992490563,-0.4877323992490563,2.800418314615055e-05,73.37110034916422,5838.152003667333,7679.115230507486,1840.963226840153,111.66137851707546,2634.618018940812,13.458900138656315,4487394.40678944,103.71535948403626,41,0.05,diffusivity_090_seeded,0.0031871532781812,2.6574776106699093e-09,1.614769492244717e-09,4.07465618612749e-10,3.0149687663427743e-05,393.3537169030415,0.0406591472886683,0.0569462079547836,228.07369727853467,102.45696652446745,0.0031269856943438212,1.1386262072381775e-06
0.08,3.765068900882917,9.729875260332737,76.96208001331725,90.4570241745329,0.0012007813016267,2.611254767448856,76.39399387523042,3.9227510976062896,3.1958693952775894,0.4092030921260094,0.1587956321776867,3.3967900583356446e-08,8.73798152173142e-05,1.4783663829476612,3.392471207953819,15.30085529628352,1.6855287352087107,21.85722162239371,1794.8983592314012,4638.464155649861,36689.66352954259,0.6974192579548062,1516.6286814909856,44369.980152497854,2278.3517330989293,1856.1755243486316,237.66702269324213,92.229227595231,1.972871162053772e-05,0.0507505953053494,0.0416227367110638,0.1075635126085881,0.8508137506803479,1.3850935371017857e-05,0.0301206564194488,0.8811998242030441,0.0452486825502096,0.0368641486907207,0.0047201314469002,0.0018316974419183,3.918175566457107e-10,1.007920569438346e-06,333.4966784693588,332.25894110890493,0.4769677515529619,-0.4769677515529619,2.81491313214697e-05,73.40684758390883,5633.124870447944,7491.92116412342,1858.796293675476,113.87983190569663,2665.249449988559,15.119978977344129,4487394.418238658,104.98490245289356,41,0.05,diffusivity_090_seeded,0.0030970082023716,2.697891947369654e-09,1.6390833006170934e-09,4.1847351934034504e-10,3.053408888595865e-05,401.2809893934212,0.0409768025718026,0.056670462471827,228.18481737836805,102.87958160482935,0.0032056183431803504,1.1534613967276087e-06
0.09,3.7367313730909166,9.729875260332737,77.10436334179681,90.57096997522046,0.0011981541758859,2.659062410071049,76.55187613744104,3.88767764044484,3.183135209816846,0.4003427143755593,0.152055294722625,3.4225202123425256e-08,8.916103238591702e-05,1.450028855155662,3.5347545364333968,15.30085529628352,1.6855287352087107,21.971167423081287,1779.1414187590362,4632.611324345163,36711.11265216949,0.69378723972453,1539.7213537851123,44327.11241176981,2251.1469670491474,1843.1839869487287,231.8171336715156,88.04711892198831,1.9817990863043105e-05,0.0516284029175735,0.0412574953554462,0.1074281887783111,0.8513143158662426,1.379798640557859e-05,0.0306218579579835,0.8815741475715251,0.0447706349581127,0.0366570990913534,0.0046103610384212,0.001751074220417,3.9413865354848957e-10,1.0267816425699352e-06,334.16460136638835,333.05145417921574,0.467829639595111,-0.467829639595111,2.8283141768359872e-05,73.44012100208398,5443.3701996287145,7312.298452056388,1868.9282524276737,116.27257671840246,2693.8060336332164,16.746970758582535,4487394.396368433,106.45390026569837,41,0.05,diffusivity_090_seeded,0.0030153872908065,2.7352901071572803e-09,1.6615813999350944e-09,4.289338962818874e-10,3.0891811036431475e-05,408.9046312219406,0.0413769836509497,0.0564146732508198,228.28824763180828,103.2681549866945,0.003288553771099076,1.170271094546919e-06
0.1,3.708903771570235,9.729875260332737,77.23894303636308,90.67772206826604,0.0011920806997159,2.7060793815366817,76.7011622182722,3.853774030457731,3.1700218483383216,0.3917184097524894,0.1459714327824776,3.440945052258895e-08,9.09412114153362e-05,1.42220125363498,3.669334230999661,15.30085529628352,1.6855287352087107,22.07791951612687,1763.8198875577182,4627.175182915289,36732.03518132718,0.6882769862328476,1562.421203258008,44285.29443075987,2225.0708160427303,1830.2897484930252,226.16821711868977,84.28018158128917,1.9867138952302597e-05,0.0525071355758247,0.0409020395194534,0.1073017168760334,0.8517962436045131,1.370680185666554e-05,0.0311150863359906,0.8819265616432581,0.0443115277752857,0.0364495972183979,0.0045040630448632,0.0016784111229715,3.956473084600971e-10,1.0456617289182812e-06,334.7804441326388,333.7668425569175,0.4600085700342933,-0.4600085700342933,2.8407879440840265e-05,73.4712730145403,5266.6342730116585,7139.159158613328,1872.5248856016697,118.8246087785154,2720.5978451358314,18.34468525569931,4487394.434568382,108.09803486454766,41,0.05,diffusivity_090_seeded,0.0029408356748636,2.7701068036214078e-09,1.682525618596137e-09,4.3892645143059725e-10,3.122679487203276e-05,416.2700214065417,0.0418481612747364,0.0561756554283355,228.38508350621612,103.6280652161504,0.003375555160785075,1.1888175203135519e-06
0.11,3.681510483548329,9.729875260332737,77.36701425333145,90.77839999721252,0.001183224392681,2.7524516093971085,76.84316988147883,3.820848006044247,3.1565756448913778,0.3833235559731247,0.1404280582941598,3.453263828034567e-08,9.272312406257913e-05,1.3948079656130743,3.797405447968019,15.30085529628352,1.6855287352087107,22.17859744507332,1748.8684621432535,4622.089780655223,36752.50466961294,0.6812704155999569,1584.7914085035363,44244.33658145943,2199.9467937978097,1817.47571700674,220.70792311451223,80.854892975272,1.9883012029279404e-05,0.053387609025457,0.0405549170690536,0.1071827137362137,0.8522623691947326,1.3584966411812194e-05,0.0316017510246491,0.8822602781638796,0.0438683415823921,0.0362416244775247,0.0044010566930181,0.0016122981126847,3.9647993571766596e-10,1.0645829597327983e-06,335.3527170774552,334.4212092094301,0.4532255046301264,-0.4532255046301264,2.852484116266877e-05,73.5006256340474,5100.845654398314,6971.548810283002,1870.703155884688,121.52059678699838,2745.903995019752,19.917463756346088,4487394.412584728,109.89412652313156,41,0.05,diffusivity_090_seeded,0.0028721484720433,2.8027495244934622e-09,1.7021613325453454e-09,4.485286602730091e-10,3.1542684136191895e-05,423.4201401331608,0.0423797009812309,0.055950653665051,228.47632597667027,103.9641489846932,0.003466355721341847,1.2088742390110093e-06
0.12,3.6544992478202416,9.729875260332737,77.48940356903655,90.87377807718951,0.0011720491407052,2.7982770372036896,76.97881543796109,3.788764612454959,3.1428336106740864,0.375150648432293,0.1353429395867487,3.4602892067918325e-08,9.450877797302228e-05,1.3677967298849862,3.91979476367312,15.30085529628352,1.6855287352087107,22.273975525050336,1734.2417350452936,4617.309953837955,36772.57774053347,0.6730344871610858,1606.8754161073307,44204.1171920317,2175.65045641624,1804.7326975725816,215.42554446466548,77.71898188571514,1.9870275834345827e-05,0.0542704778376599,0.0402151129307736,0.1070702183425017,0.8527146687267245,1.3437778971510602e-05,0.0320828086648052,0.8825775911763986,0.0434389477958359,0.0360332190330003,0.004301177586819,0.0015517340053053,3.9672911248748565e-10,1.083562135035425e-06,335.88714982758694,335.0239892551407,0.4472945982661122,-0.4472945982661122,2.8635042597172188e-05,73.5283974637585,4944.544364924664,6808.791712720461,1864.2473477957976,124.3520127156297,2769.913553255413,21.468306824000717,4487394.424484426,111.82828378196383,41,0.05,diffusivity_090_seeded,0.0028084729197309,2.8334869878025206e-09,1.720650355114585e-09,4.5779009977519103e-10,3.184190135743154e-05,430.382458153324,0.042964962917599,0.0557377623595337,228.56265456997548,104.27958201921932,0.0035608251811561535,1.2303035433313709e-06
0.13,3.627822144527541,9.729875260332737,77.6068525447243,90.96454994958458,0.0011589758218741,2.843644685624216,77.10891652453546,3.7574070918596583,3.1288234828488592,0.3671920281099814,0.130647657760017,3.4627740153380244e-08,9.630000852316924e-05,1.341119626592287,4.037243739360885,15.30085529628352,1.6855287352087107,22.3647473974454,1719.898771789135,4612.7951821318175,36792.30266991898,0.6638092840310574,1628.7119258022374,44164.52328383351,2152.0739815151587,1792.0495292566425,210.31109767884297,74.82910904713101,1.983321391610893e-05,0.0551563186249879,0.0398817137724332,0.1069633749161111,0.8531549113114556,1.3270023635649822e-05,0.032559119420284,0.8828804928348329,0.0430215022407505,0.0358243552501717,0.0042042696662662,0.0014958875532141,3.9648016948396704e-10,1.1026143644215404e-06,336.38888754905736,335.58381625823546,0.4420487926461084,-0.4420487926461084,2.8739392985388345e-05,73.55478647772134,4796.405989058787,6650.290125953966,1853.8841368951787,127.31057949377563,2792.796336979887,22.999965764860207,4487394.428285343,113.88760180899048,41,0.05,diffusivity_090_seeded,0.0027490904723479,2.862567683647495e-09,1.7381422989638186e-09,4.667579999971082e-10,3.212666451090646e-05,437.18278287100105,0.0435979171774698,0.0555353191664627,228.64468468746588,104.57723487712694,0.0036588287752691412,1.2529776751077177e-06
0.14,3.601442212843452,9.729875260332737,77.71995533776544,91.05127281094164,0.0011443479302002,2.8886221557664027,77.23412796437201,3.726684480528753,3.1145686240375783,0.3594406888757087,0.1262885520127959,3.4613303958682704e-08,9.809820317794765e-05,1.3147396949081966,4.150346532402005,15.30085529628352,1.6855287352087107,22.45147025880243,1705.8074199676382,4608.513043815036,36811.71837824421,0.6537898524102999,1650.3301164332945,44125.469003144215,2129.132610986775,1779.418048735305,205.35596624811132,72.15128511405217,1.9775302850960096e-05,0.0560455505575134,0.039554001845987,0.1068614963849631,0.8535845017690499,1.3085593738691428e-05,0.0330313316408292,0.8831705765631888,0.0426145561306257,0.0356150246003396,0.0041101964740388,0.001444106850613,3.958023793322086e-10,1.1217508236831075e-06,336.8620047384332,336.10693104284536,0.4373548905823352,-0.4373548905823352,2.8838613882795604e-05,73.57995051603267,4655.357491411088,6495.571166783464,1840.213675372376,130.38981710201523,2814.6868119597407,24.514562675172304,4487394.4212933425,116.06199979551953,41,0.05,diffusivity_090_seeded,0.0026934351743105,2.8901889771236047e-09,1.754755987130319e-09,4.754696287181117e-10,3.2398731680293844e-05,443.8411080106091,0.0442738283327978,0.0553420133274175,228.7229069742901,104.85934885369072,0.003760261589653356,1.276795840402732e-06
0.15,3.5753308475815717,9.729875260332737,77.82917319435577,91.13437930227008,0.001128438564662,2.9332603968341213,77.35495996729686,3.696525742589893,3.10008912090872,0.3518898244231052,0.1222234636876761,3.4564410224392384e-08,9.990444712574752e-05,1.2886283296463164,4.259564388992343,15.30085529628352,1.6855287352087107,22.53457675013089,1691.9426170197903,4604.438389912641,36830.85582527772,0.6431306677436414,1671.752257285544,44086.890163974254,2106.7598570377595,1766.8329041837162,200.55246678067337,69.6587836298685,1.9699284412913718e-05,0.0569385129174324,0.0392314171112428,0.1067640481542224,0.8540045347345347,1.2887577488987716e-05,0.0334999368538052,0.8834491056538892,0.0422169743568899,0.035405240497468,0.0040188340968274,0.0013958795884639,3.9475034714132317e-10,1.1409804167877735e-06,337.3096568276731,336.59806763606605,0.4331093989537661,-0.4331093989537661,2.8933264880672415e-05,73.60401218296815,4520.542756790651,6344.261514446605,1823.7187576559547,133.5852323165656,2835.6893072045323,26.013739914267518,4487394.433624972,118.34418745909858,41,0.05,diffusivity_090_seeded,0.0026410617385497,2.916502735085357e-09,1.770582849849256e-09,4.839531706167274e-10,3.265945707808566e-05,450.3724081617544,0.0449891818821546,0.0551568204080172,228.797702545224,105.12765387616764,0.0038650569107613534,1.3016839161611275e-06
0.16,3.549462283146105,9.729875260332737,77.9349325834155,91.21427012689436,0.001111499349071,2.977605132101941,77.4718816049898,3.6668685687676503,3.0854015594631425,0.3445331245559732,0.1184160997807206,3.448562696402269e-08,0.0001017196727202,1.2627597652108502,4.365323778052077,15.30085529628352,1.6855287352087107,22.61446757475516,1678.281669655451,4600.547912563444,36849.741833190135,0.631972927832916,1692.9976925649546,44048.72740910587,2084.8970062999115,1754.2882582016514,195.89359871693264,67.32866676307096,1.9607733156858137e-05,0.0578354629185593,0.0389134537634101,0.106670537919087,0.8544160083175028,1.2678807881089252e-05,0.0339653670937523,0.8837172094406212,0.0418277546878138,0.0351949946179814,0.0039300691436007,0.0013507655046333,3.933755240623136e-10,1.1603103404646854e-06,337.7347594377243,337.061503226349,0.4292153148279357,-0.4292153148279357,2.9023861466315505e-05,73.62708555487194,4391.176226140624,6196.027711987309,1804.851485846685,136.89200226947145,2855.9000019758123,27.498976807121046,4487394.426019361,120.726858445655,41,0.05,diffusivity_090_seeded,0.0025915824757376,2.941652976271078e-09,1.785709582739082e-09,4.922360241425591e-10,3.291011263665232e-05,456.79095886894834,0.0457405666933384,0.0549788227637377,228.8694260060108,105.38374620609414,0.003973134509715686,1.3275678710982188e-06
0.17,3.523819277328121,9.729875260332737,78.03754856450317,91.29124310216405,0.0010937261748109,3.021685648764759,77.58524176558541,3.637667280790587,3.070522330777389,0.3373650008296908,0.1148382195581965,3.4380450894071696e-08,0.0001035444475667,1.2371167593928665,4.46793975913974,15.30085529628352,1.6855287352087107,22.691440550024836,1664.808397266461,4596.824287208988,36868.396454991314,0.6204262336903776,1714.0789803110015,44010.94208694452,2063.500227403583,1741.782037424239,191.3734000924844,65.14303642455717,1.950262703045677e-05,0.0587365403726411,0.0385997512749893,0.1065805977627452,0.8548196509622653,1.2461486251850538e-05,0.0344278988989224,0.8839757572552097,0.0414461515618516,0.0349843248632105,0.003843804250567,0.001308421547522,3.9171734755543903e-10,1.179744747383146e-06,338.1394727197965,337.5002332265464,0.4255993442339992,-0.4255993442339992,2.9110786064104945e-05,73.64925502623453,4266.654461878311,6050.621804605687,1783.9673427273767,140.30684456673748,2875.389926883172,28.971263310670146,4487394.430184205,123.20490228492476,41,0.05,diffusivity_090_seeded,0.0025446969920088,2.9657442635055204e-09,1.800199131596749e-09,5.003371393725278e-10,3.315162351304984e-05,463.1063233025063,0.046525514731801,0.0548073287809304,228.9383396965009,105.62879563154952,0.004084442535511919,1.354394305879822e-06
0.18,3.4983864310881043,9.729875260332737,78.13730829356896,91.3655699849898,0.0010752963623012,3.065527760766692,77.69535746677033,3.608881778424573,3.0554657211414686,0.3303801149018235,0.111465298694235,3.425213312367315e-08,0.0001053792449447,1.2116839131528494,4.567699488205536,15.30085529628352,1.6855287352087107,22.765767432850613,1651.5082552767997,4593.251669528993,36886.83689863294,0.6085890462269422,1735.0069074116243,43973.498985684506,2042.530781725033,1729.3120614944414,186.98632867142885,63.08638455220836,1.938579331223948e-05,0.0596418405394622,0.0382899863883391,0.1064938932896848,0.855216120321976,1.223759724350551e-05,0.0348877717718337,0.8842255267503402,0.0410715066581933,0.034773258980106,0.0037599483502195,0.0012685502154288,3.898123574057304e-10,1.1992868223775903e-06,338.5257748172361,337.91703559485387,0.4221934007484596,-0.4221934007484596,2.919438758867201e-05,73.67059824813533,4146.42961197456,5907.822653344042,1761.3930413694825,143.8263810693981,2894.2240289889487,30.431483556759886,4487394.431352627,125.77332258938156,41,0.05,diffusivity_090_seeded,0.0025001420860488,2.9888742267575453e-09,1.8141102644654462e-09,5.082745202993058e-10,3.338484686553508e-05,469.3274527388912,0.0473416703663702,0.0546417195375814,229.00468499468485,105.86387642355356,0.004198923114416047,1.3821110737709595e-06
0.19,3.4731529396762597,9.729875260332737,78.23444908709044,91.43747728709944,0.0010563616124404,3.109148698025125,77.80249111743154,3.5804806957823776,3.040245866525233,0.3235737840361528,0.1082769275139351,3.4103478719169034e-08,0.0001072242966013,1.1864504217410046,4.664840281727017,15.30085529628352,1.6855287352087107,22.83767473496025,1638.3700049378867,4589.816819239258,36905.07644304224,0.5965451335002695,1755.7884566164032,43936.37264333976,2021.957547024264,1716.8778711392467,182.7275470083596,61.14579838771098,1.9258806857199808e-05,0.0605513600430173,0.0379839103475164,0.1064101454787782,0.8556059441737053,1.2008833519757836e-05,0.0353451400193333,0.8844671675385839,0.0407032933514348,0.0345618451487345,0.0036784219135635,0.0012309038696908,3.876920493513315e-10,1.2189374471716869e-06,338.8953148117213,338.3141185010136,0.4189391117788457,-0.4189391117788457,2.9274956159678104e-05,73.69117993416282,4030.041780490468,5767.453267400467,1737.4114869099988,147.44747150933324,2912.4560562846564,31.880257897286956,4487394.428712223,128.42770095638235,41,0.05,diffusivity_090_seeded,0.0024576984648648,3.011124147402746e-09,1.8274919071180102e-09,5.16062746927184e-10,3.361049237934367e-05,475.4612776110541,0.0481869673896661,0.054481483732369,229.06866306242785,106.08987629667028,0.004316518264291117,1.4106713578003136e-06
0.2,3.448111803351584,9.729875260332737,78.32916052700942,91.50714759069372,0.0010370489018655,3.1525584400650564,77.9068535196198,3.55243995968493,3.024876860582748,0.3169417343434422,0.1052561595258897,3.3936850118110274e-08,0.0001090796438113,1.161409285416329,4.759551721646002,15.30085529628352,1.6855287352087107,22.90734503855456,1625.3852608209888,4586.509005421326,36923.12496634574,0.5843641990568217,1776.4275961282754,43899.54608325037,2001.755874775441,1704.4806090630843,178.59273791632833,59.31054094604257,1.9122994298635784e-05,0.0614650269380091,0.0376813384980022,0.1063291285600324,0.8559895329419653,1.1776607359765676e-05,0.0358000889452518,0.8847012160033243,0.0403410972222177,0.0343501516993486,0.0035991536701611,0.0011952767711372,3.8538294399546727e-10,1.2386958163670276e-06,339.24943422026377,338.6932794587881,0.4157876246495713,-0.4157876246495713,2.9352726823547314e-05,73.71105257179865,3917.1114499402343,5629.374177818164,1712.262727877929,151.1673840529488,2930.1294135430667,33.31798822055886,4487394.433430652,131.16432646476426,41,0.05,diffusivity_090_seeded,0.002417184329938,3.0325594770431903e-09,1.8403834573396274e-09,5.237130073102682e-10,3.382912906527571e-05,481.5128311422191,0.0490596635062508,0.0543262048970899,229.13043705680312,106.3075148347442,0.004437174928736468,1.4400349009541332e-06
0.21,3.423257382892237,9.729875260332737,78.42161912573322,91.57475176895818,0.0010174749222334,3.1957645061721385,78.00864023457068,3.524738758435534,3.0093719957250618,0.310479973257776,0.1023879389897779,3.3754493690544795e-08,0.0001109452276331,1.1365548649569823,4.852010320369786,15.30085529628352,1.6855287352087107,22.974949216818995,1612.546645892333,4583.3181560961975,36940.99062449257,0.5721097937760693,1796.9270127756292,43863.00448505118,1981.9039468576173,1692.121500243482,174.5778982760569,57.57109229976687,1.8979609229015376e-05,0.0623827181532076,0.0373821093343399,0.1062506321052452,0.8563672585604148,1.1542211342056296e-05,0.0362526766249072,0.8849281612930864,0.0399845527259753,0.0341382444151834,0.0035220774394625,0.0011614863471067,3.8291017440034056e-10,1.2585600261513529e-06,339.5893912855816,339.05617919871673,0.4126923141820411,-0.4126923141820411,2.9427919018451253e-05,73.73026559355631,3807.291345523576,5493.461737211273,1686.1703916876977,154.98304288638252,2947.284612204497,34.744998301029526,4487394.430305701,133.97928344905506,41,0.05,diffusivity_090_seeded,0.0023784368646963,3.053242803180142e-09,1.8528225862866487e-09,5.312361358403116e-10,3.404129592190164e-05,487.4868628255469,0.0499579856148299,0.0541755036934393,229.19016063853093,106.5174655853963,0.004560828435293623,1.4701595549981669e-06
0.22,3.398588274749253,9.729875260332737,78.5119578017204,91.6404213368024,0.0009977362751921,3.2387664617294165,78.10799999068149,3.497363217135841,2.993745581467477,0.3041850655546638,0.0996598914628236,3.3558276128969505e-08,0.0001128207463297,1.111885756813998,4.942348996356989,15.30085529628352,1.6855287352087107,23.040618784663216,1599.8496821165013,4580.236434619318,36958.67830318276,0.5598342076931068,1817.2860916138347,43826.741972326185,1962.38586725052,1679.803799168075,170.67957675897296,55.91960296835527,1.8829696178571777e-05,0.0633042164581174,0.0370861266804804,0.106174492853682,0.8567393804658375,1.1306712014590687e-05,0.0367028848963487,0.8851483943091104,0.0396333978124245,0.0339262187576442,0.0034471363033318,0.0011293823029121,3.8029464632154045e-10,1.2785259188620668e-06,339.9161698241434,339.40408232405355,0.4096150454619842,-0.4096150454619842,2.950070296406408e-05,73.74885729401535,3700.305855735298,5359.627991453009,1659.3221357177108,158.89160625499173,2963.9527433581334,36.16136872309751,4487394.432044411,136.8691912742764,41,0.05,diffusivity_090_seeded,0.0023413232353019,3.0732219276878742e-09,1.8648380667675736e-09,5.386395500828548e-10,3.4247401010927893e-05,493.3861719432173,0.0508804117229461,0.0540290832986439,229.2479528461196,106.72024909488802,0.004687414079611537,1.5010079129279168e-06
0.23,3.3741040694090287,9.729875260332737,78.60029791483502,91.7042772445768,0.0009779203568518,3.281562000261226,78.20506848929047,3.470301797666663,2.978011462404846,0.298053710521858,0.0970609761362055,3.334994868396708e-08,0.0001147058174976,1.0874015514737736,5.030689109471593,15.30085529628352,1.6855287352087107,23.104474692437595,1587.2906579435626,4577.256594929914,36976.19161274133,0.5475843315895796,1837.5033527960336,43790.754385647866,1943.1877831102947,1667.5309033924457,166.89451314758503,54.34907798838972,1.8674229686194253e-05,0.0642292677147199,0.0367933118365923,0.1061005609845547,0.8571061271788529,1.1071069998750512e-05,0.0371506762852211,0.885362270491277,0.0392874060239825,0.0337141702045164,0.0033742763093688,0.0010988306495738,3.775559162338451e-10,1.2985885055803928e-06,340.2306822967906,339.73817460965,0.4065200063776626,-0.4065200063776626,2.957123556101815e-05,73.76686329620706,3595.9062815205543,5227.796561479674,1631.89027995912,162.88999248256204,2980.1624805843408,37.567122998879654,4487394.432474474,139.83055311270206,41,0.05,diffusivity_090_seeded,0.0023057242407484,3.0925417941858115e-09,1.8764569499292006e-09,5.459301992110695e-10,3.444782439179781e-05,499.2132764610534,0.0518254129952907,0.0538866750350735,229.3039244135832,106.91634818742077,0.0048168583382343175,1.5325414957307925e-06
0.24,3.349806803463111,9.729875260332737,78.68673983302895,91.7664218968248,0.0009581038131954,3.32414427674966,78.299958558168,3.443546925777854,2.9621840578052216,0.2920829824708921,0.0945816593738051,3.313108674561741e-08,0.0001165998852169,1.063104285527856,5.117131027665527,15.30085529628352,1.6855287352087107,23.16661934468561,1574.8674557502077,4574.372432513284,36993.53217445499,0.5354009574146212,1857.5753523204603,43755.04219918672,1924.299116203964,1655.3072420177552,163.21979550198648,52.85346982777224,1.8514085133039737e-05,0.0651575427629176,0.0365036222860403,0.1060287091859402,0.8574676685280195,1.0836124296906802e-05,0.0375959682735996,0.8855700934423497,0.0389464085165354,0.033502209466883,0.0033034494378118,0.0010697156227403,3.7471155956445085e-10,1.3187410714942331e-06,340.5337127612454,340.0594432667657,0.4033754671200344,-0.4033754671200344,2.963965030987568e-05,73.7843140545677,3493.882935724515,5097.9110029398,1604.028067215285,166.97492065346847,2995.937988159229,38.96214419800249,4487394.431318108,142.85987093751558,41,0.05,diffusivity_090_seeded,0.0022715371678987,3.111240796441112e-09,1.887702344425713e-09,5.531135189753172e-10,3.4642886250770055e-05,504.9697891525393,0.0527915012102397,0.0537480529048825,229.35817000838392,107.10617322296824,0.004949078258688043,1.5647216352048833e-06
0.25,3.325700618437167,9.729875260332737,78.77136303178624,91.82693891055614,0.0009383525282296,3.3665024644814245,78.39276055787775,3.417094468759716,2.946278327091594,0.2862702053116116,0.092213733507909,3.2903081561891015e-08,0.0001185022437731,1.038998100501912,5.2017542264228105,15.30085529628352,1.6855287352087107,23.227136358416956,1562.57937751211,4571.578795539876,37010.69985963755,0.5233188159660043,1877.497028737108,43719.61006260156,1905.7121685483835,1643.138201533768,159.6527748187182,51.42756094685464,1.8350034945915592e-05,0.06608865222293,0.0362170476103593,0.1059588327321909,0.8578241196574498,1.0602592657089796e-05,0.0380386403149875,0.8857721191715778,0.0386102873207034,0.0332904617580144,0.0032346120306266,0.0010419374641835,3.717770885340088e-10,1.3389754723081063e-06,340.82591871274263,340.36872184445866,0.4001540409537206,-0.4001540409537206,2.9706057668074827e-05,73.8012349094511,3394.0628709929824,4969.932332707095,1575.8694617141125,171.1430171796756,3011.299065953103,40.346194535848014,4487394.433426296,145.95374237856552,41,0.05,diffusivity_090_seeded,0.0022386740193286,3.129350640656521e-09,1.8985933341623674e-09,5.601933759083977e-10,3.483284672921404e-05,510.6564387593857,0.0537772605782045,0.0536130302058386,229.4107684008845,107.2900653234858,0.005083984337827765,1.5975104039672298e-06
0.26,3.301790416646036,9.729875260332737,78.85424112593864,91.88590680291742,0.0009187266133552,3.4086243111785266,78.48355812116212,3.390941819193432,2.9303091299607766,0.2806128103492236,0.0899497497251231,3.266726188441288e-08,0.0001204121004475,1.0150878987107803,5.284632320575214,15.30085529628352,1.6855287352087107,23.286104250778223,1550.426234759307,4568.870812787458,37027.6936862277,0.5113692651063606,1897.2626717159883,43684.46375225488,1887.42048057858,1631.0293013608546,156.19093266891147,50.06662128296176,1.818281244935384e-05,0.0670221657026877,0.0359335890728914,0.1058908335225115,0.858175577404597,1.037112659247544e-05,0.0384785568672221,0.8859685839836462,0.0382789464932741,0.0330790536598477,0.0031677225164659,0.0010154057015435,3.6876727364571816e-10,1.359282640617571e-06,341.1079228867272,340.66679041503284,0.3968298803038049,-0.3968298803038049,2.97705614577084e-05,73.81764995708474,3296.2903883144054,4843.828935904281,1547.5385475898754,175.39054244431722,3026.2642931189853,41.718992547285914,4487394.431954997,149.10851401397426,41,0.05,diffusivity_090_seeded,0.0022070545256573,3.1469018200025843e-09,1.9091482719794884e-09,5.67173433652857e-10,3.5017952914814846e-05,516.2738212470932,0.0547812151691419,0.0534814359543154,229.46179449408731,107.46834632474209,0.00522147492293936,1.6308675329208867e-06
0.27,3.2780834680012694,9.729875260332737,78.93542777016918,91.9433864985032,0.0008992772595796,3.450493117407059,78.5724135272072,3.3650898342407665,2.9142923086849093,0.2751085346133515,0.0877833474434285,3.2424794853180065e-08,0.0001223284804445,0.9913809500660142,5.365818964805751,15.30085529628352,1.6855287352087107,23.343583946364,1538.4093330965077,4566.244592755103,37044.51090979557,0.4995787085560734,1916.8647679154228,43649.61357568669,1869.420376926812,1618.98721714389,152.83202702037516,48.76659659893354,1.801306211781492e-05,0.0679575777426678,0.0356532817948209,0.1058246343851075,0.8585220838200716,1.014227784853451e-05,0.0389155397163662,0.8861596807144321,0.0379523397490342,0.0328681305033158,0.0031027440834608,0.0009900429381054,3.656950902287794e-10,1.3796517417078043e-06,341.3802298749885,340.95427057116774,0.3933814194297879,-0.3933814194297879,2.98332439526101e-05,73.83357843609816,3200.443615014514,4719.586574205708,1519.1429591911938,179.7135752850045,3040.8480849433217,43.08012083223692,4487394.432793742,152.3205575760418,41,0.05,diffusivity_090_seeded,0.0021766108755456,3.163918328416533e-09,1.919381599637196e-09,5.74055715061969e-10,3.51983935615306e-05,521.8215913266419,0.0558019358872524,0.0533531352181972,229.5113080911757,107.64127207295408,0.0053614389330733005,1.6647527663523093e-06
0.28,3.254587605214052,9.729875260332737,79.01497117965798,91.99943404520477,0.000880050375777,3.4920910804793848,78.65938301154348,3.3395405106211307,2.898243669232219,0.2697551479781755,0.0857087376278822,3.217678325972406e-08,0.000124250331754,0.9678850872787964,5.445362374294553,15.30085529628352,1.6855287352087107,23.399631493065577,1526.5303724044004,4563.696512826615,37061.148142753176,0.4879705117223314,1936.2953740209296,43615.07072366617,1851.7091029548712,1607.0187404016424,149.573889429244,47.52379830804981,1.784138933974337e-05,0.0688943492742428,0.0353761698535545,0.1057601643022268,0.8588636658442186,9.91653807547112e-06,0.0393493998931706,0.8863455866810895,0.0376304374609366,0.0326578392430741,0.0030396409905716,0.0009657787593545,3.6257276301881277e-10,1.4000711546102431e-06,341.64331220690684,341.23174999243645,0.3897889109087339,-0.3897889109087339,2.98941813761112e-05,73.84903842993639,3106.415481200317,4597.196514413896,1490.781033213579,184.10788627197985,3055.063774144356,44.42912967762751,4487394.4329733895,155.58605071946263,41,0.05,diffusivity_090_seeded,0.0021472811700816,3.180422855283624e-09,1.92930697321608e-09,5.808419787501978e-10,3.537434441928759e-05,527.2992723010312,0.0568379529006857,0.0532280056650729,229.5593654044476,107.8090813703555,0.005503754544987019,1.699124073059964e-06
0.29,3.231311993896623,9.729875260332737,79.0929097365686,92.05409699079796,0.000861086324172,3.533397885661659,78.74451216374838,3.314297831524509,2.8821795431465667,0.2645505850197786,0.0837207794061095,3.1924245010782164e-08,0.0001261764701906,0.9446094759613682,5.52330093120518,15.30085529628352,1.6855287352087107,23.45429443865877,1514.7918702713905,4561.223419758173,37077.60095322321,0.4765649287342521,1955.5455292930944,43580.84871875338,1834.2854433360485,1595.1312313543335,146.41450822921522,46.33494476829712,1.766835115293052e-05,0.0698318842564015,0.0351023159156038,0.1056973625117996,0.8592003215725966,9.694336611280828e-06,0.0397799239444747,0.8865264559165549,0.0373132378333027,0.0324483363410463,0.0029783801575979,0.0009425505830695,3.5941155782853046e-10,1.4205279309570448e-06,341.89758535537374,341.49973203229587,0.3860352564800773,-0.3860352564800773,2.995343941216605e-05,73.86404574512719,3014.118815090957,4476.659723440603,1462.5409083496463,188.5689206272218,3068.9226591518777,45.76549284221687,4487394.432397863,158.90100344400918,41,0.05,diffusivity_090_seeded,0.002119010702149,3.1964351482135863e-09,1.938936278172098e-09,5.875332273403367e-10,3.5545953874452935e-05,532.7059542615788,0.0578877691650117,0.0531059442108246,229.60601556841544,107.971980742716,0.0056482877390250374,1.7339377863896319e-06
0.3,3.2082669150884584,9.729875260332737,79.16927188747702,92.1074140628982,0.0008424198089317,3.574391072511693,78.82783595716778,3.2893674855865505,2.866116702234491,0.2594928766660987,0.0818149163789377,3.166810549362372e-08,0.0001281055961908,0.9215643971532036,5.599663082113612,15.30085529628352,1.6855287352087107,23.507611510759045,1503.1970592200787,4558.822649426318,37093.8640180345,0.465379062086692,1974.6054724969863,43546.96313538564,1817.1495245842625,1583.332548184325,143.35198470009828,45.19711982724167,1.7494452381613796e-05,0.070769539808144,0.0348317988050082,0.1056361787954269,0.8595320223995648,9.47603945769882e-06,0.0402068784248051,0.8867024207827386,0.0370007634599844,0.0322397867105988,0.0029189303387794,0.0009203028794138,3.5622170089836107e-10,1.4410080002701896e-06,342.1434065994024,341.75865254324134,0.3821062509103362,-0.3821062509103362,3.00110730648408e-05,73.87861386974339,2923.48528568075,4357.9855404814525,1434.500254800702,193.09187749876105,3082.4340235003515,47.088620042800024,4487394.433477621,162.26133155742323,41,0.05,diffusivity_090_seeded,0.0020917513334471,3.2119718448379357e-09,1.94827952834921e-09,5.941296682422416e-10,3.571334210203884e-05,538.0403046735127,0.0589498857083876,0.0529868657943623,229.65130051068596,108.13014484804904,0.005794894443842606,1.7691493271584348e-06
0.31,3.18546303476673,9.729875260332737,79.24408335107131,92.15942164617076,0.0008240819251777,3.6150474212218273,78.90938626894696,3.2647559006515667,2.850071938459341,0.2545800714959647,0.0799869428862487,3.1409249798098044e-08,0.000130036333013,0.8987605168314748,5.674474545707885,15.30085529628352,1.6855287352087107,23.55961909403159,1491.7494192235345,4556.491665514394,37109.93159414221,0.4544279570316116,1993.465168944128,43513.430033163415,1800.302019511007,1571.630597416481,140.384466952023,44.10763291181619,1.7320172644930768e-05,0.0717066390435101,0.0345647029665261,0.1055765659824647,0.8598587310510092,9.26197176584412e-06,0.0406300224826832,0.8868736048608858,0.0366930471963527,0.0320323562720318,0.0028612609527064,0.0008989844140664,3.53012941951842e-10,1.4614964945881762e-06,342.3811174736928,342.0089234257234,0.3779893384871208,-0.3779893384871208,3.0067134317563774e-05,73.89275578770126,2834.456530093392,4241.186720112463,1406.7301900190716,197.6715960821512,3095.6066154204827,48.39789889507422,4487394.432676365,165.66270357895817,41,0.05,diffusivity_090_seeded,0.0020654585016855,3.227049066720749e-09,1.9573464265164973e-09,6.006313952452695e-10,3.58766234147356e-05,543.3009497178825,0.060022744325618,0.0528706925887125,229.69526059169755,108.28373962732152,0.005943418430169253,1.8047119157471453e-06
0.32,3.162912122418949,9.729875260332737,79.31736055454283,92.21014793729452,0.0008060988917127,3.655341594256696,78.98918509731926,3.2404711014401,2.834062564635938,0.2498103170138672,0.078233141877438,3.114847785889985e-08,0.0001319671838958,0.8762096044836939,5.74775174917941,15.30085529628352,1.6855287352087107,23.61034538515533,1480.4531188303936,4554.228387469026,37125.79713424423,0.4437239781713953,2012.11381190792,43480.267500960166,1783.744827170376,1560.033797956093,137.51020971896614,43.06409709228686,1.7145944066698114e-05,0.0726424566865842,0.0343011283809003,0.1055184866089719,0.8601803850101276,9.0524044593074e-06,0.0410490956982127,0.8870401122779437,0.0363901443737316,0.0318262199114989,0.0028053431793118,0.0008785498276671,3.497940795718283e-10,1.4819773805207248e-06,342.6110047202997,342.2508849821192,0.3736749615127133,-0.3736749615127133,3.012166518788148e-05,73.90648228927923,2746.991193159048,4126.283785054059,1379.2925918950116,202.3026645082233,3108.4472774699548,49.69265365697784,4487394.433146253,169.10069364513834,41,0.05,diffusivity_090_seeded,0.0020400932674071,3.241679907144555e-09,1.9661448530678304e-09,6.070376943281942e-10,3.60358848658585e-05,548.4860901005442,0.0611047853367467,0.0527573631520517,229.7379293529767,108.432900547485,0.006093693126933015,1.840577885290854e-06
0.33,3.140626180493402,9.729875260332737,79.38911738989206,92.2596188307182,0.0007884936355128,3.695247767136936,79.06725164282498,3.216521625933329,2.818105867262469,0.2451817462186662,0.0765500733767578,3.0886547483748935e-08,0.0001338965852245,0.8539236625581472,5.819508584528629,15.30085529628352,1.6855287352087107,23.659816278579004,1469.3124957019554,4552.030862642247,37141.45380568411,0.4332776429219842,2030.540476736352,43447.493906328215,1767.480225234222,1548.55056867763,134.7274908820621,42.06430320342969,1.697217312737434e-05,0.0735762398432724,0.0340411787984508,0.1054619061258589,0.8604969150756901,8.847571497510997e-06,0.0414638335025972,0.8872020400857102,0.0360921176494037,0.0316215528257792,0.0027511484327243,0.0008589571517594,3.465734216053643e-10,1.5024339546838418e-06,342.8333398052397,342.48486176922074,0.369155423626295,-0.369155423626295,3.017470483931036e-05,73.91980367015941,2661.056391981615,4013.2996097245473,1352.243217742932,206.97936676971813,3120.9623663559687,50.97219521106704,4487394.433223583,172.57068038800085,41,0.05,diffusivity_090_seeded,0.0020156195454627,3.255876866677981e-09,1.974682331379986e-09,6.133477142705296e-10,3.6191207487050456e-05,553.5938945476911,0.0621944082462399,0.0526468219298133,229.77933879859955,108.57775505402287,0.006245541300103608,1.8766979114858593e-06
0.34,3.11861768810876,9.729875260332737,79.45936353256214,92.30785648100364,0.0007712856913766,3.7347391797470015,79.14360056343956,3.19291679377663,2.8022192868091045,0.2406925165151576,0.0749345990931255,3.0624164280902194e-08,0.0001358228902815,0.831915170173505,5.889754727198707,15.30085529628352,1.6855287352087107,23.70805392886444,1458.332195711443,4549.897349233735,37156.89439334506,0.4230975983990951,2048.733945495009,43415.12840369229,1751.511070980436,1537.1894794526268,132.03463622983864,41.10623244768209,1.6799236009554544e-05,0.0745072018426495,0.033784964866458,0.1054067945162943,0.8608082406172477,8.647669068509772e-06,0.0418739629747353,0.8873594755029759,0.035799040620842,0.0314185331332515,0.0026986488318936,0.0008401680751812,3.4335868169449536e-10,1.522848693052928e-06,343.0483682118755,342.7111395126121,0.364425293456315,-0.364425293456315,3.022628775242806e-05,73.93272926711401,2576.6293984324866,3902.260755727815,1325.6313572953284,211.6957059674336,3133.15736679011,52.235807071992,4487394.432882788,176.06788503352374,41,0.05,diffusivity_090_seeded,0.0019920045528648,3.2696511413651267e-09,1.9829655995552486e-09,6.195602609770675e-10,3.6342660237593634e-05,558.6223810707298,0.0632899865442845,0.0525390217627571,229.81951795187567,108.71841611480092,0.006398775324525051,1.9130213451348434e-06
0.35,3.096899422914517,9.729875260332737,79.52810436467864,92.35487904792588,0.0007544911140919,3.773788454111071,79.21824196141637,3.16966650321919,2.786420303002474,0.2363407714237861,0.0733838573843672,3.0361975440970765e-08,0.0001377443861713,0.8101969049792616,5.958495559315212,15.30085529628352,1.6855287352087107,23.755076495786703,1447.517092662502,4547.826333846816,37172.11142316689,0.4131905868639899,2066.6828766185267,43383.19070300062,1735.8406721654626,1525.9591779724942,129.42999621938432,40.18804003474863,1.662747541553629e-05,0.0754345315622115,0.0335326022278415,0.1053531265552694,0.8611142712168891,8.452854743692528e-06,0.0422792065277213,0.8875124966268579,0.0355109954739557,0.0312173405839272,0.0026478167516416,0.0008221476375483,3.4015691283913866e-10,1.543203447090519e-06,343.25630784582154,342.92997267375125,0.3594815451521875,-0.3594815451521875,3.0276443515964456e-05,73.94526739957699,2493.696917120626,3793.196552526817,1299.499635406191,216.4454826986092,3145.036883025478,53.482755614333335,4487394.43353812,179.58744016426067,41,0.05,diffusivity_090_seeded,0.0019692185632494,3.2830124803225724e-09,1.9910005248356078e-09,6.256737775980526e-10,3.649029923927966e-05,563.5694285227889,0.0643898908724411,0.0524339233245281,229.85849267372384,108.85498196266738,0.006553199431210103,1.9494968939985784e-06
0.36,3.075484228252152,9.729875260332737,79.5953442908422,92.40070377942708,0.0007381236687721,3.812368065751733,79.29118479064059,3.146780901089101,2.770726293491901,0.232124643808144,0.0718951672937711,3.01005987366797e-08,0.000139659302113,0.788781710316897,6.025735485478784,15.30085529628352,1.6855287352087107,23.80090122728791,1436.8721215008638,4545.816355949405,37187.09729094319,0.4035620892480591,2084.3759476738496,43351.70046273717,1720.4725015280574,1514.8682247193406,126.91193926488076,39.30799830356228,1.645721581317086e-05,0.0763573939275413,0.0332842078302103,0.1053008782655947,0.8614149139041949,8.263260624156425e-06,0.0426792856743415,0.8876611777172345,0.0352280678874225,0.0310181537999094,0.0025986247430149,0.000804863100995,3.3697482254986927e-10,1.5634794828728768e-06,343.45736977714097,343.1416045941592,0.3543229136001284,-0.3543229136001284,3.0325200475387595e-05,73.95742622389423,2412.2511648110985,3686.1374052248566,1273.8862404137583,221.2222041835156,3156.605326301434,54.71230344098337,4487394.433003946,183.12428283627648,41,0.05,diffusivity_090_seeded,0.0019472336507422,3.2959704774911742e-09,1.998792880767815e-09,6.316866794728465e-10,3.6634178643965616e-05,568.4329501670263,0.0654924510464141,0.052331490446672,229.89628831810415,108.98754721242872,0.006708607691472239,1.986071707607016e-06
0.37,3.054384953450859,9.729875260332737,79.66108443205856,92.44534464584216,0.000722193900007,3.850450419052838,79.36243455198553,3.124270366133664,2.755154475146233,0.2280422138091577,0.0704660705954669,2.9840592791115423e-08,0.0001415658279319,0.767682435515604,6.0914756266951375,15.30085529628352,1.6855287352087107,23.84554209370297,1426.40229566608,4543.866152890443,37201.84437811594,0.394215842739581,2101.8019632387163,43320.67747798685,1705.4102441458206,1503.9251138605098,124.4788324798875,38.46451957579097,1.628874798704759e-05,0.0772749425891819,0.0330399001177636,0.1052500295997365,0.8617100702824998,8.078983242822535e-06,0.0430739229624375,0.8878055863512742,0.0349503477304277,0.03082115043602,0.0025510451196033,0.0007882844254468,3.3381845112919383e-10,1.5836577290489274e-06,343.651740192142,343.34624566705395,0.3489505292836094,-0.3489505292836094,3.037258281559642e-05,73.96921302199465,2332.29176539615,3581.1148794857118,1248.8231140895614,226.0192682656177,3167.866378507101,55.92371281105151,4487394.433321184,186.6733348351382,41,0.05,diffusivity_090_seeded,0.0019260243400165,3.308533396003777e-09,2.006347639885783e-09,6.375970780012124e-10,3.67743413882902e-05,573.2107745317853,0.0665960176002222,0.0522316930364118,229.9329275208563,109.1161933120859,0.006864788943317978,2.0226930597516656e-06
0.38,3.033614383411578,9.729875260332737,79.72532502820314,92.48881467194744,0.0007067103227344,3.888008025378408,79.43199573342164,3.102145364954871,2.739721869999456,0.2240915437506593,0.0690942593387321,2.9582485456508757e-08,0.0001434621097762,0.7469118654763235,6.155716222839716,15.30085529628352,1.6855287352087107,23.889012119808267,1416.1126287023933,4541.974519635839,37216.345036205625,0.385154489146247,2118.9498676301973,43290.14131305834,1690.657649761666,1493.1381972170411,122.12905525607594,37.65611354816165,1.612234420121616e-05,0.078186314569313,0.0327997974043849,0.1052005617635391,0.861999640832076,7.900096778891303e-06,0.0434628428218609,0.887945786905218,0.0346779264671079,0.0306265059727627,0.0025050502674297,0.0007723834194606,3.3069348295676156e-10,1.6037186876663233e-06,343.839598045079,343.5440991097116,0.3433673300723044,-0.3433673300723044,3.041861347733341e-05,73.98063488296417,2253.822771360685,3478.1609279304303,1224.3381565697457,230.8298523427731,3178.823539831187,57.116249682778445,4487394.433352396,190.22938253406903,41,0.05,diffusivity_090_seeded,0.0019055666602956,3.320709271557363e-09,2.013669637640394e-09,6.434030524805142e-10,3.691082820072363e-05,577.9007753175097,0.0676989200346837,0.0521345035362369,229.96843231836817,109.2409981836014,0.0070215240574447585,2.0593072813679464e-06
0.39,3.0131850260278203,9.729875260332737,79.78806552446738,92.53112581082794,0.0006916791650001,3.925013887709948,79.4998719423124,3.0804162323137168,2.724445140309069,0.2202706380506954,0.0677775685030577,2.9326764088273657e-08,0.0001453462746007,0.7264825080925653,6.218456719103958,15.30085529628352,1.6855287352087107,23.931323258688757,1406.0080404820535,4540.140326845277,37230.59178008617,0.3763794428708292,2135.8089343579263,43260.11108046544,1676.2184029762616,1482.5155880493412,119.8609763390886,36.88138195158017,1.5958253027249105e-05,0.0790906429248222,0.032564015617707,0.1051524573495911,0.8622835270327017,7.726650262207389e-06,0.0438457757862858,0.8880818412224316,0.034410894665462,0.0304343918726167,0.002460612187517,0.0007571336451139,3.276051396347998e-10,1.6236427054358438e-06,344.02111173549906,343.73535060733104,0.3375781657140767,-0.3375781657140767,3.046331383870165e-05,73.99169861090301,2176.852191080905,3377.306926518866,1200.4547354379608,235.6470232106392,3189.480079681048,58.28919591871442,4487394.433098175,193.7871709651662,41,0.05,diffusivity_090_seeded,0.0018858380784389,3.3325056852298154e-09,2.020763435648328e-09,6.491026255023621e-10,3.704367625301618e-05,582.500878807677,0.0687994974001673,0.052039896787696,230.0028238611512,109.36203446389376,0.007178589223221514,2.0958606812462347e-06
0.4,2.9931089681106675,9.729875260332737,79.84930443889063,92.57228866733402,0.0006771043110375,3.961441769152559,79.56606580217071,3.0590930189047465,2.70934047227543,0.2165774238159609,0.0665139677195235,2.907387034345889e-08,0.0001472164481781,0.7064064501754125,6.27969563352721,15.30085529628352,1.6855287352087107,23.97248611519485,1396.093295632339,4538.362539758773,37244.57738617119,0.3678908702583096,2152.3688982248323,43230.60526100781,1662.096038351162,1472.0650982773132,117.67294289393362,36.13901295529041,1.5796696739447216e-05,0.0799870660306518,0.0323326668401452,0.1051057006411262,0.8625616325187285,7.5586670396225935e-06,0.0442224615052223,0.8882138087848732,0.0341493403545217,0.0302449743607797,0.0024177022775347,0.0007425103152949,3.245581247926509e-10,1.6434101753530763e-06,344.1964371016433,343.9201720487603,0.3315898185657412,-0.3315898185657412,3.050670342665109e-05,74.00241064418984,2101.3914752605524,3278.583031155307,1177.1915558947544,240.4638221908941,3199.839004072608,59.44185755774759,4487394.433586053,197.3414746028062,41,0.05,diffusivity_090_seeded,0.0018668174277081,3.3439296158811183e-09,2.027633232942147e-09,6.546937471091262e-10,3.717291827874207e-05,587.0090703344812,0.0698961208749349,0.0519478498437806,230.0361221628731,109.47936884146088,0.007335758508416568,2.132300230204995e-06
0.41,2.973398085569953,9.729875260332737,79.90904042635235,92.61231377225504,0.0006629883258675,3.9972658518851056,79.63057996784205,3.0381856701616274,2.694423738286001,0.2130098279457265,0.0653015310124089,2.8824223538722764e-08,0.0001490707293061,0.6866955676346976,6.339431620988921,15.30085529628352,1.6855287352087107,24.012511220115847,1386.3730760418782,4536.640135619646,37258.29471575833,0.359688253075721,2168.619740720668,43201.64184272568,1648.2940250721504,1461.7943177228915,115.56332127190554,35.427763501396285,1.5637884117099812e-05,0.0808747124448809,0.0321058611372338,0.1050602761557138,0.8628338627070523,7.39615620317943e-06,0.0445926443538647,0.8883417475280889,0.033893350627813,0.0300584159153025,0.0023762921590472,0.0007284899368967,3.215568832962144e-10,1.6630012267974584e-06,344.3657277231289,344.098730490991,0.3254106191471596,-0.3254106191471596,3.054880149732988e-05,74.0127774120376,2027.454443836988,3182.018958925014,1154.564515088026,245.273126967596,3209.903312702761,60.5735527476065,4487394.433147637,200.8869660963585,41,0.05,diffusivity_090_seeded,0.0018484845263755,3.354988090029986e-09,2.034283257025444e-09,6.601744260362518e-10,3.729858742935288e-05,591.4234301499603,0.070987149643506,0.0518583407451623,230.06834720871015,109.5930671236891,0.007492800068362475,2.1685723433207163e-06
0.42,2.954063337201264,9.729875260332737,79.96727257138123,92.65121116891522,0.000649331404192,4.032462004359076,79.69341757388055,3.017703311830033,2.679709944143627,0.2095656343114953,0.0641384273419513,2.8578191919754988e-08,0.0001509072691998,0.6673608192660091,6.397663766017806,15.30085529628352,1.6855287352087107,24.051408616776044,1376.851667132491,4534.9721532621215,37271.73726080576,0.3517698170325927,2184.5523138207755,43173.23748348047,1634.8153423780884,1451.7102833255185,113.53041661337612,34.74645258981312,1.5481994676112946e-05,0.0817527415624888,0.0318836990896494,0.1050161691096936,0.8631001318006569,7.239100900228771e-06,0.0449560873499035,0.8884657159300748,0.0336430035883962,0.0298748690480156,0.0023363520726199,0.0007150501948817,3.186052815520612e-10,1.682396602509956e-06,344.52912730312704,344.27117909141856,0.3190505926368868,-0.3190505926368868,3.058962629730632e-05,74.02280515083925,1955.055994337953,3087.6408099239934,1132.5848155860403,250.0679688438259,3219.675937919092,61.68365229189527,4487394.433404047,204.41848285357185,41,0.05,diffusivity_090_seeded,0.0018308200466839,3.365687681362087e-09,2.04071746263558e-09,6.655427091712364e-10,3.74207146490688e-05,595.7421906901893,0.0720710160644465,0.0517713476584231,230.09951838445852,109.7031910758342,0.007649485715859075,2.204625448278579e-06
0.43,2.935115373974187,9.729875260332737,80.02400006569843,92.68899070000536,0.000636132635948,4.067006714286635,79.75458176192174,2.997654855939372,2.665213690106728,0.206242632503477,0.0630229187280365,2.8336120489688224e-08,0.0001527242092155,0.6484128560389317,6.454391260335012,15.30085529628352,1.6855287352087107,24.08918814786617,1367.5332300945863,4533.35765304647,37284.89866712013,0.3441332354635129,2200.1577975219684,43145.40822742996,1621.662851552838,1441.8197692548335,111.57255641845548,34.09396044884681,1.532919437479829e-05,0.0826203110497894,0.0316662782905242,0.1049733650873832,0.8633603566220924,7.087472547170932e-06,0.0453125603180351,0.8885857709631612,0.0333983752707496,0.0296944816120366,0.0022978525441415,0.0007021699266566,3.157069213477615e-10,1.7015769651408505e-06,344.68677624306457,344.4376681399227,0.3125211788162307,-0.3125211788162307,3.062919566525126e-05,74.03250002694551,1884.212638007332,2995.4738431026544,1111.2612050953223,254.8413022779159,3229.1597863210304,62.7715446679679,4487394.433415923,207.93082716994488,41,0.05,diffusivity_090_seeded,0.0018138055482534,3.376034920940127e-09,2.0469397787240613e-09,6.707966997025908e-10,3.7539330830815726e-05,599.9636828592871,0.0731461603476127,0.0516868495427905,230.12965485818853,109.80980124211362,0.007805584111057728,2.240408057448873e-06
0.44,2.9165639803679104,9.729875260332737,80.07922342591147,92.72566266661212,0.0006233895602794,4.100878109325441,79.814077021474,2.978048416798156,2.6509487342091376,0.2030385222504447,0.0619533343480538,2.8098318937962033e-08,0.0001545197407842,0.6298614624326554,6.509614620548053,15.30085529628352,1.6855287352087107,24.12586011447294,1358.4215365635002,4531.795698870657,37297.773155422525,0.3367753818128833,2215.428167287526,43118.168759352695,1608.8389291838553,1432.1290073086789,109.68803491505416,33.469212766881576,1.51796287451297e-05,0.0834766059875979,0.03145368710768,0.1049318492909103,0.8636144636014096,6.941225803519518e-06,0.0456618505718574,0.8887019709748828,0.0331595327094377,0.0295173915800739,0.0022607632843921,0.0006898288171492,3.1286500268028236e-10,1.7205235381287034e-06,344.83881218075715,344.5983409938745,0.3058350810961862,-0.3058350810961862,3.0667527579189804e-05,74.04186825635134,1814.940629939748,2905.5398449814284,1090.5992150416805,259.5862043183707,3238.3578905646705,63.83666810249884,4487394.433189412,211.41892230351056,41,0.05,diffusivity_090_seeded,0.0017974231055334,3.386036327353235e-09,2.052954126479398e-09,6.759346479828244e-10,3.765446816856962e-05,604.086427383124,0.0742110786441972,0.0516048243527195,230.15877595228923,109.9129577602597,0.007960867080110833,2.275870301002341e-06
0.45,2.8984179838185646,9.729875260332737,80.13294420879738,92.76123745294868,0.0006110981287416,4.13405613172022,79.87190891066189,2.958891221071417,2.6369279075410974,0.1999509070239235,0.0609280711248102,2.7865057305288442e-08,0.0001562921218331,0.6117154658833095,6.563335403433962,15.30085529628352,1.6855287352087107,24.1614349008095,1349.5199342760186,4530.285381592514,37310.35558216076,0.3296923175866359,2230.356276669871,43091.53230930419,1596.3454284675977,1422.6436512517737,107.87511013331908,32.87118063442046,1.5033420805235882e-05,0.084320847085273,0.0312460038632918,0.1048916069631781,0.8638623891735301,6.800298240163863e-06,0.0460037648866081,0.88881437539691,0.0329265331002115,0.0293437262621247,0.0022250531251894,0.000678007402346,3.100822785129778e-10,1.739218287646117e-06,344.9853674196147,344.7533358757163,0.2990061963433901,-0.2990061963433901,3.070463974064969e-05,74.05091599359639,1747.2557157620806,2817.8567907725646,1070.601075010484,264.2959579744725,3247.2733451823715,64.87851577054073,4487394.433613226,214.87788016365727,41,0.05,diffusivity_090_seeded,0.0017816553413452,3.3956982298564647e-09,2.0587643129620316e-09,6.80954925244348e-10,3.776615893797613e-05,608.1091287118768,0.0752643434195858,0.0515252491858314,230.18690079811637,110.0127192726084,0.008115112174516069,2.31096455001492e-06
0.46,2.880685805227413,9.729875260332737,80.1851647635894,92.79572582914956,0.0005992537195059,4.166521563983733,79.92808368248683,2.940190158687137,2.6231635376618634,0.196977418650292,0.0599455951957571,2.7636589308254423e-08,0.0001580396200567,0.5939832872921579,6.615555958225965,15.30085529628352,1.6855287352087107,24.19592327701035,1340.8315932556015,4528.825783018807,37322.64102885696,0.3228798522309163,2244.9353639473848,43065.511332623246,1584.1840159962742,1413.3690419410575,106.1320735381741,32.298881573328394,1.4890684165251275e-05,0.0851522610700201,0.0310433026897292,0.104852623042648,0.8641040742676227,6.664621686730252e-06,0.046338118679425,0.8889230430279728,0.0326994300692053,0.0291736071581724,0.0021906914106684,0.0006666870822177,3.0736131701091606e-10,1.7576432901595366e-06,345.12657423537394,344.90278928242805,0.292049397002325,-0.292049397002325,3.074055008164837e-05,74.0596494355604,1681.1738346986626,2732.441357993912,1051.2675232952492,268.9638424153296,3255.909329837672,65.89660418823962,4487394.433211634,218.3028206929081,41,0.05,diffusivity_090_seeded,0.0017664854895185,3.405027104514533e-09,2.0643742334528446e-09,6.858560326284628e-10,3.787443717711716e-05,612.0306218837945,0.0763045446663305,0.0514481010278802,230.21404865863937,110.10914492966415,0.00826809646792102,2.345643676772708e-06
0.47,2.8633743418546933,9.729875260332737,80.23588991800021,92.82913952018764,0.000587849956421,4.198258061107932,79.98261020380968,2.921950633467205,2.609666565757599,0.1941155177955329,0.0590044083451467,2.7413121783476417e-08,0.0001597606369011,0.5766718239194378,6.666281112636783,15.30085529628352,1.6855287352087107,24.22933696804845,1332.3589877514592,4527.415980268902,37334.62562329172,0.3163328913139819,2259.160005791247,43040.11604364125,1572.3554659913984,1404.3096560515578,104.45713625126598,31.7513591490735,1.4751505854495058e-05,0.0859701419335027,0.0308456413218393,0.1048148815191459,0.8643394771590147,6.534108993349734e-06,0.0466647576543178,0.8890280367223453,0.0324782603174812,0.0290071396462742,0.0021576457337833,0.0006558497300273,3.0470415728485146e-10,1.775782073226428e-06,345.2625620029611,345.0468330122614,0.2849803140724222,-0.2849803140724222,3.077527709159738e-05,74.06807489316215,1616.708028186664,2649.3037705448787,1032.5957423582147,273.5835638841345,3264.269289447024,66.89053735119457,4487394.433440244,221.6892166375685,41,0.05,diffusivity_090_seeded,0.0017518968827565,3.414029385344726e-09,2.0697877576446794e-09,6.906367203771378e-10,3.797933933794299e-05,615.8500295546017,0.0773303964936062,0.0513733538831089,230.24023915131764,110.2022942902028,0.00841960998624097,2.3798643796938207e-06
0.48,2.846490037068729,9.729875260332737,80.28512510784006,92.86149040524153,0.0005768800433863,4.229250223507747,80.03549784453554,2.904177662309705,2.5964473745152827,0.1913627036305952,0.0581030788794631,2.7194844660339953e-08,0.000161453599745,0.559787519133474,6.715516302476631,15.30085529628352,1.6855287352087107,24.26168785310233,1324.1043978977016,4526.055055674711,37346.305750829306,0.3100461796948642,2273.0251978816323,43015.35584592188,1560.860355072543,1395.469644818483,102.84854863147142,31.227701220758,1.4615963562959953e-05,0.0867737970360414,0.0306530729223366,0.1047783663375656,0.8645685607400977,6.408669043976864e-06,0.0469835372142942,0.8891294183876544,0.0322630565852117,0.0288444228642296,0.0021258843133662,0.0006454780456414,3.0211265085098167e-10,1.7936184456151248e-06,345.39345850151074,345.1855980128945,0.2778153097052672,-0.2778153097052672,3.0808839230188565e-05,74.07619863664227,1553.871126760425,2568.452822473932,1014.5816957135067,278.14890737543635,3272.3567073524982,67.85994531509051,4487394.433446937,225.0326102619301,41,0.05,diffusivity_090_seeded,0.0017378734654581,3.422711536963305e-09,2.0750087735824158e-09,6.95295855753684e-10,3.808090284962653e-05,619.5665961734858,0.0783406470959066,0.0513009817549311,230.2654917671628,110.2922267215249,0.008569444969382431,2.4135844015667253e-06
0.49,2.830038143406863,9.729875260332737,80.3328781254835,92.8927915292231,0.0005663362167238,4.259484949174745,80.086758379589,2.8868751058463413,2.5835152053116484,0.188716393283912,0.0572402085948664,2.6981917306927745e-08,0.0001631170429645,0.5433356254716075,6.763269320120069,15.30085529628352,1.6855287352087107,24.292988977083905,1316.0695574828146,4524.7420633044585,37357.67859250599,0.3040139937640431,2286.5269649669413,42991.23832030469,1549.6985792351136,1386.852460293749,101.30453027157031,30.72702028395527,1.4484117733706646e-05,0.0875625860014552,0.0304656378263383,0.1047430602542697,0.8647913019193919,6.288200551253337e-06,0.0472943364992605,0.8892272528567314,0.032053838507796,0.0286855427191116,0.0020953746082904,0.0006355551713119,2.9958830509691035e-10,1.8111373583377515e-06,345.5193920628211,345.3192131669217,0.2705711435082832,-0.2705711435082832,3.08412558555098e-05,74.08402710832333,1492.673210349191,2489.8924180404856,997.2192076912942,282.6539913219054,3280.175347669272,68.80452650686345,4487394.433234703,228.3288077196656,41,0.05,diffusivity_090_seeded,0.0017243992946245,3.431080194347757e-09,2.0800412716108907e-09,6.998325701883526e-10,3.817916868222281e-05,623.1798200278502,0.0793341371220265,0.0512309560845992,230.28982653210213,110.37900333960631,0.00871740406493993,2.446764421056517e-06
0.5,2.8140226987283783,9.729875260332737,80.37915866099316,92.92305662005428,0.0005562097174411,4.288951483133565,80.13640552293234,2.870045649855509,2.570878127343659,0.1861739236674601,0.0564144379998225,2.677446511928098e-08,0.0001647496192097,0.5273201807931234,6.809549855629728,15.30085529628352,1.6855287352087107,24.32325406791508,1308.255651822162,4523.476056752165,37368.7421407345,0.2982301318285944,2299.662386528913,42967.76923157757,1538.8693610895082,1378.4608553050375,99.82327179363672,30.248456210228294,1.4356009993672246e-05,0.0883359263870256,0.0302833634738729,0.1047089453817307,0.8650076911443964,6.172591803295381e-06,0.0475970590577127,0.8893216072383922,0.0318506126338128,0.028530571758288,0.0020660833480289,0.0006260647497983,2.9713224841377864e-10,1.828325031443984e-06,345.6404885553535,345.4478059858004,0.2632648744304216,-0.2632648744304216,3.0872546690686094e-05,74.09156678736622,1433.1216479031357,2413.621549361085,980.4999014579492,287.09333437741003,3287.729162194397,69.72404909387363,4487394.433621605,231.57393372744892,41,0.05,diffusivity_090_seeded,0.0017114586361677,3.439141958064611e-09,2.0848892212136184e-09,7.042462162502395e-10,3.827417977268121e-05,626.6894321393071,0.0803098152852981,0.0511632461838705,230.3132635865749,110.46268557212092,0.008863302370151345,2.4793685221157414e-06
0.51,2.7984472535155183,9.729875260332737,80.42397744386187,92.95229995771012,0.000546491743129,4.317640103297945,80.1844539172969,2.853691545231716,2.5585436118030747,0.1837326899607943,0.0556244600085338,2.6572602729427973e-08,0.0001663500233812,0.5117447355802636,6.85436863849845,15.30085529628352,1.6855287352087107,24.35249740557094,1300.6636518003295,4522.256073173429,37379.49466906421,0.2926884370156691,2312.4289603990123,42944.95348755615,1528.3717066179604,1370.2972463726546,98.4030125421584,29.791184339806502,1.4231676247812268e-05,0.0890932552104008,0.0301062723008328,0.1046760033346078,0.8652177243645592,6.06173129656469e-06,0.0478916186210076,0.889412548166697,0.0316533809850988,0.0283795758678668,0.0020379780864766,0.0006169910786898,2.9474549180540933e-10,1.8451681211881957e-06,345.75687459314577,345.57150355550414,0.25591379392448,-0.25591379392448,3.090273186251031e-05,74.09882419083542,1375.2227498969992,2339.6376508710173,964.414900974018,291.46159059737965,3295.022211357082,70.61830922610743,4487394.433252864,234.764212497987,41,0.05,diffusivity_090_seeded,0.0016990362053195,3.446903596926276e-09,2.089556693068032e-09,7.085363155748841e-10,3.836598128229962e-05,630.095299818955,0.0812666686068809,0.0510978208621175,230.33582318884316,110.54333583364274,0.00900695938245158,2.5113620693179247e-06
0.52,2.783313640437518,9.729875260332737,80.46734833083649,92.98053723160676,0.0005371722901527,4.345544372052451,80.23092146733444,2.837813340125763,2.5465175481545206,0.1813899387708062,0.0548689812220345,2.6376403937880043e-08,0.00016791713277,0.496611122502263,6.897739525473052,15.30085529628352,1.6855287352087107,24.380734679467544,1293.293739646377,4521.081123919054,37389.93562574443,0.2873821571374126,2324.825644341363,42922.79349302793,1518.203627008957,1362.3630994978744,97.04192275471028,29.354392385049383,1.4111129706708674e-05,0.0898340974030011,0.0299343682377798,0.1046442142627809,0.8654214174994391,5.955494744060252e-06,0.0481779629036301,0.889500147101627,0.0314621262890088,0.0282326027453461,0.0020110248551124,0.0006083186628759,2.9242858929781296e-10,1.8616552267897237e-06,345.86867615972506,345.690431822982,0.2485349977369397,-0.2485349977369397,3.093183254593091e-05,74.10580601974269,1318.9781105658376,2267.930924192319,948.9528136264812,295.7540210870337,3302.058913743683,71.48720168133778,4487394.43345842,237.89633903177867,41,0.05,diffusivity_090_seeded,0.0016871165649752,3.454371958288059e-09,2.09404780487655e-09,7.127027227216248e-10,3.845462226229471e-05,633.3976120770525,0.0822038350643012,0.051034645003309,230.3575261689684,110.6210183806582,0.009148213855049846,2.5427152608422884e-06
0.53,2.768623210333989,9.729875260332737,80.509285901604,93.00778437227072,0.0005282413950153,4.372658882188068,80.27582668075404,2.822411153991625,2.53480522415304,0.1791429834254283,0.0541467613605066,2.6185931366683112e-08,0.0001694498780753,0.4819206923987341,6.939677096240579,15.30085529628352,1.6855287352087107,24.407981820131543,1286.145891616819,4519.9502212189645,37400.06473718056,0.2823046321648427,2336.851804812852,42901.29084295109,1508.3629381647197,1354.659561266071,95.73822596648318,28.93730346208803,1.3994377934260044e-05,0.0905580023675476,0.0297676504071139,0.1046135581661441,0.865618791426742,5.853759011229795e-06,0.0484560497836401,0.8895844745426416,0.0312768269998879,0.0280896935806546,0.0019851906030476,0.0006000326654327,2.9018197580050955e-10,1.8777755020628337e-06,345.9760181288213,345.8047165564781,0.241145571174364,-0.241145571174364,3.095986997816673e-05,74.11251892135304,1264.3881941614995,2198.490106725704,934.1019125642048,299.966082170349,3308.843731684736,72.33064890146004,4487394.433466339,240.9671522042653,41,0.05,diffusivity_090_seeded,0.0016756847702651,3.4615539245608832e-09,2.0983666954407383e-09,7.167454337982675e-10,3.854015294989944e-05,636.5966738170112,0.0831205016730744,0.050973683298162,230.37839318994065,110.69579752915628,0.009286910901854083,2.5733999243183734e-06
0.54,2.754376098948107,9.729875260332737,80.54980720211812,93.03405856139896,0.0005196885995998,4.398980605692804,80.31919055936024,2.8074839137214878,2.5234107409184414,0.1769890873824302,0.0534565820476371,2.6001223284987753e-08,0.0001709473265641,0.4676735810128522,6.980198396754696,15.30085529628352,1.6855287352087107,24.434256009259776,1279.2195277586295,4518.862344335101,37409.88253909602,0.2774489934327843,2348.5078220296678,42880.44531127028,1498.8467835172391,1347.1870859288092,94.49013155311845,28.5391576665236,1.3881415205174914e-05,0.0912645836790783,0.0296061049204934,0.1045840137556869,0.8658098813238195,5.756396056029078e-06,0.0487258612728042,0.8896656038161708,0.0310974482425748,0.0279508760591436,0.0019604418595153,0.0005921185461924,2.8800581595380505e-10,1.8935195368537415e-06,346.07902653159874,345.9144830012571,0.2337621883741568,-0.2337621883741568,3.0986866394911e-05,74.1189697053239,1211.4498103768049,2131.299046832254,919.8492364554492,304.09368231045266,3315.3814150646576,73.14864309281509,4487394.433274701,243.9738293199397,41,0.05,diffusivity_090_seeded,0.0016647258877985,3.4684565628310763e-09,2.102517614543681e-09,7.206647372296241e-10,3.862262740047251e-05,639.6930382111809,0.0840159620191848,0.0509148977001574,230.3984454195457,110.7677396850874,0.009422910305290506,2.6033913901283965e-06
0.55,2.7405712625957923,9.729875260332737,80.58893117064244,93.05937769357097,0.000511502924717,4.424508827999057,80.36103601258279,2.793029396213748,2.5123370361199298,0.1749254698725471,0.0527972536786061,2.5822291101900454e-08,0.0001724086863495,0.4538687446605373,7.019322365279025,15.30085529628352,1.6855287352087107,24.45957514143179,1272.5135372174889,4517.816468849503,37419.39035272448,0.2728081523743531,2359.7950670528703,42860.254943035536,1489.6516760482016,1339.945466283812,93.29583846571778,28.15921577470529,1.3772221399279104e-05,0.0919535214824755,0.0294497054517174,0.1045555590579124,0.8659947354903701,5.663272668770634e-06,0.0489874030186667,0.8897436102362377,0.0309239425197809,0.027816164842593,0.0019367448058073,0.0005845621389351,2.858999790144389e-10,1.908879410224964e-06,346.1778254408096,346.0198559643545,0.2264010483145503,-0.2264010483145503,3.1012844444442297e-05,74.12516520136849,1160.156396650159,2066.3369326354627,906.1805359853038,308.1332226539532,3321.6768930784137,73.94124417825272,4487394.433618583,246.91392132602869,41,0.05,diffusivity_090_seeded,0.0016542251179952,3.475086912619851e-09,2.1065047952908446e-09,7.244611572348912e-10,3.870210173250522e-05,642.687474461768,0.0848896258563053,0.0508582480302963,230.41770408791297,110.83691175971644,0.009556087702331753,2.632668761628503e-06
0.56,2.7272072029836907,9.729875260332737,80.62667770388714,93.08376016720356,0.0005036736673085,4.4492438233039975,80.40138678596986,2.779044966753497,2.50158647027524,0.1729494291821567,0.0521676298589916,2.56491403400324e-08,0.000173833227257,0.4405046850484357,7.057068898523734,15.30085529628352,1.6855287352087107,24.4839576150644,1266.0266117657145,4516.81155552293,37428.589760141134,0.2683752347542281,2370.715272725382,42840.7170232927,1480.7739489944706,1332.934198854645,92.15360395034511,27.796767666635905,1.3666773760049078e-05,0.092624522982295,0.0292984211003604,0.1045281716472911,0.8661734072523484,5.574259344536539e-06,0.0492406900894821,0.8898185684399209,0.0307562582288478,0.0276855683812337,0.0019140666553057,0.0005773498141717,2.8386427462797077e-10,1.923847829104371e-06,346.2725395834088,346.1209600877817,0.2190779322904766,-0.2190779322904766,3.103782713421211e-05,74.1311122476653,1110.4998959742647,2003.581606739286,893.0817107650213,312.0813202641497,3327.735182357214,74.70853818189578,4487394.433297516,249.78512785178103,41,0.05,diffusivity_090_seeded,0.00164416804402,3.48145215139452e-09,2.1103325538073995e-09,7.281353887542049e-10,3.877863407433566e-05,645.5808681788895,0.085740948764695,0.0508036936697674,230.43619045148583,110.90338154137972,0.009686326070175366,2.6612127460819406e-06
0.5700000000000001,2.7142808885564818,9.729875260332737,80.66306943096696,93.10722557985618,0.0004961894206179,4.473188834463938,80.44026944236136,2.76552646944902,2.4911599564197764,0.171058167328964,0.0515665753871254,2.5481744520862914e-08,0.0001752204077726,0.4275783706212266,7.093460625603538,15.30085529628352,1.6855287352087107,24.507423027716992,1259.7567435845754,4515.846545255527,37437.483387334,0.2641430404864494,2381.271446565236,42821.82663546424,1472.209079500779,1326.151944971491,91.06164408349976,27.451113313268163,1.3565032213417092e-05,0.0932773842833929,0.0291522045861896,0.1045018278628399,0.8663459675509704,5.489219303784792e-06,0.0494857678929003,0.8898905568658153,0.0305943267841557,0.0275590787577941,0.001892373668513,0.0005704681101272,2.8189815845695743e-10,1.938419492226672e-06,346.36329278757336,346.2179192687865,0.2118077423926374,-0.2118077423926374,3.106183833243132e-05,74.13681780211391,1062.4675184002017,1943.0046131029228,880.537094702721,315.9352353592078,3333.5615925413435,75.45069915970382,4487394.433474637,252.58563279300935,41,0.05,diffusivity_090_seeded,0.0016345401306428,3.487559492158569e-09,2.11400522744676e-09,7.316884366128084e-10,3.885228583958459e-05,648.3743801524391,0.0865695328035004,0.0507511906322618,230.4539261388604,110.96721827572992,0.00981352920424635,2.6890088324564392e-06
0.58,2.7017888782196384,9.729875260332737,80.69812955676113,93.12979369531352,0.0004890390754307,4.496348007024272,80.47771099262062,2.752469383232346,2.481057870076117,0.1692489694122314,0.0509929996558589,2.532007089197328e-08,0.0001765697523502,0.4150863602843835,7.128520751397699,15.30085529628352,1.6855287352087107,24.52999114317431,1253.701753347087,4514.920381849297,37446.07409288373,0.2601045935878407,2391.466919011489,42803.578205235775,1463.9524043310062,1319.5971066231814,90.01823497510121,27.121582134577142,1.3466954032602518e-05,0.0939119305231863,0.0290110046529137,0.1044765039656945,0.8665124913813916,5.408019691321692e-06,0.0497226904406472,0.8899596527685637,0.0304380761622578,0.027436682446822,0.0018716331788233,0.0005639041134198,2.8000102414893716e-10,1.9525897736516112e-06,346.4502076867265,346.3108571665701,0.2046048090875476,-0.2046048090875476,3.1084901905143975e-05,74.14228874437164,1016.0451497538322,1884.5763817968125,868.5312320429803,319.69247342928884,3339.1614506403016,76.16792468122327,4487394.433485063,255.31379162094808,41,0.05,diffusivity_090_seeded,0.0016253272766189,3.493416153181936e-09,2.1175271567823555e-09,7.351214379395632e-10,3.892311932414593e-05,651.0692607510736,0.0873750305597629,0.0507006948830312,230.4709325354168,111.02849110470297,0.009937609176362291,2.7160442539091868e-06
0.59,2.6897267314817577,9.729875260332737,80.73188322782585,93.15148521964034,0.0004822113842735,4.51872747520931,80.51374037816072,2.739868208606832,2.471279576516594,0.1675191108276436,0.0504458327532453,2.5164069600241056e-08,0.0001778809201728,0.4030242135465027,7.1622744224624215,15.30085529628352,1.6855287352087107,24.55168266750115,1247.8590092156758,4514.031986982641,37454.36539617989,0.2562528975064591,2401.30583044787,42785.96469070928,1455.9987386009798,1313.2675268231703,89.02165925003706,26.80751892579119,1.3372487582038978e-05,0.0945280486774115,0.0288747594860102,0.1044521752647402,0.8666730652492495,5.330526643432948e-06,0.0499515316033084,0.8900259351918484,0.030287423652338,0.0273183546793251,0.0018518125300923,0.0005576451828204,2.781720793741981e-10,1.966355451703597e-06,346.5334072713881,346.3998966913897,0.1974825409266801,-0.1974825409266801,3.1107042425375644e-05,74.14753203951875,971.2153439648844,1828.2634836664524,857.0481397015682,323.35099704538635,3344.5402882906537,76.86046969611213,4487394.433323569,257.9682919528858,41,0.05,diffusivity_090_seeded,0.0016165154441261,3.499029460628602e-09,2.1209027472409863e-09,7.384357794873143e-10,3.899119968284856e-05,653.666953955834,0.0881571922096273,0.0506521603450986,230.48723129207212,111.08727056355386,0.010058493183378345,2.7423095181668714e-06
0.6,2.6780890797227874,9.729875260332737,80.7643569416507,93.17232128170622,0.0004756949327428,4.540335225316424,80.54838786769618,2.727716545463988,2.4618234895523234,0.1658658632532303,0.0499240319844876,2.5013671946214728e-08,0.0001791537031301,0.3913865617875319,7.1947481362872825,15.30085529628352,1.6855287352087107,24.572518729567044,1242.2254673538073,4513.180287420533,37462.36143039604,0.2525809208412143,2410.7930801907883,42768.97771979655,1448.342434245747,1307.1605374359256,88.0702096931382,26.508287355596863,1.328157156807608e-05,0.0951256870612862,0.0287433976408679,0.1044288166966935,0.8668277856624386,5.256604986058366e-06,0.0501723838977234,0.8900894841215468,0.030142276922659,0.0272040602899853,0.0018328791495981,0.0005516790223949,2.7641032859853157e-10,1.979714695960489e-06,346.6130120485511,346.4851598219116,0.1904534234583788,-0.1904534234583788,3.112828461609976e-05,74.15255460703142,927.957734977762,1774.0289891257858,846.0712541480239,326.9092408617389,3349.703735857028,77.52864244229312,4487394.43361164,260.54816997221565,41,0.05,diffusivity_090_seeded,0.0016080907773777,3.5044066536574524e-09,2.1241363518698833e-09,7.416330367272472e-10,3.905659323672271e-05,656.169061312011,0.0889158698323185,0.0506055395377047,230.5028439179833,111.1436270778838,0.010176123893177317,2.767798503028489e-06
0.61,2.666870210476406,9.729875260332737,80.79557787550945,93.1923233463186,0.0004694787262597,4.561180019493404,80.5816842856081,2.7160076861632136,2.452687554676119,0.1642865857506682,0.04942659132336,2.4868807165370905e-08,0.0001803879585131,0.380167692541151,7.225969070146016,15.30085529628352,1.6855287352087107,24.5925207941794,1236.7979388536312,4512.364201305751,37470.06651931036,0.249081913567915,2419.933819865098,42752.60836692284,1440.9777352944525,1301.2732533591577,87.16223944442466,26.223275431548185,1.3194144335892413e-05,0.0957048219181993,0.0286168443356204,0.1044064029198505,0.866976752744529,5.186124733118113e-06,0.0503853469565121,0.8901503785683593,0.0300025407940567,0.0270937592662701,0.0018148015618702,0.0005459937871476,2.747147606686611e-10,1.992666335820912e-06,346.68914269443843,346.56676812754534,0.1835291404570566,-0.1835291404570566,3.1148653403990054e-05,74.15736334047216,886.2506023944873,1721.835104024624,835.5845016301369,330.3658695461844,3354.6574685452038,78.1727708995329,4487394.433350746,263.0526148104076,41,0.05,diffusivity_090_seeded,0.0016000397701049,3.5095550548682632e-09,2.127232373975849e-09,7.447149278418148e-10,3.91193677143967e-05,658.577266507721,0.0896509571951024,0.0505607848275872,230.51779184175493,111.19763154755218,0.01029045196700189,2.7925065930061927e-06
0.62,2.656063300511708,9.729875260332737,80.82557497297174,93.21151353381616,0.0004635514729896,4.581272804110084,80.61366224234443,2.7047338293794807,2.443868626843171,0.1627786008277586,0.0489525213677854,2.472938261920264e-08,0.0001815837023628,0.3693607825764523,7.255966167608318,15.30085529628352,1.6855287352087107,24.611710981677,1231.5727354923067,4511.582644908461,37477.485739147785,0.2457490136235725,2428.734106893378,42736.846143262366,1433.8983034559385,1295.6021919182942,86.29609207032505,25.951883537191463,1.3110132833781472e-05,0.0962655030691409,0.0284950131138908,0.1043849079524155,0.8671200789336937,5.118953071263052e-06,0.0505905424906683,0.8902086994995978,0.0298681081812919,0.0269873995490948,0.0017975479902354,0.0005405778520895,2.730841265428175e-10,2.0052108666742333e-06,346.7619177251895,346.6448413976256,0.1767202251325229,-0.1767202251325229,3.116817407097579e-05,74.1619651363974,846.0686303973486,1671.6396640997891,825.5710337024406,333.72009942279664,3359.4073137034597,78.7932468218578,4487394.433494323,265.48122342953815,41,0.05,diffusivity_090_seeded,0.0015923489538593,3.514481914229202e-09,2.1301951730926783e-09,7.476833912518006e-10,3.9179592497824016e-05,660.893437549373,0.0903624657618569,0.0505178465435665,230.53209650129796,111.24935512633728,0.010401446149793074,2.816433062348146e-06
0.63,2.6456612453554227,9.729875260332737,80.85437748340182,93.22991398908998,0.0004579022797476,4.6006251756853045,80.6443545296041,2.693886929759864,2.4353631548875665,0.1613393179229183,0.0485008702651848,2.4595303173055793e-08,0.0001827410143132,0.3589587274201672,7.28476867803839,15.30085529628352,1.6855287352087107,24.630111436950784,1226.5460565188005,4510.834541622391,37484.62431788999,0.2425756252692997,2437.200201834466,42721.68012624154,1427.09773524464,1290.1436969918025,85.47017050720692,25.69353648373406,1.3029463511689432e-05,0.0968078076261316,0.0283778149325014,0.1043643058758088,0.8672578791916897,5.054962106542233e-06,0.0507880981555879,0.8902645264800261,0.029738869954412,0.0268849250333695,0.0017810877439725,0.0005354200495789,2.7151715778139404e-10,2.017349429169786e-06,346.83145422036284,346.7194988322092,0.1700363686734476,-0.1700363686734476,3.118687177671906e-05,74.16636679305218,807.3854343735908,1623.3999115831616,816.0144772095708,336.97138023157527,3363.9590799927137,79.39047811075108,4487394.433505958,267.8337507640945,41,0.05,diffusivity_090_seeded,0.0015850052514429,3.5191944489581916e-09,2.13302908912276e-09,7.505404664546266e-10,3.923733733230091e-05,663.1194975636142,0.0910504490298241,0.0504766752365648,230.54577902892296,111.2988685601284,0.010509083227706181,2.8395786791058183e-06
0.64,2.6356562798911063,9.729875260332737,80.8820157880742,93.24754732829804,0.0004525203527871,4.619250078062678,80.67379502205218,2.683458304204572,2.4271668780654845,0.1599661724228107,0.0480707090500238,2.446646366771796e-08,0.0001838600826925,0.3489537619558515,7.31240698271078,15.30085529628352,1.6855287352087107,24.64774477615886,1221.713808705215,4510.11880920181,37491.48791445827,0.2395552514924699,2445.3388833043127,42707.09844613641,1420.5693179853542,1284.8937474480967,84.68290194907983,25.447674839317703,1.2952058003474728e-05,0.0973318616004126,0.0282651539413869,0.1043445703303768,0.8673902757282362,4.994025482231643e-06,0.0509781548090899,0.8903179395292231,0.0296147102979217,0.0267862719633078,0.0017653905210102,0.0005305094996637,2.700124806853934e-10,2.0290842886438805e-06,346.89786837832105,346.790857983402,0.1634861959246027,-0.1634861959246027,3.120477194812165e-05,74.17057509979409,770.172304503732,1577.0707292791817,806.8984247754497,340.11953600626754,3368.318664476506,79.9649105983519,4487394.4333793195,270.1102177331409,41,0.05,diffusivity_090_seeded,0.0015779957511355,3.523699879346749e-09,2.1357384638112567e-09,7.53288361211911e-10,3.929267335848115e-05,665.257487660487,0.0917150340976398,0.0504372204635656,230.55886052931405,111.34624291358,0.01061335255617653,2.861946723231051e-06
0.65,2.62604005766841,9.729875260332737,80.90852087995154,93.26443619795268,0.0004473949666954,4.637161648078611,80.70201814764147,2.6734387163211,2.419274895933023,0.1586566300054746,0.0476611367632224,2.434274771534249e-08,0.0001849411989056,0.3393375397331553,7.338912074588109,15.30085529628352,1.6855287352087107,24.66463364581349,1217.071648761411,4509.434382295819,37498.08256681347,0.2366814772794048,2453.157391012248,42693.08842630518,1414.3060872330889,1279.848006658894,83.93274034177632,25.21375763624503,1.2877832606974628e-05,0.0978378377613807,0.0281569284576456,0.1043256750052205,0.8675173965371339,4.936018038684031e-06,0.0511608651127055,0.8903690184027431,0.0294955077982801,0.0266913698539425,0.0017504264597525,0.0005258356671848,2.6856860442923806e-10,2.0404187839588075e-06,346.9612731997093,346.85903452598353,0.1570773185699102,-0.1570773185699102,3.122189981238914e-05,74.17459672982011,734.3986280186986,1532.6050078585092,798.2063798398107,343.16476289509944,3372.4919626791084,80.51702349393435,4487394.433605246,272.31091476913497,41,0.05,diffusivity_090_seeded,0.0015713078033626,3.528005268603623e-09,2.1383275444078013e-09,7.559293957258981e-10,3.934567167583646e-05,667.3095339705305,0.0923564226299908,0.0503994313477189,230.57136174607044,111.39154831498156,0.01071425584625307,2.883542974384242e-06
0.66,2.616804028468781,9.729875260332737,80.93392409189467,93.28060338069618,0.0004425158391494,4.654374515918943,80.72905855831006,2.6638187564342704,2.411681987979521,0.1574082413321138,0.0472712833180021,2.4224039468801755e-08,0.0001859847106704,0.3301015105335259,7.364315286531247,15.30085529628352,1.6855287352087107,24.680800828557,1212.6151527896104,4508.780194111882,37504.41441577229,0.2339481687397503,2460.6630956333165,42679.63707265924,1408.3010477551773,1275.0020106736397,83.2181959293842,24.991264013241796,1.2806704691291206e-05,0.0983259323747182,0.0280530349679353,0.1043075935156983,0.8676393715163663,4.880819935530562e-06,0.0513363859887773,0.8904178416424169,0.0293811397034634,0.0266001450879494,0.0017361667410308,0.0005213883924247,2.6718405150348255e-10,2.051356817620657e-06,347.0217813106051,346.9241433431689,0.150816448741098,-0.150816448741098,3.123828062180752e-05,74.17843830208122,700.0328643674849,1489.9553165168709,789.922452149386,346.10745235992994,3376.484870151367,81.0473077060708,4487394.433406964,274.4362581644183,41,0.05,diffusivity_090_seeded,0.0015649290794042,3.5321177072134117e-09,2.140800594643133e-09,7.584659901077912e-10,3.939640408462674e-05,669.277808047374,0.0929748471963866,0.0503632571911295,230.5833032541681,111.43485490649054,0.010811801722118368,2.9043743674903986e-06
0.67,2.607939023415692,9.729875260332737,80.95825743015638,93.2960717139048,0.000437872682617,4.670904563666284,80.75495154143645,2.654588419468209,2.404382277198241,0.1562185717643829,0.0469003017704481,2.4110210701100787e-08,0.0001869910748982,0.3212365054804367,7.388648624792955,15.30085529628352,1.6855287352087107,24.69626916176562,1208.3396284713947,4508.155195187425,37510.49001779284,0.2313492288513629,2467.86386029852,42666.730551403285,1402.5469232089008,1270.3509667905373,82.53779590438998,24.779688430528378,1.273858560850706e-05,0.0987963915018498,0.0279533636894489,0.1042902994905261,0.867756336820025,4.828311659317716e-06,0.0515048868303931,0.8904644878616127,0.0292714771330426,0.0265125170930266,0.0017225827995112,0.0005171578014649,2.6585721388458887e-10,2.061903432119821e-06,347.0795018954666,346.9862962226589,0.1447092367859442,-0.1447092367859442,3.125393943689881e-05,74.18210632485349,667.0414560974189,1449.0720143080532,782.0305582106344,348.9483855426125,3380.3032847499694,81.55628966342012,4487394.433516266,276.4869483790536,41,0.05,diffusivity_090_seeded,0.0015588474574908,3.5360441054198902e-09,2.143161769795295e-09,7.609006730516297e-10,3.9444942237926846e-05,671.1645666795382,0.0935706185566273,0.0503286467276134,230.5947052845505,111.47623178843536,0.01090601170835243,2.9244504454419892e-06
0.68,2.599435730130307,9.729875260332737,80.98155292942438,93.31086391988742,0.0004334556096901,4.686768042531874,80.7797323004135,2.6457375874905824,2.3973696303102794,0.1550852680386776,0.0465473761716621,2.4001133240251165e-08,0.0001879607994344,0.3127332121950517,7.411944124060953,15.30085529628352,1.6855287352087107,24.711061367748236,1204.240332935428,4507.558347032457,37516.31599542157,0.2288788146132245,2474.7676347035986,42654.354818270185,1397.0364421754812,1265.88999405828,81.89012097003979,24.578545169001604,1.2673387545566448e-05,0.0992494825458065,0.0278578036997071,0.1042737667576025,0.8678684295426903,4.778378503405619e-06,0.051666540158271,0.8905090341571595,0.0291663905855438,0.0264284029323824,0.0017096470651762,0.0005131343941946,2.6458649183149067e-10,2.0720641824034125e-06,347.1345425207491,347.04560399866835,0.1387604801461072,-0.1387604801461072,3.1268901085151854e-05,74.18560719790732,635.3902106433076,1409.9053744203416,774.515163777034,351.68852729000594,3383.9530543089536,82.044504033789,4487394.433527299,278.4638064935776,41,0.05,diffusivity_090_seeded,0.0015530511628554,3.539791309783635e-09,2.1454151869044222e-09,7.632360354671413e-10,3.949135764208393e-05,672.9720894064011,0.0941440766218994,0.0502955491674359,230.6055877308719,111.51574737853912,0.010996913772613925,2.9437818196431296e-06
0.6900000000000001,2.5912845231566752,9.729875260332737,81.00384295397787,93.32500273746729,0.0004292549664567,4.701981881050611,80.80343629254772,2.637255854161692,2.390637525120431,0.1540060276652818,0.0462117154045034,2.389667475567273e-08,0.0001888944636465,0.3045820052214201,7.434234148614449,15.30085529628352,1.6855287352087107,24.7252001853281,1200.3123931929688,4506.988620829621,37521.89916816704,0.2265312438728206,2481.3825987246432,42642.49539997855,1391.7622293004915,1261.6140395178463,81.27378769523229,24.38736459705979,1.2611021140910798e-05,0.0996855043140547,0.0277662410623894,0.1042579691929274,0.867975789744683,4.73090868685439e-06,0.0518215248855754,0.8905515568976732,0.0290657478768363,0.0263477157365688,0.0016973326135833,0.0005093089723485,2.633702461773198e-10,2.081845357179913e-06,347.1870087848717,347.1021749635929,0.1329740449060829,-0.1329740449060829,3.128319024743645e-05,74.18894723165155,605.0437881123482,1372.404786447073,767.3609983347249,354.3290936409639,3387.4400070196825,82.51250346022506,4487394.43343413,280.36782800360265,41,0.05,diffusivity_090_seeded,0.0015475286774626,3.543366077785699e-09,2.1475649094466093e-09,7.654747483640353e-10,3.953572178912612e-05,674.7027010654119,0.0946956063051575,0.0502639137338676,230.61597020900643,111.55346941313204,0.011084544446571998,2.9623806676405844e-06
0.7000000000000001,2.5834755311843605,9.729875260332737,81.02515979614425,93.33851058766136,0.0004252613007313,4.716563552578261,80.82609882208878,2.6291325954180955,2.384179112336377,0.1529786009278702,0.0458925566193896,2.3796697874953897e-08,0.0001897927117668,0.2967730132491052,7.455550990780832,15.30085529628352,1.6855287352087107,24.73870803552217,1196.5508411520254,4506.445014293657,37527.2465089336,0.2243009776889202,2487.717114997054,42631.13750862941,1386.716850585614,1257.517918895735,80.68744956241152,24.20569494724996,1.2551395083307225e-05,0.1001047843627795,0.0276785596311612,0.1042428810902726,0.8680785592785661,4.685793000688719e-06,0.0519700251209495,0.8905921311960538,0.0289694150215563,0.0262703654853188,0.0016856131894678,0.0005056726775303,2.6220678944969653e-10,2.091253915768091e-06,347.23700260435373,347.1561147045288,0.1273529453990558,-0.1273529453990558,3.129683110735623e-05,74.19213256795223,575.9660515138015,1336.5190515682164,760.5530000544148,356.87154234079463,3390.7698837996804,82.96085470144732,4487394.433600734,282.2001803480813,41,0.05,diffusivity_090_seeded,0.0015422688082892,3.546774958487812e-09,2.1496148755453766e-09,7.676195181611937e-10,3.95781050667125e-05,676.3587460023779,0.0952256370771096,0.0502336900864839,230.6258718109139,111.5894640079968,0.011168948387661576,2.980260680692698e-06
0.71,2.5759988085933823,9.729875260332737,81.04553578621753,93.35140985514364,0.0004214655604697,4.7305307558003,80.84775512980896,2.621357137978276,2.377987366554159,0.1520008140610905,0.045589162417667,2.37010672936806e-08,0.0001906562287599,0.2892962906581275,7.475926980854105,15.30085529628352,1.6855287352087107,24.75160730300446,1192.9506865626956,4505.926529648295,37532.36501371032,0.2221827232135992,2493.779573348835,42620.26624530784,1381.8929043272778,1253.5963989079062,80.12980885351291,24.033100696758243,1.2494419872669775e-05,0.1005076667624219,0.0275946427867628,0.1042284768428338,0.8681768803704033,4.642926964216899e-06,0.0521122266234152,0.8906308308328954,0.028877258026012,0.0261962606207649,0.0016744634541447,0.0005022169574879,2.6109446355690046e-10,2.100297221009185e-06,347.28462510074763,347.2075277031601,0.1218993997674451,-0.1218993997674451,3.13098477261214e-05,74.19516927637912,548.1204144536981,1302.197110201046,754.0766957473478,359.31746964807496,3393.948390048326,83.3901287826378,4487394.433458555,283.9621168305005,41,0.05,diffusivity_090_seeded,0.0015372606496932,3.550024483631371e-09,2.1515690129736355e-09,7.69673107611563e-10,3.961857794831063e-05,677.9425830424251,0.0957346170188807,0.0502048283305123,230.6353114038215,111.6237969166326,0.011250175260016475,2.9974362809797048e-06
0.72,2.5688442256624007,9.729875260332737,81.06500300511124,93.36372249110636,0.0004178588691378,4.743901607940861,80.86844012952066,2.613918651823072,2.372055000568803,0.1510705433414972,0.0453008228829614,2.3609642855437687e-08,0.0001914857564912,0.2821417077271453,7.495394199747805,15.30085529628352,1.6855287352087107,24.76391993896718,1189.5068727904095,4505.432200963748,37537.26179814983,0.2201713128218243,2499.578499010532,42609.86649847696,1377.2829624718045,1249.84415106067,79.59960243234298,23.86916344896214,1.2440004141735424e-05,0.1008945208709651,0.0275143723613537,0.1042147313830549,0.8682708962555913,4.6022083409009e-06,0.0522483191358912,0.8906677281915462,0.0287891417661571,0.0261253071670264,0.0016638586996253,0.0004989335881556,2.6003156400428886e-10,2.10898322561816e-06,347.3299731103952,347.25651435775006,0.1166148557309131,-0.1166148557309131,3.1322263543972706e-05,74.19806323351916,521.469753000132,1269.387544606896,747.917791606764,361.6686889423145,3396.9811144834453,83.80090729911032,4487394.433537096,285.65504702759426,41,0.05,diffusivity_090_seeded,0.0015324936284333,3.5531209300323916e-09,2.153431096161059e-09,7.716382877880403e-10,3.965720931078088e-05,679.4565732170815,0.096223034296166,0.0501772792139318,230.6443072550702,111.65653186237073,0.011328281990654263,3.0139232392252356e-06
0.73,2.5620016245792097,9.729875260332737,81.08359334519577,93.37547023010772,0.0004144327015216,4.756694353760572,80.88818845081371,2.6068063034830047,2.3663746030891586,0.1501857357321669,0.0450268530563653,2.3522285947514344e-08,0.0001922820712339,0.2752991066439542,7.5139845398323395,15.30085529628352,1.6855287352087107,24.775667677968524,1186.2143435172952,4504.961075634139,37541.94397351017,0.2182617952410846,2505.122412524192,42599.92312443072,1372.87965345131,1246.2558267886304,79.09561233982632,23.71348049044986,1.2388058037476142e-05,0.101265730011396,0.0274376302284272,0.1042016199367471,0.8683607498348256,4.5635390499403846e-06,0.052378493184331,0.8907028941462851,0.0287049316279716,0.0260574102099894,0.0016537750694895,0.0004958146436422,2.590164098325378e-10,2.117320224628742e-06,347.37314180332095,347.3031738693685,0.1115000532816733,-0.1115000532816733,3.133410169642383e-05,74.20082020691667,495.97672980201753,1238.0392399936516,742.062510191634,363.92713592224464,3399.8735755470934,84.1937734590083,4487394.433546303,287.28045786939606,41,0.05,diffusivity_090_seeded,0.0015279574701551,3.5560704926516677e-09,2.1552048503600176e-09,7.735178564870173e-10,3.969406750340141e-05,680.9030756381878,0.0966913935727942,0.050150994131085,230.65287729304265,111.68773171528014,0.011403329887075873,3.0297379593788754e-06
0.74,2.5554608173035382,9.729875260332737,81.10133840344504,93.38667448108131,0.000411178822218,4.768927362816715,80.90703433886019,2.600009254196673,2.360938643319348,0.1493444019917786,0.044766593170199,2.3438857981623984e-08,0.0001930459840075,0.2687582993682832,7.531729598081615,15.30085529628352,1.6855287352087107,24.786871928942126,1183.068043040386,4504.512221562904,37546.418658910334,0.2164494011240001,2510.419836598838,42590.42096306807,1368.6756602685407,1242.8260596699365,78.61666171902255,23.565664763038026,1.2338492400424784e-05,0.1016216919986663,0.0273642982952694,0.1041891181413024,0.8684465835634281,4.526824472539938e-06,0.0525029401497625,0.8907363980228484,0.0286244934922409,0.0259924739583879,0.0016441894797167,0.00049285249766,2.580473268230161e-10,2.125316863394504e-06,347.41422369354564,347.3476023213109,0.1065550703606097,-0.1065550703606097,3.134538487229336e-05,74.20344582145803,471.6038715873707,1208.1013556320686,736.4974840446979,366.0948759349144,3402.6311933419083,84.56931220601169,4487394.433481253,288.8399229167178,41,0.05,diffusivity_090_seeded,0.001523642212182,3.558879215733112e-09,2.1568939101953096e-09,7.753146178849448e-10,3.9729219804781336e-05,682.2844385815582,0.0971402190568772,0.050125925243126,230.66103900266975,111.71745795746716,0.01147538478595438,3.044897552916702e-06
0.75,2.5492116316569757,9.729875260332737,81.1182692065797,93.3973560985694,0.000408089255283,4.780619037111522,80.92501137773407,2.593516707971124,2.3557395152500886,0.1485446165579118,0.044519410593694,2.3359219700906418e-08,0.0001937783349542,0.2625091137217202,7.548660401216279,15.30085529628352,1.6855287352087107,24.797553546430223,1180.0629400266016,4504.084738675536,37550.6929519089,0.2147295260090545,2515.479264840848,42581.344915259135,1364.6637498773505,1239.5494930627729,78.16161462657143,23.42534583116183,1.2291218426807513e-05,0.1019628169006602,0.0272942590469755,0.1041772022975045,0.8685285386555199,4.491973111302255e-06,0.0526218514505871,0.8907683072628099,0.0285476943220164,0.0259304022900489,0.0016350796174333,0.0004900398447864,2.5712264030254515e-10,2.132982083940741e-06,347.4533074761665,347.38989261423467,0.1017794021986416,-0.1017794021986416,3.135613507540466e-05,74.20594550626636,448.3138138288792,1179.5235172691437,731.2097034402644,368.1740943815944,3405.259244177865,84.92810757309597,4487394.43359772,290.33509893008267,41,0.05,diffusivity_090_seeded,0.001519538245313,3.561552911284057e-09,2.158501770624249e-09,7.770313507922443e-10,3.976273167535339e-05,683.6029819227589,0.0975700539398287,0.0501020257562036,230.6688092603537,111.74577004661909,0.011544516634694059,3.0594197906517875e-06
0.76,2.543243918605213,9.729875260332737,81.13441660277374,93.40753578171169,0.0004051563558153,4.791787796976399,80.9421528884731,2.5873179121357803,2.350769551220555,0.1477845178477777,0.0442846931810636,2.328323459237202e-08,0.0001944799885548,0.2565414006699582,7.5648077974103165,15.30085529628352,1.6855287352087107,24.807733229572506,1177.1940240870802,4503.677735267363,37554.77391447287,0.2130977647409392,2520.309144832667,42572.67992042248,1360.8367629843283,1236.420778289429,77.72937525143814,23.292166082723835,1.2246149360259017e-05,0.1022895241627665,0.0272273954913941,0.104165848921129,0.8686067555874768,4.458897339729199e-06,0.0527354182004265,0.8907986879781938,0.028474402017558,0.0258710987691627,0.0016264239324555,0.0004873696235577,2.5624071125648486e-10,2.140325065004785e-06,347.49048081206286,347.43013637520914,0.0971719419617587,-0.0971719419617587,3.136637409197636e-05,74.20832461043639,426.06913795951687,1152.2558046671957,726.1866667076788,370.1670581260744,3407.762946694896,85.27074226442382,4487394.433500538,291.76768997125623,41,0.05,diffusivity_090_seeded,0.0015156362095817,3.5640973453521086e-09,2.160031899014799e-09,7.786708547251092e-10,3.9794668226809686e-05,684.8610182491637,0.0979814495381621,0.0500792494834082,230.67620469372852,111.772726839427,0.011610798421708809,3.0733228002880966e-06
0.77,2.5375476605989693,9.729875260332737,81.14981056280219,93.4172334837339,0.0004023727452826,4.802451869463567,80.95849121662023,2.581402274164013,2.3460211167051552,0.1470623134500903,0.0440618576984424,2.32107664653517e-08,0.0001951518226488,0.250845142663714,7.580201757438764,15.30085529628352,1.6855287352087107,24.817430931594707,1174.456363636053,4503.290359553462,37558.6685141696,0.211549878333165,2524.9178046894176,42564.41115285331,1357.1876908431177,1233.4346389624206,77.31889120846628,23.165785318513898,1.2203199345212964e-05,0.1026022384017548,0.0271635924761228,0.104155035398548,0.868681372125329,4.427512706803038e-06,0.052843829322794,0.8908276039755237,0.0284044868948645,0.025814467869448,0.0016182017025898,0.0004848351115535,2.5539991131306907e-10,2.1473551195088884e-06,347.52582676198983,347.46842067923785,0.0927311508151651,-0.0927311508151651,3.1376122828895105e-05,74.21058824597982,404.8329912134012,1126.2492436342245,721.4162524208233,372.0761072299694,3410.1473283982773,85.59779143497951,4487394.433554205,293.13945146130385,41,0.05,diffusivity_090_seeded,0.0015119271433071,3.566517994255154e-09,2.1614875884760926e-09,7.802358650680168e-10,3.982509206436768e-05,686.0608053575958,0.0983749674133584,0.0500575516783461,230.68324119345692,111.79838460391682,0.011674305642144667,3.0866250608500866e-06
0.78,2.5321128920413845,9.729875260332737,81.16448073440185,93.42646888677596,0.0003997313309454,4.812629436598368,80.97405830671332,2.575759272836863,2.341486550897504,0.1463762692787339,0.0438503405342015,2.31416813510443e-08,0.0001957947339035,0.2454103741061293,7.594871929038419,15.30085529628352,1.6855287352087107,24.826666334636776,1171.845061750142,4502.921773789318,37562.383666647685,0.2100818000746153,2529.313508504229,42556.52387363959,1353.7096111946096,1230.5858244826827,76.92914654838648,23.045875467208223,1.216228426098569e-05,0.1029013914078246,0.0271027356830757,0.1041447394541307,0.8687525248627936,4.397738106587013e-06,0.0529472728999069,0.8908551176566144,0.0283378205074841,0.0257604141426395,0.0016103929001126,0.0004824298187934,2.5459864176089156e-10,2.154081743655512e-06,347.5594267964018,347.50483131064374,0.088454980833479,-0.088454980833479,3.138540186012913e-05,74.21274142253878,384.5686249932818,1101.4554019464492,716.8867769531674,373.9036489181713,3412.417337906229,85.90982725691244,4487394.433561177,294.45217858540354,41,0.05,diffusivity_090_seeded,0.0015084023347742,3.568820246553722e-09,2.162872079378e-09,7.817291173463241e-10,3.985406504595368e-05,687.204583477776,0.0987511756713911,0.0500368883140606,230.6899343319864,111.82279869679944,0.011735116278265442,3.0993453326068168e-06
0.79,2.526929808158033,9.729875260332737,81.1784560729482,93.43526114143896,0.0003972253152776,4.822338426458196,80.98888531986725,2.570378571412373,2.337158262462165,0.1457247183596094,0.0436496020209824,2.3075847858142306e-08,0.0001964096244817,0.2402272902227778,7.608847267584768,15.30085529628352,1.6855287352087107,24.835458589299773,1169.3553092656234,4502.571166571464,37565.92616875391,0.2086896406005181,2533.5043723692447,42549.00360070648,1350.3957568777057,1227.8691691109022,76.5591666276945,22.932122923101744,1.2123321980881672e-05,0.1031874162273362,0.027044712855598,0.1041349394379494,0.8688203477064526,4.369495884232888e-06,0.0530459341244653,0.8908812894425755,0.0282742769827168,0.025708843358817,0.0016029782911954,0.0004801475360294,2.5383533819052943e-10,2.1605144807981044e-06,347.59135944974,347.5394507340463,0.0843410047008001,-0.0843410047008001,3.139423114367844e-05,74.21478898135803,365.23985924966166,1077.8268690135271,712.5870097638655,375.6521240485543,3414.577780254686,86.20741266879381,4487394.4335175995,295.70768517218033,41,0.05,diffusivity_090_seeded,0.0015050534006042,3.571009309935065e-09,2.1641885033270942e-09,7.831533026770401e-10,3.988164732724902e-05,688.2945461048397,0.0991106432942385,0.0500172165790353,230.6962991583019,111.8460227097657,0.01179330961199408,3.1115024443779873e-06
0.8,2.52198878972122,9.729875260332737,81.19176466868225,93.4436287187362,0.0003948481671002,4.83159646196465,81.00300246178942,2.565250043295276,2.333028755072808,0.145106059125419,0.0434591273558931,2.301313652592883e-08,0.0001969973983993,0.2352862717859649,7.622155863318831,15.30085529628352,1.6855287352087107,24.843826166597022,1166.982397681661,4502.237760423077,37569.30268335474,0.2073696717278393,2537.4983492948154,42541.836151427,1347.2395307913118,1225.27960715646,76.20801703992153,22.824228967692036,1.2086232036624892e-05,0.1034607457780865,0.0269894140917019,0.1041256144880621,0.868884971420236,4.342711511768255e-06,0.053139994873687,0.8909061775871961,0.0282137333329791,0.0256596628176023,0.0015959394164574,0.0004779823445702,2.5310846355700157e-10,2.166662887407691e-06,347.62169955061194,347.5723581001037,0.0803864799118389,-0.0803864799118389,3.140262986731696e-05,74.21673556119525,346.81122811149964,1055.3173515453375,708.5061234338378,377.3240014418352,3416.6332884189114,86.49109995607762,4487394.433595436,296.90780234753566,41,0.05,diffusivity_090_seeded,0.0015018723083178,3.573090156994401e-09,2.1654398505483503e-09,7.845110469313004e-10,3.990789687454392e-05,689.3328293295732,0.0994539402038667,0.0499984950391055,230.7023500919585,111.8681080562892,0.011848965957332923,3.1231152730683e-06
0.81,2.517280301576612,9.729875260332737,81.20443432033294,93.45158988224227,0.0003925936176493,4.840421050343727,81.01643957871022,2.5603636617291543,2.3290905482598534,0.1445187419457015,0.0432784177534062,2.2953420867835367e-08,0.0001975589702081,0.230577783641357,7.634825514969501,15.30085529628352,1.6855287352087107,24.85178733010309,1164.7216653936914,4501.920787363187,37572.519802301525,0.2061183205127263,2541.303303515396,42535.007471263554,1344.2344300380705,1222.8121154995265,75.8747952929467,22.721904740051592,1.2050935997451509e-05,0.1037218164303105,0.0269367306083141,0.1041167440018226,0.8689465253898633,4.317313503670924e-06,0.0532296354923633,0.8909298391216589,0.0281560680412415,0.0256127802980645,0.0015892584292927,0.0004759285148419,2.5241651777605616e-10,2.172536616764292e-06,347.6505208962216,347.60363128920363,0.0765882619212888,-0.0765882619212888,3.141061697057892e-05,74.21858572455069,329.2474720042512,1033.881177798214,704.6337057939629,378.9217847614418,3418.58843037903,86.7614365771677,4487394.433531809,298.0543776383038,41,0.05,diffusivity_090_seeded,0.0014988512326411,3.575067705641733e-09,2.166629078417041e-09,7.858049734784691e-10,3.993287109976076e-05,690.3215498316835,0.0997816367289022,0.049980682916359,230.70810131546529,111.88910548215776,0.011902167042949802,3.134202771988996e-06
0.8200000000000001,2.51279512911404,9.729875260332737,81.21649154108182,93.4591619305286,0.0003904556775546,4.848829132910359,81.02922512800801,2.555709748924963,2.325336378497412,0.1439612917921801,0.0431070031468945,2.2896577159293867e-08,0.0001980952381581,0.2260926111787848,7.646882735718399,15.30085529628352,1.6855287352087107,24.85935937838941,1162.568616262983,4501.619525904093,37575.58389646362,0.204932181217523,2544.9268321095888,42528.50400804759,1341.3742033057204,1220.4618436959895,75.55864399931421,22.62487828572296,1.2017357588589577e-05,0.1039710563278088,0.0268865574782479,0.1041083084777208,0.8690051340440312,4.293233638346292e-06,0.0533150304546151,0.8909523282831425,0.0281011640876911,0.0255681065342885,0.0015829183594223,0.0004739806502945,2.5175803788769357e-10,2.1781451492342704e-06,347.6778923300797,347.63334345621354,0.0729430702855325,-0.0729430702855325,3.1418210328528685e-05,74.22034376582234,312.51459767066626,1013.4743718109544,700.9597741402882,380.4479563200145,3420.447535256858,87.01895158650815,4487394.433566777,299.1492433219987,41,0.05,diffusivity_090_seeded,0.0014959827751693,3.5769465504609918e-09,2.167758949846386e-09,7.870375908386429e-10,3.995662425211328e-05,691.262734206368,0.1000942954530377,0.0499637413421581,230.7135661779368,111.9090627277953,0.01195299391072111,3.144783627229431e-06
0.8300000000000001,2.508524155248697,9.729875260332737,81.22796247796978,93.4663618935512,0.0003884285831568,4.856837503058525,81.04138713925734,2.5512787393714573,2.3217590179027523,0.1434322803215654,0.042944428441225,2.2842484206186463e-08,0.0001986071071735,0.2218216373134424,7.658353672606351,15.30085529628352,1.6855287352087107,24.86655934141202,1160.5188071996415,4501.333267091135,37578.50125897834,0.2038079816456409,2548.376436755718,42522.31236017794,1338.6526971338349,1218.2239923247384,75.25873435366893,22.532886772646307,1.1985422298224413e-05,0.1042088955569323,0.0268387910305704,0.1041002887371831,0.8690609202322465,4.270406312059517e-06,0.053396352454669,0.8909736980860488,0.0280489060405652,0.0255255529460623,0.0015769027867628,0.0004721335304234,2.511315926970277e-10,2.183498024786964e-06,347.70388136989845,347.6615665351306,0.0694472988964719,-0.0694472988964719,3.142542750857774e-05,74.22201389246764,296.5789027807035,994.0536055516798,697.4747027709763,381.9050231772934,3422.2148570396475,87.26416843914969,4487394.433572971,300.194242905604,41,0.05,diffusivity_090_seeded,0.0014932597379112,3.578731208508658e-09,2.168832181153264e-09,7.882113928512325e-10,3.9979209810474656e-05,692.1583844401246,0.1003924784713972,0.0499476321456135,230.7187577582335,111.92802670670612,0.012001528621019737,3.154876554609344e-06
0.84,2.504458527585824,9.729875260332737,81.23887223465444,93.473206022573,0.0003865068111472,4.864462487624117,81.05295251293487,2.5470613553931334,2.3183514173154856,0.1429303415190808,0.0427902619401131,2.2791023387491348e-08,0.0001990954693638,0.2177560096505685,7.669263429291002,15.30085529628352,1.6855287352087107,24.8734034704338,1158.5679314854335,4501.061339131596,37581.27799857834,0.2027425926855387,2551.659397243425,42516.419538671245,1336.0639658296134,1216.0939045487366,74.97427516734842,22.445681155478614,1.195505755208132e-05,0.1044357576285809,0.0267933307752493,0.1040926664907915,0.8691140027339592,4.248768721263245e-06,0.053473769328484,0.8909939992539949,0.0279991821769214,0.0254850333880242,0.001571196022557,0.0004703822061147,2.5053578488546235e-10,2.1886046464936726e-06,347.7285516208137,347.6883688669057,0.0660972084591235,-0.0660972084591235,3.143228522272413e-05,74.22360009716454,281.4077136460687,975.5769530680312,694.1692394219626,383.2954744624492,3423.8944576320223,87.49759539303305,4487394.433546435,301.1912062095042,41,0.05,diffusivity_090_seeded,0.0014906752703245,3.5804259416997262e-09,2.1698513352078798e-09,7.893287820848718e-10,4.000067873662542e-05,693.0104294498295,0.1006767409293879,0.0499323187061606,230.7236884675746,111.9460419377194,0.012047852677883076,3.1645000361868246e-06
0.85,2.500589660769456,9.729875260332737,81.24924382847368,93.47970874957588,0.0003846848644706,4.871719930153184,81.06394597785065,2.5430486209462084,2.315106709233343,0.1424541600976564,0.0426441065739858,2.2742070652962583e-08,0.0001995612093086,0.2138871428342006,7.679635023110263,15.30085529628352,1.6855287352087107,24.879906197436693,1156.7118346813309,4500.803166616629,37583.92005283482,0.2017329178315081,2554.7828031136683,42510.81304056744,1333.6022959905697,1214.067083683204,74.70450757994422,22.363032294826503,1.1926188665274512e-05,0.104652063956841,0.0267500797148215,0.1040854254948337,0.8691644947903446,4.228258547415491e-06,0.0535474445131348,0.8910132789854833,0.0279518849352325,0.0254464644585512,0.0015657829971466,0.0004687221275692,2.499691656874485e-10,2.193474365446736e-06,347.75195624432365,347.713813008381,0.0628890708839401,-0.0628890708839401,3.1438798158662494e-05,74.2251058838246,266.9698318195151,958.0039251243476,691.0340933048324,384.62185226711176,3425.490002985033,87.71972537413583,4487394.433593511,302.14202171501086,41,0.05,diffusivity_090_seeded,0.0014882230690489,3.582034310482996e-09,2.170818552906305e-09,7.903919470325994e-10,4.002107589073526e-05,693.8206703417184,0.1009476537380182,0.0499177669249447,230.72836919785172,111.96314715956404,0.01209204878083663,3.1736729104601057e-06
0.86,2.4969090933769498,9.729875260332737,81.25910171700693,93.48588607071662,0.0003829578047275,4.878625485582464,81.07439365334972,2.5392316749403605,2.312018099809911,0.1420024788980382,0.0425055568642724,2.269551876512892e-08,0.000200005199385,0.2102065754416949,7.689492911643511,15.30085529628352,1.6855287352087107,24.886083518577436,1154.9463994006048,4500.558081327726,37586.433240810205,0.2007761604952513,2557.753573363777,42505.48042434925,1331.262034638796,1212.1390694872127,74.4487046405465,22.28470709192592,1.1898749840995953e-05,0.1048582259347872,0.0267089418341522,0.1040785477817758,0.8692125103840719,4.208819635620589e-06,0.0536175382380957,0.8910315855737211,0.0279069077609764,0.0254097633114231,0.0015606492781052,0.0004671486522662,2.494304694670441e-10,2.198116345994728e-06,347.77415878829913,347.7379645446996,0.0598187283028895,-0.0598187283028895,3.1444982775920085e-05,74.22653516335339,253.23368304979908,941.2946786649966,688.0609956151975,385.8865668605772,3427.0054468517005,87.93104419283644,4487394.433586398,303.048440840245,41,0.05,diffusivity_090_seeded,0.0014858966400327,3.5835605920479593e-09,2.171736406403738e-09,7.914032667313875e-10,4.004045166754858e-05,694.5909755692447,0.1012057423794893,0.0499039416577893,230.73281210609528,111.97938633587472,0.012134196448389785,3.1824128259472463e-06
0.87,2.4934087114069308,9.729875260332737,81.26845845337917,93.49174242511884,0.0003813188837631,4.885194082648735,81.08430963471059,2.5356021528218604,2.3090790248621382,0.1415740130674936,0.0423743545935314,2.265118259587577e-08,0.0002004283563481,0.2067061934716753,7.69884964801573,15.30085529628352,1.6855287352087107,24.891939872979638,1153.2678389071143,4500.326064870482,37588.82329361734,0.1998686202879646,2560.5786723752385,42500.41050617536,1329.0380452242189,1210.3057532332932,74.20614049107442,22.21055433871982,1.1872636803741733e-05,0.1050546950482676,0.0266698282300599,0.1040720282663013,0.8692581435036387,4.1903765742911e-06,0.0536842095066822,0.8910489516875736,0.0278641533774802,0.0253748530848488,0.0015557803537861,0.0004656588236257,2.4891760930648465e-10,2.202540511438476e-06,347.79515115901785,347.7608598288449,0.0568831941324696,-0.0568831941324696,3.145084253578075e-05,74.22788877475573,240.1734548036669,925.411510446074,685.2380556424072,387.0927506669008,3428.4424170994776,88.13201771241161,4487394.433590348,303.9129493698477,41,0.05,diffusivity_090_seeded,0.0014836920026774,3.585004187865653e-09,2.172604534486625e-09,7.923637607781225e-10,4.0058816753975415e-05,695.3225643761024,0.1014517580487944,0.0498908196862155,230.73701980034733,111.99476572836257,0.012174393147966936,3.1907432673707604e-06
0.88,2.490080529998484,9.729875260332737,81.27732868647969,93.4972844768109,0.0003797620410707,4.89144045386896,81.09371007066896,2.532151800130109,2.306283006333665,0.1411675384202328,0.0422502232035156,2.2608899174268117e-08,0.0002008315780799,0.203378012063229,7.707719881116263,15.30085529628352,1.6855287352087107,24.89748192467172,1151.6723950321616,4500.10696820251,37591.095814974,0.1990069610525459,2563.264872785677,42495.59212431956,1326.925232566351,1208.5630547054393,73.97612131289358,22.14041324356009,1.1847756834066343e-05,0.1052419086551868,0.0266326508190306,0.1040658593966536,0.8693014897843157,4.172861486858349e-06,0.053747613710055,0.8910654119781879,0.027823525215556,0.0253416573910125,0.0015511623610604,0.0004642494776993,2.4842873805547096e-10,2.2067565129781435e-06,347.8149398532953,347.78253989917675,0.0540790095062078,-0.0540790095062078,3.145638342447673e-05,74.22916814231608,227.76265260713785,910.3173168269828,682.5546642198449,388.2433491979585,3429.8029607096137,88.32310438157197,4487394.433731442,304.7378449042223,41,0.05,diffusivity_090_seeded,0.0014816048281456,3.5863654974898982e-09,2.173423176452881e-09,7.93274709706083e-10,4.007618961213169e-05,696.0167554585539,0.101686390809481,0.0498783760765587,230.7409967079892,112.0092990138188,0.012212731654373992,3.198686098354221e-06
0.89,2.4869167465405093,9.729875260332737,81.28570364427155,93.5024956511448,0.0003782770706878,4.897378804936984,81.10258756763126,2.528872824092685,2.303623631303065,0.1407816768807372,0.0421331612860191,2.2568335476184746e-08,0.0002012159051801,0.2002142286052539,7.716094838908138,15.30085529628352,1.6855287352087107,24.90269309900562,1150.1567338067384,4499.901963078843,37593.256605284994,0.1981857487292898,2565.8195023625435,42491.015941694524,1324.919200554907,1206.9073426262523,73.75789917491295,22.074275082596063,1.182393227215357e-05,0.1054204124819449,0.026597330148482,0.1040600594943971,0.8693426103571208,4.156162088508859e-06,0.0538079140909481,0.8910809717217407,0.027784939063431,0.0253101071793911,0.0015467801607549,0.0004629205975598,2.479602058256289e-10,2.210776125537186e-06,347.83338531223006,347.8029900028976,0.0514050288274113,-0.0514050288274113,3.1461585224595525e-05,74.23036850760299,215.984717186363,895.9767694165017,679.9920522301387,389.3429597788402,3431.0845082961446,88.50475218520278,4487394.433897037,305.52707084211875,41,0.05,diffusivity_090_seeded,0.0014796355564327,3.587634961896356e-09,2.1741865801419235e-09,7.94134678517498e-10,4.009250858496957e-05,696.6736225994524,0.1019108366883929,0.0498666084558365,230.74472803746045,112.022923678233,0.012249346710678252,3.2062764737817096e-06
0.9,2.483908978540579,9.729875260332737,81.29341468162939,93.5071989205027,0.0003768230616095,4.903023002405747,81.11077446532745,2.525758712682854,2.3010935452441346,0.140413614042213,0.0420249961926221,2.2527931510184534e-08,0.0002015835391929,0.1972064606053238,7.723805876265962,15.30085529628352,1.6855287352087107,24.907396368363514,1148.719595223869,4499.721393653943,37595.31416578511,0.1973839107464313,2568.255378428229,42486.68273977995,1323.0191649675824,1205.3371707495546,73.55013820892053,22.013138108299657,1.1800369126864283e-05,0.1055915928766458,0.0265638261782638,0.1040548254322623,0.8693813483894738,4.139836099795097e-06,0.0538653646535996,0.8910954408671946,0.027748373609284,0.0252801675325206,0.0015426055555934,0.0004616930704528,2.474953197429417e-10,2.214627759539963e-06,347.8493315864651,347.8218178718327,0.0488763787801468,-0.0488763787801468,3.1466246516860487e-05,74.23144239137899,204.88632779189788,882.3578117263171,677.4714839344192,390.408260117612,3432.2528182387205,88.6774424019245,4487394.433614401,306.29651436893687,41,0.05,diffusivity_090_seeded,0.0014778165758592,3.588733675278567e-09,2.1748472713885796e-09,7.949235380298567e-10,4.010715753781762e-05,697.2848620425797,0.1021299697030634,0.0498556653501448,230.7480661997897,112.03504949060222,0.012284682555079368,3.2136468034360857e-06
0.91,2.4810503804640973,9.729875260332737,81.30055034641306,93.51147598720988,0.0003754098355792,4.908386402866299,81.11836078237776,2.5228014936187564,2.298687363847681,0.1400629960687844,0.0419246107120576,2.2488133047350557e-08,0.0002019347663092,0.1943478625288425,7.73094154104963,15.30085529628352,1.6855287352087107,24.9116734350707,1147.3566440241989,4499.560796254856,37597.272242949024,0.1966062600272992,2570.57594654512,42482.57776294497,1321.2188905130756,1203.8478557196456,73.35253159474378,21.956379758885664,1.1777282623973642e-05,0.1057554581975304,0.0265320417015281,0.1040500661294614,0.8694178921690104,4.1239869515246255e-06,0.0539200616500367,0.8911089419898872,0.0277137130009349,0.0252517536721331,0.0015386330176669,0.0004605541228229,2.470387253129225e-10,2.2183125277830182e-06,347.8632643281211,347.8392377665847,0.046481251441269,-0.046481251441269,3.1470458199380065e-05,74.23241120160456,194.4125980845307,869.4257154883984,675.0131174038677,391.4362726189608,3433.324642410372,88.84156806632392,4487394.434970345,307.04266230469256,41,0.05,diffusivity_090_seeded,0.0014761288889226,3.589694690553734e-09,2.175425135148942e-09,7.956512333312017e-10,4.012041441639062e-05,697.8555756371576,0.1023426774418287,0.0498454531302374,230.75107774151465,112.04593773465996,0.012318678855176143,3.2207709524457073e-06
0.92,2.4783263458256464,9.729875260332737,81.30569315434438,93.51389476050277,0.0003737561114813,4.913483299529545,81.12392735774523,2.520002864193328,2.296389096609861,0.1397154772444336,0.0418480158598729,2.243776903624549e-08,0.0002022810570556,0.1916238278903915,7.736084348980949,15.30085529628352,1.6855287352087107,24.91409220836357,1146.082021750053,4499.502306675825,37599.16176780861,0.1957092511653219,2572.8385640387046,42478.77850572236,1319.54463976816,1202.4541584096876,73.15896807504546,21.912802480287944,1.174904928912109e-05,0.105920071900337,0.0265022257085201,0.1040473748339943,0.8694503994574854,4.10558843648934e-06,0.0539730043141814,0.8911197646040963,0.0276814058722615,0.0252250818945961,0.0015347287446349,0.0004596867441802,2.4647154191199517e-10,2.221991141434593e-06,347.8660714810428,347.85191633682706,0.0443608040616618,-0.0443608040616618,3.147260139011911e-05,74.23289328698509,185.09553092623375,857.1646578158468,672.069126889613,392.53884188812617,3434.0181820117155,88.99796780595892,4487394.434911564,307.8754612233877,41,0.05,diffusivity_090_seeded,0.0014748533197698,3.5898961248236718e-09,2.175546018301649e-09,7.961513387869455e-10,4.0127324379126265e-05,698.312053578111,0.1025827759618931,0.0498372948322759,230.75257630150105,112.05086935556774,0.012354218500883987,3.2285468173405542e-06
0.93,2.475723959727022,9.729875260332737,81.30771540429518,93.51331462435492,0.0003716421875847,4.91832759531212,81.1263453663613,2.5173627312955644,2.29418493372505,0.1393595794416996,0.0418078043726851,2.236803167669829e-08,0.0002026317514765,0.1890214417917669,7.738106598931756,15.30085529628352,1.6855287352087107,24.913512072215752,1144.9063088971327,4499.611326444235,37601.00796481946,0.1945808074815699,2575.0901994582737,42475.34407222151,1318.0163322222418,1201.1670682959657,72.9645352544219,21.88932420922609,1.171123680470956e-05,0.1060919646392839,0.0264745610790512,0.1040480203211474,0.8694774185998013,4.082277087136935e-06,0.0540250184723643,0.8911265510639381,0.027651791269356,0.0252003106791121,0.0015307853549273,0.0004592348435017,2.4570004764950364e-10,2.22579401320098e-06,347.8505085336305,347.8572429258111,0.0426227040841377,-0.0426227040841377,3.14713870555684e-05,74.23258511121065,177.34178245764406,845.5535832177819,668.2118007601379,393.80546921042856,3434.1095065268905,89.14738312634785,4487394.321358764,308.88296823851505,41,0.05,diffusivity_090_seeded,0.001474211658439,3.58884360104461e-09,2.174912481795374e-09,7.962914738534867e-10,4.0123948616522473e-05,698.595728499635,0.1028772769788532,0.0498322363894953,230.7516183386525,112.0460885190102,0.01239360434612112,3.2376906030244054e-06
0.94,2.4732131858603745,9.729875260332737,81.30223163841464,93.50532008460776,0.0003682325729938,4.9229360219257865,81.12122126069069,2.514901620029891,2.2920376183770577,0.1389536664908759,0.0418536684194475,2.2245273446321508e-08,0.0002030205683354,0.1865106679251197,7.732622833051213,15.30085529628352,1.6855287352087107,24.90551753246856,1143.8797635710846,4500.140738370577,37602.89571317271,0.192795049825448,2577.495216998511,42472.53242074739,1316.7237737761868,1200.0391579812783,72.75179063256128,21.913270797041022,1.1646928916676876e-05,0.1062952151939957,0.0264499729386788,0.1040569162431476,0.8694931108181736,4.045068229361436e-06,0.0540788989294658,0.89112397684088,0.0276264225091318,0.0251782412273273,0.0015264186356619,0.0004597663455714,2.443663474406385e-10,2.230199366133388e-06,347.7885280998065,347.8448239592399,0.0416976717058048,-0.0416976717058048,3.146182559949989e-05,74.230310346336,172.7927122597157,834.605538941002,661.8128266812863,395.57355104234273,3432.7272784258503,89.29153855428665,4487394.14321505,310.3993303599757,41,0.05,diffusivity_090_seeded,0.0014750756781236,3.584625643483013e-09,2.1723745003334963e-09,7.955572585805741e-10,4.0095015863068456e-05,698.4769424292573,0.1033287530586496,0.0498343965894953,230.74454724345384,112.01705305718124,0.012445466074669051,3.250911208145024e-06
0.95,2.4706454328429266,9.729875260332737,81.26295249523864,93.4634731884143,0.0003586312864971,4.927351013888568,81.08220864416926,2.512777628740116,2.28974661770405,0.1382529801441239,0.0422872037082545,2.187078076519373e-08,0.0002036453462121,0.1839429149076717,7.693343689875204,15.30085529628352,1.6855287352087107,24.863670636275103,1143.3177602155197,4502.604478142152,37605.30572306657,0.1878557808754517,2581.0112146161605,42471.926442133714,1316.2259439878237,1199.3993694107924,72.41872787229829,22.15059302617636,1.1456202383038303e-05,0.1066721085825921,0.0264343421933648,0.1041035061977436,0.8694621516088915,3.941298252513924e-06,0.0541507689701063,0.8910800013030422,0.02761500864534,0.0251639348903464,0.0015193772812432,0.0004647293427935,2.40356246809624e-10,2.2380285194805296e-06,347.51212999045083,347.7519778472868,0.0441689557480411,-0.0441689557480411,3.141403460473936e-05,74.21902533202311,181.2046617785727,824.5435495102536,643.3388877316809,399.8351039135477,3424.6424822998347,89.43896542533561,4487394.647386861,314.410501129942,41,0.05,diffusivity_090_seeded,0.0014827178578792,3.565827579119972e-09,2.1610645863570515e-09,7.908739978293437e-10,3.994915483226392e-05,696.5770105012776,0.1045463321199444,0.0498686372505981,230.70946783308744,111.87668349585266,0.012560433790529743,3.2842220950145076e-06
0.96,2.467750964958333,9.729875260332737,81.14180719725167,93.33943342254273,0.0003347971100447,4.931649983222968,80.96109995772325,2.5113114626987976,2.286913814410969,0.1368119031872619,0.0436904502584337,2.0903788532689222e-08,0.0002048654874864,0.1810484470230781,7.57219839188825,15.30085529628352,1.6855287352087107,24.739630870403555,1143.7968639471271,4509.774676373485,37609.03994167255,0.1756517555175976,2587.39681783927,42476.350331432135,1317.5629473492536,1199.8324184013943,71.77854960378104,22.922253678424838,1.0967200858589352e-05,0.1074829544291854,0.0264384609427288,0.1042418504544172,0.869319688602854,3.684270693641604e-06,0.0542702817896502,0.8909354320872183,0.0276356962083455,0.025166315038363,0.0015055449116238,0.0004807910243241,2.3003548467543618e-10,2.2544397458628933e-06,346.71306596933096,347.4609260043738,0.0545539278040631,-0.0545539278040631,3.127324785474906e-05,74.18585998292352,218.492887417769,815.7488996184208,597.2560122006518,410.0652803945698,3400.2279706268914,89.60515054543004,4487394.388295258,324.49351644595373,41,0.05,diffusivity_090_seeded,0.0015071599777282,3.5118565466952518e-09,2.1285939614773717e-09,7.767057002809564e-10,3.952027544606573e-05,690.3823913616643,0.1076203991082942,0.049981529540141,230.60637351182635,111.46538978058844,0.012824073150406552,3.3656394155406988e-06
0.97,2.4637042874490893,9.729875260332737,80.79611894107786,92.98969848885967,0.0002776366999118,4.9361143667042136,80.61459251993814,2.5116529119976567,2.2821079816308645,0.1333001229768773,0.0480185461414419,1.8457287819110665e-08,0.000207733564319,0.1770017695138344,7.226510135714437,15.30085529628352,1.6855287352087107,24.3898959367205,1147.0211951390215,4529.91586957697,37616.06511889659,0.1463486351876659,2601.9384358290035,42493.78988890219,1323.949520552134,1202.951153678833,70.26553432671984,25.31167058867564,9.729257272004432e-06,0.1095010984873941,0.0264943787052309,0.1046339048136433,0.8688717164811258,3.066918522927369e-06,0.0545268712217767,0.8905104660015409,0.0277450165681105,0.0252093445945944,0.0014725020733788,0.000530437685839,2.0388874350330108e-10,2.294732347870823e-06,344.46611586703085,346.5942664483335,0.0851083996348605,-0.0851083996348605,3.087595101669519e-05,74.09259382427221,321.8639987815697,809.2648501303219,487.40085134875216,435.25806921608654,3330.40927046397,89.8374894811759,4487389.150725026,350.70187939351416,41,0.05,diffusivity_090_seeded,0.0015809457842989,3.3631664772631163e-09,2.039142511797279e-09,7.371492410349492e-10,3.832031595604204e-05,672.475323706851,0.1155859054860293,0.0503193844306345,230.31645612564375,110.30630853325718,0.013439006824737212,3.5688247560070004e-06
0.98,2.4567007587491143,9.729875260332737,79.95689395675561,92.14346997583746,0.0001751561946223,4.941728929313118,79.77083719828167,2.517463316625736,2.2706830143938794,0.1251190173094454,0.0607235708511775,1.3546774470411762e-08,0.0002141567668303,0.1699982408138594,6.387285151392186,15.30085529628352,1.6855287352087107,23.543667423698277,1156.1293254245238,4578.902856252193,37627.90789397251,0.093400081908386,2635.121685316464,42536.90681213854,1342.4091593286278,1210.8163230516886,66.71831670124273,32.380165049245214,7.223665984859128e-06,0.1141967008721299,0.0266616913753446,0.1055948431601737,0.8677434654644816,1.952973153967045e-06,0.0550997579842312,0.8894364475867295,0.0280694512921287,0.0253178768689357,0.0013950638878797,0.0006770614304624,1.5104511102562656e-10,2.387825433532627e-06,338.9388283255923,344.20532810955206,0.1492005221138705,-0.1492005221138705,2.9906853759638088e-05,73.86665341968354,511.2354556798112,806.0627168750701,294.827261195259,480.49081611524,3156.606024012356,90.2395952582982,4487496.664603958,405.3329855783515,41,0.05,diffusivity_090_seeded,0.0017868448047349,3.0164552062728756e-09,1.8305749384332022e-09,6.453216951276973e-10,3.54522555076631e-05,629.0045968712382,0.1321083372908991,0.0512178372253317,229.6141215116893,107.47521755646848,0.01436996857040764,3.950944723787862e-06
0.99,2.445512225008334,9.729875260332737,78.52079235482984,90.69617984017091,7.643823039347904e-05,4.949844645586568,78.31746256592805,2.5377002991852287,2.242330315560938,0.1110652610827953,0.0920402101342247,7.706103648501998e-09,0.0002243099791491,0.1588097070730791,4.951183549466424,15.30085529628352,1.6855287352087107,22.09637728803173,1172.1333595249205,4663.526626456897,37634.99490791207,0.0415761624062749,2692.311737351447,42598.31142252827,1380.3019671473,1219.644788849385,60.41044263719066,50.0623667600586,4.191491811891026e-06,0.1220063320991008,0.0269637842444734,0.1072798796760699,0.8657563360794565,8.661482825258945e-07,0.0560884182754517,0.8874425185417636,0.0287555683116945,0.025408627877452,0.001258519259799,0.001042939763528,8.732055158469429e-11,2.5417347077942628e-06,329.2003294900541,339.0648626486719,0.210942711705211,-0.210942711705211,2.822005627961716e-05,73.48191109027924,686.0791478348503,804.4069834791288,118.32783564427852,495.4414477510201,2846.049966997907,90.88198201038098,4487632.1771955285,455.39024294786304,41,0.05,diffusivity_090_seeded,0.0022518520764605,2.4687080902227364e-09,1.5010302402569e-09,5.029841526660562e-10,3.070198748283129e-05,556.1233149141177,0.148269555793022,0.0530309003625808,228.4181519112716,102.53630093428238,0.01398138553878879,4.184175209032917e-06
1.0,2.432468815083184,9.729875260332737,76.95348624320872,89.11583031862463,2.877592143510329e-05,4.960057400703535,76.71031420320384,2.5803157425950785,2.1895021170341225,0.0952963287022104,0.1476415934254176,3.934684736400757e-09,0.0002341139425953,0.1457662971479286,3.3838774378452987,15.30085529628352,1.6855287352087107,20.51602776648545,1189.2531897169913,4757.012758867965,37623.16639255617,0.0159941572263762,2756.8861034603624,42636.92577204734,1434.1843326836054,1216.9633277010544,52.967355634362285,82.06176346861336,2.1869661568316204e-06,0.1301245979281993,0.0272955860522887,0.1091823442091551,0.8635220697385562,3.319658050098313e-07,0.0572203900275768,0.8849482462083407,0.0297671299458439,0.02525861194371,0.0010993608855742,0.0017032281841934,4.5391449546626295e-11,2.700793564263488e-06,318.15,331.269823603554,0.217900690660869,-0.217900690660869,2.6326123019847024e-05,73.06817248396845,759.0379717827276,798.856191195993,39.81821941326538,436.7092962711767,2489.5478298537955,91.63086599572055,4487359.457874377,446.00084081105615,41,0.05,diffusivity_090_seeded,0.0030081974362783,1.938223031490003e-09,1.1816473514217948e-09,3.69569798538197e-10,2.5777670366357782e-05,479.79696396497366,0.1492381829239588,0.0555047747956188,227.1320475295858,96.97088226110868,0.011496862657545816,3.928862762914573e-06
0.0,4.025353484051234,9.729875260332737,75.23304383386017,88.98827257824414,0.0009319497629568,2.165992157749772,74.4703409820628,4.302091717369514,3.261791385213449,0.4850326162704504,0.2775975328043862,2.62229107025133e-08,7.267649975231612e-05,1.7417130263823344,1.6681384637478156,15.30085529628352,1.6855287352087107,20.39623552162238,1952.055134354358,4718.406230362803,36483.51631002352,0.5606324225365148,1302.9945162940587,44799.07537014569,2588.006561459655,1962.1937563447643,291.78076059182536,166.99417017125785,1.5774899610966617e-05,0.0437199554494667,0.0452346513470287,0.1093388485744299,0.8454265000785413,1.0968779681075484e-05,0.0254931024328122,0.8764944157667196,0.0506343776148262,0.0383903430121824,0.0057086938775823,0.0032672428261375,3.086360891168516e-10,8.553814223265019e-07,323.80259067722386,316.75,0.663286904522064,-0.663286904522064,2.6322670577812814e-05,72.97742401071547,8128.000589707743,9414.203359062049,1286.202769354304,101.78487488328852,2294.1997602190622,0.0,4487416.126740168,93.7260973087314,41,0.05,diffusivity_110,0.004412997486503,2.6843064486963595e-09,1.3371588872634183e-09,2.985568839064073e-10,2.858595213381516e-05,319.93549473548694,0.0424814389007717,0.0601625932601236,226.8499563558308,97.28898444068804,0.0026792497313566973,1.1182249218564958e-06
0.01,3.9872019056636456,9.729875260332737,75.5488899964316,89.26596716242798,0.0010123292899972,2.2332146003143887,74.82385705254488,4.235429365952943,3.261231294065403,0.4757930980960014,0.2491651842122484,2.8105761172081874e-08,7.463347280183752e-05,1.7035614479947463,1.9839846263192455,15.30085529628352,1.6855287352087107,20.67393010580622,1927.118490815791,4702.702037958971,36514.74550760143,0.6051719541662754,1335.01900725262,44729.81295529676,2531.9459700053358,1949.5689146987709,284.4298212040844,148.9513174515891,1.6801665801732497e-05,0.0446160009672593,0.0446665401429925,0.10899870991851,0.8463347499384973,1.1870683984556053e-05,0.0261869186755428,0.8773927321402938,0.0496651080225794,0.0382415548724262,0.0055792019112137,0.0029217382041225,3.2957122975280755e-10,8.751602655919934e-07,325.8015336887119,320.8416894175875,0.6102321262870728,-0.6102321262870728,2.668973995269648e-05,73.05904203540801,7662.777824372818,9094.674479535552,1431.8966551627352,100.74709785663886,2366.0988340667736,2.1904629413510013,4487416.574674687,90.89801057016052,41,0.05,diffusivity_110,0.0041139283501684,2.8032211738157753e-09,1.3957445768645575e-09,3.1958768714457245e-10,2.958165779334732e-05,333.6524299344579,0.0408404499660365,0.0594517347006305,227.10366557604985,98.46863692497828,0.002688913842782556,1.090020989144626e-06
0.02,3.951835785951924,9.729875260332737,75.81690555538118,89.49861660166584,0.0010719056025989,2.294449495843073,75.12273288041837,4.178758014280193,3.256667750209468,0.4661784818856409,0.2279176482542357,2.9573339891418392e-08,7.651524995248489e-05,1.6681953282830246,2.252000185268833,15.30085529628352,1.6855287352087107,20.906579545044085,1904.7668468747324,4689.755552594187,36543.40310594061,0.637361648707793,1364.2937493763643,44668.43793707751,2484.715156889544,1936.4346277640811,277.1925858828499,135.52123219498472,1.7584489366683488e-05,0.0454964371328594,0.0441552722936542,0.1087153704692194,0.8471293572371262,1.2529894889248228e-05,0.0268206556080085,0.8781369782026012,0.0488470239912746,0.0380683751445928,0.0054493300188875,0.0026642123794352,3.4569353818566724e-10,8.944146172989655e-07,327.4114855670815,323.7463186965397,0.5710489377997556,-0.5710489377997556,2.698881415034594e-05,73.1272006635475,7268.138334027533,8814.004118401837,1545.8657843743044,100.55782518439509,2425.4138721845616,4.220999497948952,4487416.3895790735,89.25255452477491,41,0.05,diffusivity_110,0.0038851059356321,2.9017802058645355e-09,1.444290047123509e-09,3.377088171223804e-10,3.040738127569531e-05,345.6105917409805,0.0398095613221382,0.0588796929940299,227.3155363296194,99.40634634698614,0.002713936455264615,1.0744128519299877e-06
0.03,3.918518440908372,9.729875260332737,76.05078917854325,89.69918287978436,0.0011158630157395,2.3515045595959485,75.38298518270008,4.128693744677533,3.2496769560592536,0.4565127675888314,0.2112128542445572,3.0734813818989434e-08,7.83432751475871e-05,1.6348779832394726,2.4858838084309074,15.30085529628352,1.6855287352087107,21.107145823162607,1884.27536309348,4678.749000545136,36570.10437846147,0.6603813112862666,1391.649013057719,44612.56794197967,2443.411198822141,1923.198366850432,270.1698110134252,124.99833732197727,1.818923681996125e-05,0.0463645035659988,0.0436851074347021,0.1084722842277482,0.8478426083375497,1.3008158746677092e-05,0.0274126341435243,0.8787761797132755,0.0481301941991343,0.0378830672973055,0.0053217917136042,0.0024622111303966,3.5829069658876705e-10,9.132857218849216e-07,328.7552643833652,325.93545452876106,0.5410018982009369,-0.5410018982009369,2.7241293622656773e-05,73.18585742392462,6926.233577926663,8561.379344536213,1635.1457666095505,100.96380464848276,2476.0630542749204,6.133906190319194,4487416.226069858,88.39626268280855,41,0.05,diffusivity_110,0.0037013860352925,2.985975765132354e-09,1.48575342876865e-09,3.537456944059663e-10,3.1114263931712315e-05,356.33529200518944,0.0391784060375149,0.0584004032262252,227.49787057492756,100.18315606353572,0.0027503846476898777,1.0672704625356123e-06
0.04,3.8867912250849495,9.729875260332737,76.25904701009149,89.87571349550917,0.0011477196461396,2.405458762496783,75.61441512627965,4.083324713123057,3.2410917847128955,0.4469506128059146,0.1976011079200066,3.1660915617115354e-08,8.013142514867043e-05,1.6031507674160508,2.6941416399791445,15.30085529628352,1.6855287352087107,21.283676438887426,1865.1973485199017,4669.182491685121,36595.26947727131,0.6763693925629981,1417.5750040504718,44560.77422738744,2406.36802301139,1910.0267988271023,263.3950856430667,116.4494672398092,1.865827977761226e-05,0.047222719882253,0.043246290615308,0.1082592269024813,0.8484944824822106,1.334711840881429e-05,0.027973680714233,0.8793389182612718,0.0474860029023649,0.0376914658295679,0.0051977003025759,0.0022979526350289,3.681926950492227e-10,9.318683559383472e-07,329.90538570584846,327.6539722788749,0.5173351190930078,-0.5173351190930078,2.745980024276083e-05,73.23742287845721,6625.304156005526,8330.003571332532,1704.6994153270066,101.8117944857704,2520.367470898276,7.955516027464505,4487416.191370163,88.10136803629366,41,0.05,diffusivity_110,0.0035488198267331,3.05945123153644e-09,1.5219325724561948e-09,3.68207684887775e-10,3.1733122892990295e-05,366.1420883857488,0.0388271678560691,0.0579873426690538,227.6581615316002,100.84514500282448,0.0027957315389362737,1.0661862733198017e-06
0.05,3.856346431310095,9.729875260332737,76.44686045770779,90.03308214935062,0.0011696860508591,2.4569957186037445,75.82298370016076,4.0414976315209135,3.2313819102080754,0.4375558066018927,0.1862390284537961,3.2394603310570846e-08,8.189019795494632e-05,1.572705973641196,2.8819550875954363,15.30085529628352,1.6855287352087107,21.44104509272886,1847.2475120913537,4660.7555072542655,36619.18743636344,0.6866687431496443,1442.3888878373784,44512.17733254209,2372.5768953474503,1896.9953119379225,256.86883720332474,109.33234563226702,1.901737780301077e-05,0.0480739590462702,0.0428325493168503,0.108070000804731,0.8490974498784186,1.3572922727387264e-05,0.0285107384204792,0.8798424995889019,0.0468971439090499,0.0374966401776906,0.0050773548573693,0.0021610995020161,3.7590381384454987e-10,9.502458614057044e-07,330.904935278725,329.0398888023338,0.4984546660344388,-0.4984546660344388,2.7651838483209507e-05,73.28335269903894,6357.826020613849,8115.503580367121,1757.677559753272,103.01861561729508,2559.716860987547,9.7034959365366,4487416.258827234,88.24182009576232,41,0.05,diffusivity_110,0.0034192352753756,3.124378696007728e-09,1.5538991710805955e-09,3.8139744434372487e-10,3.228235905290546e-05,375.2200822580686,0.0386890160597741,0.0576246966587898,227.80093414841485,101.41929813187603,0.002848654119813288,1.0698224231591721e-06
0.06,3.8269138905436137,9.729875260332737,76.61881748740917,90.17560663828552,0.0011840659086285,2.5067019192788216,76.01385406228783,4.002323280442488,3.220850060611425,0.428369903424542,0.1765098606020219,3.29800207136346e-08,8.362818249763703e-05,1.543273432874715,3.0539121172968304,15.30085529628352,1.6855287352087107,21.58356958166377,1830.1781033960372,4653.202334716302,36642.0792534829,0.6926452134740986,1466.3500345228117,44465.96409058307,2341.2464143868974,1884.1065869248391,250.58433068732276,103.25329796765612,1.929238340628645e-05,0.0489201318072035,0.0424384601691033,0.107899193840319,0.8496623459905774,1.3712421514890632e-05,0.0290295946187219,0.8803006659322948,0.0463500751608095,0.0372999960099506,0.0049608629361297,0.0020441240580204,3.8193477432263236e-10,9.684806230592229e-07,331.7913731053899,330.20733460592646,0.4830138915962579,-0.4830138915962579,2.782390705867392e-05,73.32495332088139,6116.50852828375,7914.141097522999,1797.6325692392495,104.50096502238983,2595.3150823390074,11.393357602646681,4487416.193129062,88.70454776805113,41,0.05,diffusivity_110,0.0033065222804522,3.182797764294171e-09,1.5826589320239472e-09,3.9361756785539324e-10,3.2778760632743494e-05,383.7473995942297,0.0387066982302447,0.0572996765265118,227.93024947267108,101.92902325464664,0.002907625138324709,1.076971574106467e-06
0.07,3.798329078583818,9.729875260332737,76.7776704100427,90.30587474895924,0.0011921611062152,2.5549209447642496,76.19013103089011,3.9652713925276006,3.209682923040883,0.4194048372202823,0.1680491572164341,3.344114822732571e-08,8.535127471529883e-05,1.5146886209149186,3.212765039930345,15.30085529628352,1.6855287352087107,21.71383769233749,1813.839723129309,4646.367885234616,36664.11876324003,0.6950745839640249,1489.6146196052296,44421.70051712673,2311.9017631899887,1871.365380700702,244.5287312457849,97.9789538752388,1.9497442141172168e-05,0.049762990466847,0.0420607085545959,0.1077435469993591,0.850195744446045,1.378081724573966e-05,0.029533674965195,0.8807217969045844,0.0458366575669144,0.0371024130451807,0.004848121100059,0.0019425685939817,3.865638207838475e-10,9.866202750705074e-07,332.5856062635433,331.20675532432887,0.4702768385998842,-0.4702768385998842,2.7979672915090157e-05,73.36296997940362,5897.092820890364,7723.639403606735,1826.5465827163712,106.21955239723904,2627.842572374806,13.034547140005149,4487416.228665527,89.43264141009004,41,0.05,diffusivity_110,0.0032070680217785,3.2358163689204564e-09,1.608758144703189e-09,4.050275730678018e-10,3.323158397652695e-05,391.8191900977969,0.0388504531169331,0.0570048998490823,228.04842406492983,102.38660902339583,0.0029719883332620287,1.087022970814833e-06
0.08,3.770442093948722,9.729875260332737,76.92581505849004,90.4261324127715,0.001195213961117,2.6019591732419274,76.35448729313711,3.9299098739002822,3.198006213190525,0.4106647038381995,0.1605759629588783,3.3801016722182545e-08,8.706475481780389e-05,1.486801636279823,3.360909688377692,15.30085529628352,1.6855287352087107,21.834095356149746,1798.1003607814505,4640.116935900284,36685.44228064711,0.6946857772529993,1512.3183709758282,44378.97989612891,2284.153786768928,1858.754586328472,238.68774818324624,93.33043393500878,1.964592645123142e-05,0.0506040331184045,0.0416963768475427,0.107600258915403,0.8507033642370543,1.3792486930134391e-05,0.0300259945559381,0.8811127566343337,0.0453502321222186,0.0369042366746571,0.0047389737274003,0.0018530087017508,3.9005575280449004e-10,1.0047067152542162e-06,333.3059215255,332.0839148289255,0.4596164400556098,-0.4596164400556098,2.812232873443823e-05,73.39806496662999,5695.629701223617,7542.030686633041,1846.4009854094236,108.137156580219,2657.8937497621723,14.635671103177138,4487416.239708449,90.3756521110832,41,0.05,diffusivity_110,0.003118037027705,3.284456539285664e-09,1.632700578292813e-09,4.157817704842813e-10,3.364920301784907e-05,399.524835554936,0.0390947029305656,0.0567342174286014,228.15751665662563,102.80298697470346,0.003041068665756338,1.0994340875885713e-06
0.09,3.743142385643734,9.729875260332737,77.06505191570666,90.53806956168312,0.0011941633947571,2.6480383588316725,76.5089220350977,3.895929753197314,3.1859071483037478,0.4021482815071104,0.1538927924381154,3.4076761698514417e-08,8.877258698709464e-05,1.4595019279748351,3.50014654559432,15.30085529628352,1.6855287352087107,21.946032505061385,1782.8624121390976,4634.349188259923,36706.16027779893,0.6920269648718571,1534.5588018958972,44337.51472706267,2257.721559960637,1846.2579441672465,233.0480534754496,89.18206883092219,1.974774815106384e-05,0.0514444038447461,0.0413432979493068,0.1074672268520571,0.851189475198636,1.3758257584888738e-05,0.0305087176473701,0.8814785828492698,0.0448859890635144,0.0367056395970114,0.0046332517548154,0.0017730376664676,3.9260696414359574e-10,1.0227713591017631e-06,333.9654893310602,332.8665565877451,0.450588019117792,-0.450588019117792,2.825418692318988e-05,73.43072479615344,5509.14984260764,7367.864151125118,1858.714308517478,110.22782596479853,2685.89867572813,16.203076748738134,4487416.218449907,91.49847718631052,41,0.05,diffusivity_110,0.0030374202700709,3.329461425860045e-09,1.654852473846591e-09,4.259928039526023e-10,3.403769871059907e-05,406.9285894454392,0.0394216162602301,0.0564832309448395,228.25903957282088,103.18575469503858,0.00311439759894626,1.1138257146308027e-06
0.1,3.716345822229559,9.729875260332737,77.19668614112386,90.64290722368617,0.0011896947898309,2.693322410759232,76.65488690937084,3.863105441681722,3.1734474078917816,0.393849849018809,0.1478588705319686,3.428065909191836e-08,9.047798785221834e-05,1.4327053645606591,3.63178077101151,15.30085529628352,1.6855287352087107,22.0508701670644,1768.0532567170544,4628.992689157593,36726.35940475926,0.6874973092330543,1556.409195132511,44297.09950839334,2232.3999559729514,1833.8624095582652,227.59678680341383,85.44424713452388,1.9810005966134693e-05,0.0522851522297264,0.0409998524546268,0.1073429301679568,0.8516572173774164,1.368601827180326e-05,0.0309834589850959,0.8818229615124875,0.0444404162417769,0.0365067238927614,0.0045307723258874,0.0017009397881252,3.943580578075312e-10,1.0408412355218083e-06,334.5736554995817,333.5730207242128,0.4428831537404076,-0.4428831537404076,2.837689608914166e-05,73.46129850880878,5335.454971492468,7200.060886019599,1864.6059145271315,112.47534096307037,2712.1646724802667,17.741594461373854,4487416.2555684885,92.77826393374762,41,0.05,diffusivity_110,0.0029637792591365,3.3713569687915662e-09,1.6754730116118344e-09,4.357399700400549e-10,3.440138808136138e-05,414.07585961963,0.0398193541222121,0.0562487869719113,228.35407780519915,103.54023681399757,0.003191701063099826,1.1299496742627475e-06
0.11,3.689976356882813,9.729875260332737,77.32190324509756,90.7417548623131,0.001182449587072,2.7379586215346663,76.79368842501417,3.8312453334425225,3.160671305355546,0.385763325163629,0.1423592767796486,3.4424397686546616e-08,9.218378844750347e-05,1.406335899213914,3.7569978749852058,15.30085529628352,1.6855287352087107,22.14971780569135,1753.6077558193606,4623.98212602322,36746.11328400537,0.6814663508745178,1577.933377508954,44257.54399455909,2208.013606018565,1821.550080716647,222.32214241913547,82.04413779735376,1.98393816776519e-05,0.0531271274563702,0.0406645910968086,0.1072259983851574,0.852109410518034,1.358310589437684e-05,0.031451642672409,0.8821490685955116,0.0440105114335976,0.0363074531949132,0.0044313636311881,0.0016353180318942,3.9544200804732957e-10,1.058939149640876e-06,335.13884442738595,334.2192378692827,0.4362257608993979,-0.4362257608993979,2.849193860284972e-05,73.49010500969226,5172.521168898527,7037.673033109001,1865.1518642104736,114.86351120106292,2736.968394429081,19.255590449651926,4487416.23418918,94.19351416206683,41,0.05,diffusivity_110,0.0028959214156094,3.410635948544056e-09,1.694804977532233e-09,4.4510024732224226e-10,3.474426172504334e-05,421.0096124605844,0.0402770973191993,0.0560281553462642,228.443622668652,103.87122181844042,0.0032726841088484265,1.1475725839196294e-06
0.12,3.663981036752941,9.729875260332737,77.44152448364035,90.83538078072604,0.0011728751481138,2.7820467988132824,76.92623626502923,3.800214592258946,3.147613869260507,0.3778817192654782,0.137312573092561,3.4515880218271534e-08,9.38920637185164e-05,1.380340579084041,3.8766191135279886,15.30085529628352,1.6855287352087107,22.24334372410426,1739.480437347927,4619.27272641766,36765.47873104513,0.6741918784316904,1599.175632796996,44218.72508050349,2184.438657873185,1809.3108294664253,217.21390085406168,78.92998818709582,1.984041196328713e-05,0.0539710189187768,0.0403364966961242,0.1071154783158819,0.8525480249879939,1.3454635017300887e-05,0.0319142445291631,0.882459172116568,0.0435941544234194,0.0361078464782888,0.0043348694194803,0.0015751809194848,3.959488538780515e-10,1.0770826292852758e-06,335.66673257410145,334.8145472602877,0.4304323840639853,-0.4304323840639853,2.860032130479076e-05,73.51736103086553,5018.923402748718,6880.0283800013785,1861.10497725266,117.3833091721139,2760.4974737784955,20.748104987702277,4487416.245757571,95.73134500417616,41,0.05,diffusivity_110,0.0028330030227577,3.4476238227137883e-09,1.7130087197680527e-09,4.5412310448179607e-10,3.506897722993024e-05,427.7574921197967,0.0407881069527015,0.055819446862897,228.52834787370563,104.18185688897846,0.00335720035814205,1.1665529642614327e-06
0.13,3.638311177546136,9.729875260332737,77.556287423526,90.92447386140488,0.0011613787388678,2.825677947971654,77.05334300932236,3.769896288778672,3.13430102358241,0.3701978554400313,0.1326509197981316,3.4562439176266656e-08,9.560472240644798e-05,1.354670719877237,3.991382053413661,15.30085529628352,1.6855287352087107,22.332436804783125,1725.6302213909585,4614.824290790471,36784.50437743595,0.6659065548261621,1620.175576157357,44180.52824972241,2161.567596940718,1797.132603302663,212.26252063166385,76.05883769097429,1.981726893045533e-05,0.0548174417114377,0.0400146519746924,0.1070105203486123,0.8529748276766952,1.3305239349881864e-05,0.032372145420965,0.8827552435194608,0.0431895046531764,0.0359078601301054,0.0042411410753432,0.001519704278052,3.9596172236135855e-10,1.0952875853719128e-06,336.16242059532027,335.36749614918386,0.4253389161867086,-0.4253389161867086,2.870294626668731e-05,73.54326297121322,4873.3660158226585,6726.531056682096,1853.1650408594376,120.02612240803788,2782.920557589668,22.221933271579918,4487416.249447996,97.37990698158052,41,0.05,diffusivity_110,0.0027743123495972,3.4826216660200593e-09,1.7302325535199607e-09,4.6285566842501186e-10,3.5377969119732153e-05,434.3454783043063,0.0413463062325804,0.0556210116087818,228.60886392530733,104.47498848685728,0.003445103342076745,1.1867608061197539e-06
0.14,3.612928839553593,9.729875260332737,77.66678375476715,91.00958785465347,0.0011482927292567,2.8689220250627057,77.17566014359468,3.7401989421077126,3.1207542931623165,0.3627051470749746,0.1283211065999865,3.457002828557895e-08,9.732324047606822e-05,1.329288381884694,4.1018783846548,15.30085529628352,1.6855287352087107,22.417550798031723,1712.0246696378986,4610.604641813903,36803.229652323455,0.6567994579970401,1640.9634782905728,44142.8657182958,2139.315677429625,1785.006275897632,207.4597687000696,73.39699287219453,1.97733341528748e-05,0.0556668608679345,0.0396983320628108,0.1069104419621347,0.8533912259750545,1.3138690370207807e-05,0.0328260183341628,0.8830388601340214,0.0427951118833077,0.0357074666891738,0.0041500485909923,0.0014682417162659,3.9554800458201364e-10,1.113566157706126e-06,336.62994877695195,335.8842669283997,0.4208150887185811,-0.4208150887185811,2.8800529738748065e-05,73.56796749081724,4734.798602972993,6576.708146661754,1841.9095436887608,122.7853411158839,2804.371290600337,23.67925359978944,4487416.242643768,99.13004636383214,41,0.05,diffusivity_110,0.0027192887494207,3.515868720587614e-09,1.7465943261895943e-09,4.713352134474548e-10,3.567316871124315e-05,440.7937995903704,0.0419469664812209,0.0554315475926438,228.68565780053564,104.75284028130054,0.0035362828682903398,1.2080948555926709e-06
0.15,3.5878042421952347,9.729875260332737,77.77347412590085,91.0911536284288,0.0011338813349127,2.9118326855589607,77.2936965601638,3.7110506963647327,3.106991878409043,0.3553971612138462,0.1242813212401091,3.4543334964143723e-08,9.904880495955454e-05,1.304163784526336,4.208568755788505,15.30085529628352,1.6855287352087107,22.49911657180707,1698.638299754443,4606.58878058572,36821.68617270606,0.6470203823089141,1661.5628456172135,44105.67098917149,2117.616161760291,1772.9254474001157,202.79829999827123,70.91795720300544,1.971127057704327e-05,0.0565196671634962,0.0393869667830785,0.1068147111191719,0.8537983220977495,1.2957979895096398e-05,0.033276382841472,0.8833112735922334,0.0424098349911333,0.0355066593434563,0.004061473743315,0.0014202851853886,3.9476074452656835e-10,1.131928345392457e-06,337.0724498365112,336.3695523894369,0.416760051762245,-0.416760051762245,2.8893628113224968e-05,73.59159647636822,4602.382080049502,6430.184616492223,1827.8025364427208,125.6564912085703,2824.9535662541966,25.12177581658329,4487416.254639724,100.97522410344804,41,0.05,diffusivity_110,0.0026674909664217,3.5475494160394507e-09,1.7621848844406166e-09,4.795900795154449e-10,3.595606703752961e-05,447.11774254012704,0.0425866138735466,0.0552500356800852,228.75910838355685,105.0171311055308,0.003630671926993153,1.2304817838637625e-06
0.16,3.5629103649853544,9.729875260332737,77.87678479539713,91.16957042071522,0.0011183888152863,2.954458493461487,77.40792050818634,3.682388261033128,3.093028505838121,0.3482679334478865,0.120495536886941,3.4486800122596265e-08,0.0001007824600382,1.279269907316455,4.311879425284778,15.30085529628352,1.6855287352087107,22.577533364093465,1685.447945858111,4602.753533220271,36839.90151797597,0.6367067446401554,1681.994333128787,44068.882308618646,2096.409951652762,1760.8832314074054,198.27142326291568,68.5989702206617,1.9633581755278163e-05,0.0573761746994549,0.03908003897072,0.1067228376247997,0.8541971234044803,1.2765862063188965e-05,0.033723700633834,0.8835736036512118,0.0420326633822938,0.0353054096422896,0.0039753083531053,0.0013753976989967,3.9364997874473165e-10,1.1503825553797674e-06,337.4928188167717,336.82759369543425,0.413079600515718,-0.413079600515718,2.8982754133391888e-05,73.61426334820396,4475.344488200072,6286.624405615999,1811.2799174159272,128.63486941034483,2844.7632016833745,26.55105129611435,4487416.247232094,102.9089691268112,41,0.05,diffusivity_110,0.0026185344880659,3.5778386194508263e-09,1.7770903549774572e-09,4.876478069988166e-10,3.622806471326005e-05,453.3318890073142,0.0432619065240156,0.055075562009896,228.82956824092187,105.26944740906828,0.003728192793100997,1.2538492001273266e-06
0.17,3.538228451476434,9.729875260332737,77.97703204670326,91.24513575851242,0.0011020049938766,2.996832038664793,77.51868159379639,3.654164669069381,3.07887855259856,0.3413121618237062,0.1169357320723661,3.4403809521651524e-08,0.0001025249061922,1.2545879938075353,4.412126676590905,15.30085529628352,1.6855287352087107,22.653098701890663,1672.4368086638535,4599.081645589622,36857.896660360966,0.6259650941604524,1702.272003928696,44032.45819454557,2075.652600361814,1748.8763787776857,193.8734404120081,66.4222820623552,1.9542183553034805e-05,0.0582365895935088,0.038777173402872,0.1066344543130894,0.8545883722840386,1.2564473900580946e-05,0.0341682824882394,0.8838267132224107,0.0416628389781013,0.0351037331338195,0.0038914594516481,0.0013332389252611,3.922539092084421e-10,1.1689343652426211e-06,337.8932029955669,337.261364513711,0.4097028658177392,-0.4097028658177392,2.906828893623577e-05,73.63605217735972,4353.0920020535295,6145.775378502797,1792.6833764492676,131.7174645866738,2863.8711537959216,27.968156934933962,4487416.251287006,104.92688520545808,41,0.05,diffusivity_110,0.0025721214161359,3.606863566797582e-09,1.791373406444795e-09,4.955276282738333e-10,3.649018372228084e-05,459.44619041077806,0.0439704783822392,0.0549074363650189,228.89729870702192,105.51095386110536,0.0038288013185538367,1.278146570279438e-06
0.18,3.5137415224490143,9.729875260332737,78.07450471545853,91.31812149824027,0.0010849023205097,3.0389825611623773,77.62629806860629,3.626338415121032,3.0645542840493256,0.3345247835720546,0.113577552518949,3.4297514401176024e-08,0.0001042767592674,1.2301010647801152,4.509599345346178,15.30085529628352,1.6855287352087107,22.72608444161852,1659.5896816433471,4595.557323314578,36875.68980170196,0.6148915355871751,1722.4082005629043,43996.360519280985,2055.3046615153035,1736.9015200593333,189.59905788194192,64.37250096745429,1.94388479942164e-05,0.0591010779679316,0.0384780311377378,0.1065492270394571,0.854972741822805,1.2355749405941362e-05,0.0346104034113451,0.8840713750118275,0.0412996892635643,0.0349016349756032,0.0038098401282346,0.0012935134809232,3.9060797011519825e-10,1.1875884879362398e-06,338.27557001608847,337.6736233173114,0.4065641163695214,-0.4065641163695214,2.915058063240753e-05,73.65704036882217,4235.083660019354,6007.411588381722,1772.3279283623683,134.90124393806911,2882.34237387888,29.374067590507423,4487416.252422016,107.02473363713854,41,0.05,diffusivity_110,0.0025279904961639,3.6347431260026115e-09,1.805092581661393e-09,5.032478442432404e-10,3.674337188412461e-05,465.4699914649088,0.0447100933916875,0.0547450400971565,228.9625403948697,105.7427208942824,0.003932449588828761,1.3033251824968576e-06
0.19,3.489437030101412,9.729875260332737,78.16944239003146,91.3887546804656,0.0010672284734491,3.0809310121696103,77.73103422782305,3.5988765364420923,3.050067711721033,0.3279013593568471,0.1104007305616862,3.417062759965166e-08,0.0001060384114674,1.2057965724325137,4.604537019919113,15.30085529628352,1.6855287352087107,22.79671762384385,1646.8945785233807,4592.16735471081,36893.29532752655,0.6035679638528535,1742.4115866928166,43960.56067117112,2035.334173794996,1724.9569367533124,185.4436615357236,62.4368125576984,1.932509920508427e-05,0.0599697156624253,0.0381823457634583,0.1064668765249352,0.8553507777116064,1.214134016496852e-05,0.0350502562236347,0.8843082352222861,0.0409426709722697,0.0346991394396636,0.0037303745576056,0.0012559755081106,3.88742639143606e-10,1.2063475218367569e-06,338.6415610321058,338.0665648511608,0.4036071309579642,-0.4036071309579642,2.9229919071949037e-05,73.67729249579753,4120.8639461837465,5871.350298043736,1750.486351859989,138.18352513930284,2900.2307224621813,30.76950369160174,4487416.249847181,109.19887188985938,41,0.05,diffusivity_110,0.0024859240060361,3.6615763608371763e-09,1.818296668529572e-09,5.108233841591119e-10,3.698841560352733e-05,471.41064899073,0.045478830033918,0.054587861032506,229.0254940299528,105.96563408198152,0.004039093256898456,1.3293425213783483e-06
0.2,3.4653060884655784,9.729875260332737,78.26203761881655,91.45721896761486,0.0010491072025837,3.122691359189988,77.83310349854763,3.5717531961021,3.035430705040647,0.3214378374437651,0.107388438781035,3.4025427765689424e-08,0.0001078100810447,1.1816656307966795,4.6971322487042055,15.30085529628352,1.6855287352087107,22.865181910993112,1634.3422892114086,4588.901009248208,36910.72432130307,0.5920626570520716,1762.28791368717,43925.03830920802,2015.7155364201624,1713.0424460890822,181.40313939826163,60.60456380890717,1.9202217962733383e-05,0.0608425172214494,0.037889913202944,0.1063871761044702,0.8557229106925857,1.1922626297609655e-05,0.0354879673180239,0.884537828270456,0.0405913508929676,0.0344962896635904,0.0036529948553543,0.0012204207740798,3.8668351419904246e-10,1.2252125466737932e-06,338.99251282100875,338.4419772738248,0.4007849213559243,-0.4007849213559243,2.9306539673033303e-05,73.69686103565498,4010.055420674341,5737.445492612227,1727.390071937886,141.56213327092806,2917.5798395033094,32.154975423759346,4487416.254446996,111.44635721189026,41,0.05,diffusivity_110,0.0024457413923198,3.687443225702934e-09,1.8310250441657726e-09,5.182658519515433e-10,3.722594778953488e-05,477.2736592117376,0.0462751106456657,0.0544354807325364,229.08632273790988,106.18041275771932,0.004148696274903681,1.3561633660112076e-06
0.21,3.441341120543975,9.729875260332737,78.35247003155594,91.52368641243264,0.0010306527422362,3.164275213561278,77.93270424028613,3.5449457445440906,3.020654302227367,0.3151304468707275,0.1045257187063292,3.386408390616218e-08,0.0001095918974219,1.157700662875076,4.787564661443591,15.30085529628352,1.6855287352087107,22.93164935581089,1621.9245843058698,4585.748210996475,36927.98619312159,0.5804381819061711,1782.0416875087549,43889.77519442011,1996.4259333891828,1701.1579356473044,177.473688420062,58.866304470986,1.9071416092836216e-05,0.0617194512607821,0.0376005518946896,0.1063099143153724,0.8560895337899378,1.1700876938269764e-05,0.0359236368908915,0.8847606418856344,0.0402453437612299,0.0342931259142904,0.0035776381580625,0.0011866679448339,3.8445488201340804e-10,1.2441836640179718e-06,339.3296794024478,338.8015132834,0.3980525602905869,-0.3980525602905869,2.938066237577485e-05,73.71579541069879,3902.311127693985,5605.56662558553,1703.2554978915452,145.03461898245115,2934.430488873111,33.53091781832137,4487416.25139854,113.76411034720576,41,0.05,diffusivity_110,0.002407280840869,3.712420172117767e-09,1.8433153579378586e-09,5.255865014640738e-10,3.745656833352283e-05,483.0642333230938,0.0470973412273693,0.0542875174161627,229.14518014772588,106.38773055913992,0.004261213173122544,1.3837510813979989e-06
0.22,3.417538632762337,9.729875260332737,78.4408761789767,91.58829007207176,0.0010119597332361,3.205686518763624,78.02998852145109,3.518438308883329,3.005750432685781,0.3089759545894535,0.1018002857648681,3.368838997296198e-08,0.0001113837667486,1.1338981750934385,4.87597080886433,15.30085529628352,1.6855287352087107,22.99625301545,1609.636058028901,4582.701102195279,36945.087177846,0.5687461181277648,1801.6742204264845,43854.761816665065,1977.4483749961053,1689.305250500395,173.6520426614209,57.21425018356148,1.893369903348156e-05,0.0626004008658805,0.0373141438722465,0.1062349264592252,0.8564509296685281,1.147714068792149e-05,0.0363572916676872,0.8849770665020759,0.0399043659016828,0.0340897166712301,0.0035042505976671,0.0011545678779703,3.8207685401945016e-10,1.2632589216135866e-06,339.6540422656874,339.1464329672936,0.3953732746972638,-0.3953732746972638,2.945245831088995e-05,73.73413398439867,3797.354073396151,5475.618137681832,1678.2640642856811,148.59887775603735,2950.814099286162,34.89753145794471,4487416.253094662,116.1496023851404,41,0.05,diffusivity_110,0.0023704103680082,3.736565741092815e-09,1.8551964400142594e-09,5.327932309944264e-10,3.768073383189336e-05,488.785667357096,0.0479442006782351,0.0541436710905596,229.20218551205383,106.58810938065058,0.004376602252154722,1.412074571724661e-06
0.23,3.3938960913791725,9.729875260332737,78.52738120404085,91.65115255575276,0.0009931142493546,3.2469274227584144,78.12509554131164,3.492217304419004,2.990730533155318,0.3029712687323771,0.0992011752529488,3.3500030606276404e-08,0.0001131855254413,1.1102556337102731,4.962475833928506,15.30085529628352,1.6855287352087107,23.059115499131007,1597.4720526188466,4579.752410019365,36962.032266528455,0.5570330061382281,1821.185975518024,43819.9903510528,1958.7678904341367,1677.4863723035746,169.9351275094274,55.641462097139794,1.879000605062633e-05,0.0634852168608826,0.0370305882330788,0.1061620611308069,0.8568073506361142,1.1252367388804502e-05,0.0367889397110193,0.885187457422508,0.0395681686537063,0.0338861301626149,0.0034327813000813,0.0011239875674654,3.795682643391511e-10,1.2824356474476275e-06,339.9665121582262,339.477918152489,0.3927123563028065,-0.3927123563028065,2.952208542527079e-05,73.75191245159166,3694.932766267493,5347.515839482958,1652.5830732154648,152.25262810064575,2966.759698267099,36.25496181673766,4487416.253515501,118.60023975691756,41,0.05,diffusivity_110,0.0023350114654162,3.759935000958629e-09,1.8666954091255954e-09,5.39893481670038e-10,3.789887020651727e-05,494.44097552218034,0.0488143720412775,0.0540036695828209,229.2574497881156,106.7820337374746,0.004494815093009248,1.4411020613835444e-06
0.24,3.3704133402593106,9.729875260332737,78.612089400443,91.71237800103503,0.0009741920722459,3.287995672917842,78.2181417727079,3.466273037080033,2.9756065503348585,0.2971136725311745,0.0967189253316893,3.3300518497112453e-08,0.000114996851139,1.0867728825904115,5.047184030330638,15.30085529628352,1.6855287352087107,23.12034094441328,1585.429472376691,4576.895900576249,36978.82450553811,0.5453395419171707,1840.5754934556248,43785.45752851456,1940.372749947632,1665.7042890363991,166.3202141462015,54.141945862384354,1.8641179722344005e-05,0.0643736814420238,0.0367498195305902,0.1060911893509393,0.8571589911184705,1.102739035958014e-05,0.0372185453144617,0.8853921183530892,0.0392365601832966,0.0336824492026678,0.0033631852911881,0.0010948121783959,3.769460120913059e-10,1.3017095948129065e-06,340.26787170434886,339.796953514579,0.3900388648750792,-0.3900388648750792,2.9589678347777724e-05,73.76916133440325,3594.8335366699275,5221.195190858191,1626.3616541882636,155.99347416494604,2982.29181854428,37.603217859160274,4487416.252389556,121.11348040420998,41,0.05,diffusivity_110,0.0023009820431705,3.782575031922714e-09,1.877835450013697e-09,5.468932022787518e-10,3.81113374786039e-05,500.032274340142,0.0497065944027923,0.0538672831603021,229.31106785378503,106.969915946952,0.004615796724893127,1.4708021401420727e-06
0.25,3.347092284807597,9.729875260332737,78.6950843141754,91.77205185931574,0.000955258660909,3.328885128870112,78.30922136087923,3.4405992082940138,2.960390923168609,0.291400705028674,0.0943453979516717,3.3091186721250376e-08,0.0001168172845732,1.0634518271386977,5.1301789440630525,15.30085529628352,1.6855287352087107,23.18001480269398,1573.5066209237743,4574.1263879660455,36995.46521754411,0.5337006014333967,1859.83971471145,43751.16421170332,1922.254088762117,1653.962932583698,162.8048379942734,52.710535575113845,1.848796245246316e-05,0.0652655218799427,0.0364718039642243,0.1060222046168085,0.8575059914189671,1.0802926525675565e-05,0.0376460354993033,0.8855913055417092,0.0389093990690735,0.0334787706607491,0.0032954219990627,0.001066942854135,3.742249857822817e-10,1.3210752163952366e-06,340.5587774568224,340.10437084166693,0.387325847608489,-0.387325847608489,2.9655348771491688e-05,73.78590604265935,3496.878426245868,5096.608963502255,1599.7305372563874,159.81900373080717,2997.4306436228107,38.94219018688945,4487416.254443806,123.68691346958408,41,0.05,diffusivity_110,0.0022682346824144,3.804524778485828e-09,1.888635741379777e-09,5.537967961183051e-10,3.83184296786168e-05,505.5608018463787,0.0506196916879114,0.053734321218403,229.36311869537863,107.1520994043394,0.004739488295949419,1.5011446117103913e-06
0.26,3.3239355823894097,9.729875260332737,78.77644362209358,91.83025446481572,0.0009363741582965,3.369588253008201,78.39842171296701,3.415191029121317,2.945095978203217,0.2858300225594092,0.0920732074710096,3.287331047885932e-08,0.0001186462899802,1.0402951247205106,5.211538251981215,15.30085529628352,1.6855287352087107,23.238217408193957,1561.702307815776,4571.438968109669,37011.95488202157,0.522147939179458,1878.974923221174,43717.112406025735,1904.404283223636,1642.2663761909516,159.38666815252736,51.34254839122222,1.833106047241736e-05,0.0661604287725798,0.03619651934715,0.1059550070620863,0.8578484735907637,1.057963164241467e-05,0.0380713224383371,0.8857852555209025,0.0385865658043287,0.0332751927473412,0.0032294530175019,0.0010402899423783,3.7141938684612774e-10,1.340526148236964e-06,340.83985108172163,340.4009486590862,0.3845475672942435,-0.3845475672942435,2.971920173703042e-05,73.80217071273324,3400.905789690465,4973.717266432627,1572.8114767421623,163.72649581503774,3012.195124649529,40.27172622798374,4487416.253018776,126.31793651421204,41,0.05,diffusivity_110,0.0022366896265963,3.82582167233072e-09,1.899114716001802e-09,5.606084643511323e-10,3.852042626010376e-05,511.0276545627865,0.0515524359165665,0.0536046088125493,229.4136773406915,107.32890815612583,0.0048658207588241735,1.5320972430397724e-06
0.27,3.300948267083004,9.729875260332737,78.85622495381683,91.88704848123255,0.0009175901385086,3.410093059903733,78.48580877129103,3.3900471902030205,2.929735010225983,0.2803996039713219,0.0898960627471928,3.264800717820556e-08,0.0001204831593373,1.0173078094141057,5.291319583704486,15.30085529628352,1.6855287352087107,23.29501142461082,1550.0168445470524,4568.829720613778,37028.29220156761,0.5107085458762993,1897.9755719224152,43683.3086879716,1886.818524199217,1630.6198640138457,156.0636584883441,50.0339809233808,1.8171093576528697e-05,0.0670580213598896,0.0359239775533458,0.1058895178499504,0.8581865045967038,1.0358065563690514e-05,0.0384942753963963,0.8859741609621252,0.0382679908888288,0.0330718324517767,0.0031652448735863,0.0010147769388263,3.685416665716588e-10,1.3600543547304098e-06,341.11159568886467,340.6873072580237,0.3816821726199861,-0.3816821726199861,2.978132064557455e-05,73.8179745794153,3306.787247971589,4852.497744863906,1545.7104968923168,167.71311766633082,3026.600023385372,41.59153695215058,4487416.253833161,129.00400892163933,41,0.05,diffusivity_110,0.0022062796420883,3.8464951758728364e-09,1.9092868829228653e-09,5.673307747469764e-10,3.871754200075988e-05,516.4329800397152,0.0525036557972248,0.053478007260122,229.46280358097303,107.50060004820791,0.004994718133689973,1.563628208362031e-06
0.28,3.2781359495575746,9.729875260332737,78.93448046179753,91.94249167168785,0.0008989532669809,3.4503864447328096,78.57144239061932,3.365167530954997,2.9143212846449287,0.2751074716812178,0.087808239964449,3.2416334433648296e-08,0.0001223271162863,0.9944954918886754,5.369575091685176,15.30085529628352,1.6855287352087107,23.35045461506608,1538.450944000321,4566.294994960325,37044.47522898393,0.4994065741031608,1916.8356542970555,43649.76056922488,1869.4929421208176,1619.0287772002844,152.8338401882725,48.78119242610271,1.8008645297946077e-05,0.0679578887005287,0.0356541995975406,0.1058256643193507,0.8585201360831086,1.0138732136642e-05,0.03891475254162,0.8861581989277383,0.0379536216669635,0.0328688085915303,0.0031027652566767,0.0009903342666291,3.6560357890274144e-10,1.3796511015973637e-06,341.37448223296707,340.96403291826635,0.37870926277479,-0.37870926277479,2.9841782823192816e-05,73.83333569495335,3214.408538774691,4732.933635222674,1518.525096447983,171.77577578965105,3040.6590044894087,42.901300224278884,4487416.254013235,131.7424416731696,41,0.05,diffusivity_110,0.0021769433685227,3.866573133439911e-09,1.9191659538903293e-09,5.739660307099913e-10,3.890997715160914e-05,521.7767824489536,0.0534721441954781,0.0533543905044538,229.510553531545,107.66741579979508,0.005126095395400229,1.5957041141719078e-06
0.29,3.255505634037599,9.729875260332737,79.01125222017951,91.99663311454984,0.0008805049940805,3.490452690999576,78.6553715088195,3.340553942212537,2.8988686271206223,0.2699518338325587,0.0858046680903396,3.2179269134929215e-08,0.0001241772579466,0.9718651763686996,5.446346850067156,15.30085529628352,1.6855287352087107,23.404596057928085,1527.0061691197452,4563.831618643753,37060.50092761008,0.4882632423032196,1935.548076922763,43616.47801619196,1852.425267180628,1607.4991106291811,149.6954117681367,47.58095153144509,1.784425345500259e-05,0.0688595646736311,0.0353872258562332,0.1057633842775262,0.8588493898662405,9.922076523491924e-06,0.0393325863391511,0.886337522604466,0.0376434342432067,0.032666250098759,0.0030419847371117,0.0009669002317859,3.626159680788925e-10,1.3993063799830593e-06,341.6289237430335,341.23162728276264,0.3756106939532899,-0.3756106939532899,2.990065485660063e-05,73.8482697667877,3123.6749800564767,4615.01824318708,1491.343263130603,175.91109660660882,3054.3836478365374,44.20061389864352,4487416.253464293,134.53041824142284,41,0.05,diffusivity_110,0.0021486267059284,3.886079719553857e-09,1.928763833483342e-09,5.805157666537275e-10,3.909790108316778e-05,527.0586101680365,0.0544566705280428,0.0532336521127222,229.55697601890685,107.8295633271348,0.0052598569850803405,1.6282901100986233e-06
0.3,3.2330655303528397,9.729875260332737,79.0865721017882,92.0495128924738,0.0008622814342972,3.530273780887691,78.73763415277216,3.3162101152705548,2.883391364174489,0.2649310190407416,0.0838808657121645,3.193770046014106e-08,0.0001260325686959,0.94942507268394,5.521666731675853,15.30085529628352,1.6855287352087107,23.457475835852023,1515.6848434472934,4561.436915604262,37076.36530392254,0.4772967869460743,1954.1048498057576,43583.4732119487,1835.6146495798528,1596.0374175865252,146.64669691462788,46.43039511027116,1.7678406614999777e-05,0.0697625365646111,0.0351231139498749,0.1057026262778656,0.8591742597722594,9.708484052887865e-06,0.0397475874358933,0.886512262852243,0.0373374303789453,0.0324642952566151,0.0029828759743257,0.0009444202492573,3.59588694908989e-10,1.4190090783138977e-06,341.8752743557692,341.49052389312527,0.3723708098955595,-0.3723708098955595,2.9957992466133112e-05,73.86279012120521,3034.510557138102,4498.753749019768,1464.2431918816667,180.1154928123273,3067.783467076008,45.48900661000592,4487416.254500509,137.36505108991173,41,0.05,diffusivity_110,0.002121282200317,3.905035247422758e-09,1.93809052505355e-09,5.869807072558225e-10,3.928145138732333e-05,532.2775625654052,0.0554560024916907,0.053115704110457,229.6021124677544,107.98721818968345,0.005395898576705554,1.661350504847929e-06
0.31,3.2108242787459,9.729875260332737,79.16046909272407,92.10116863180272,0.0008443153380964,3.5698308543180004,78.81826508844279,3.292140523476249,2.8679038825384846,0.2600433810884622,0.082032699789938,3.1692481044130815e-08,0.0001278919619067,0.9271838210770004,5.595563722611723,15.30085529628352,1.6855287352087107,23.50913157518095,1504.489560715569,4559.1083427190415,37092.063916331164,0.4665235109022398,1972.497653824747,43550.75893230016,1819.0608249025493,1584.6503407464031,143.68606805815736,45.326883674850045,1.751157045096922e-05,0.0706662598590331,0.0348619276654563,0.1056433420430345,0.8594947302915091,9.49830180856043e-06,0.0401595580820165,0.8866825415311773,0.037035622684135,0.0322630839511998,0.002925412349449,0.0009228439963349,3.5653118738538536e-10,1.4387473474277012e-06,342.1138719624506,341.7411320554167,0.3689752224788301,-0.3689752224788301,3.0013848234172035e-05,73.87690953869256,2946.848894657419,4384.145974809479,1437.2970801520594,184.3850473952316,3080.86740874512,46.76598228108627,4487416.25374994,140.24324441954514,41,0.05,diffusivity_110,0.0020948659644107,3.923459343161261e-09,1.9471556931610543e-09,5.933614507539625e-10,3.946075871302241e-05,537.4326768532806,0.0564688488476573,0.0530004659359375,229.6460026061663,108.14054690233472,0.005534104829171098,1.6948474592719867e-06
0.32,3.18879182611516,9.729875260332737,79.23296228866377,92.15162937511168,0.0008266349109125,3.60910256981671,78.89728854986389,3.2683514524439983,2.852421238072026,0.2552874146714693,0.0802565384607535,3.1444384207764665e-08,0.0001297542233797,0.905151368446261,5.668056918551419,15.30085529628352,1.6855287352087107,23.55959231848991,1493.4237044513952,4556.8438291058665,37107.59137260803,0.4559572108924501,1990.717207602304,43518.35031315132,1802.7649120547655,1573.345154955967,140.8120272116867,44.26808854715707,1.7344166732294965e-05,0.0715701369646346,0.0346037487100189,0.1055854934558604,0.8598107578341205,9.291826258456582e-06,0.0405682769805422,0.8868484596898547,0.0367380489824204,0.0320627670211002,0.0028695694698875,0.0009021271684004,3.53451990722439e-10,1.4585080838346217e-06,342.34499811329937,341.98378823410127,0.3654121427766945,-0.3654121427766945,3.006826436394973e-05,73.89063849229397,2860.6410029893004,4271.209567542502,1410.568564553201,188.71559187656663,3093.6424095416305,48.03096981330347,4487416.254195274,143.16180832742478,41,0.05,diffusivity_110,0.0020693399193964,3.941367805605158e-09,1.9559671179961184e-09,5.996577441963441e-10,3.963592226472906e-05,542.5225142158635,0.0574939088895936,0.0528878743488649,229.688678989548,108.28968443479364,0.00567435030614385,1.7287420518091401e-06
0.33,3.16697842133548,9.729875260332737,79.30406807009348,92.2009217517617,0.0008092652426076,3.648066965609062,78.97472579210672,3.244849767348488,2.836958527375183,0.2506616043429492,0.0785490243747383,3.119414488131131e-08,0.0001316180750241,0.8833379636665808,5.739162699981124,15.30085529628352,1.6855287352087107,23.60888469513993,1482.4908602787896,4554.641436114794,37122.94195148436,0.4456099182769668,2008.7540361623333,43486.26291272646,1786.7284587560896,1562.1291895168415,138.02309940622496,43.25185673312497,1.7176593803152702e-05,0.0724735433666839,0.034348663344843,0.1055290454311193,0.8601222912240376,9.0893187099954e-06,0.0409735171857659,0.8870101111051825,0.0364447552528644,0.0318634964962342,0.0028153231972381,0.0008822288161056,3.5035920213057057e-10,1.478277539803388e-06,342.5689187012698,342.2188127204834,0.3616712714352769,-0.3616712714352769,3.0121280095707748e-05,73.90398692725903,2775.8462379355024,4159.961839902267,1384.115601966764,193.10266569660624,3106.1148892706497,49.28338077017552,4487416.254276762,146.11737866231178,41,0.05,diffusivity_110,0.0020446688306517,3.958775662290936e-09,1.964532199674641e-09,6.058691810819006e-10,3.980703413874991e-05,547.5455795581382,0.0585298369929783,0.0527778722077173,229.730172532658,108.4347574347586,0.005816499480675293,1.7629936140216163e-06
0.34,3.1453949893899105,9.729875260332737,79.37379801827097,92.24906826799362,0.0007922282727873,3.686700775807856,79.0505929065591,3.221643322030342,2.821531162494536,0.2461644889138503,0.0769071097087406,3.094245096053831e-08,0.0001334821469262,0.8617545317210111,5.808892648158612,15.30085529628352,1.6855287352087107,23.65703121137185,1471.695019908624,4552.49945182282,37138.109410347846,0.435491915185949,2026.59818731956,43454.51340727921,1770.953737135388,1551.0100458652182,135.3178729038398,42.27622977988148,1.7009222836673077e-05,0.0733758157904696,0.0340967670291497,0.1054739678461183,0.8604292651247318,8.891005274322412e-06,0.0413750394532509,0.8871675786042217,0.0361558009882424,0.0316654294085495,0.0027626504183996,0.0008631117337526,3.4726038458925877e-10,1.4980410484135307e-06,342.7858721674796,342.44648585490023,0.3577442211693506,-0.3577442211693506,3.0172929594619548e-05,73.91696372900914,2692.4345535499224,4050.424767831117,1357.9902142811948,197.5415087039061,3118.290298687524,50.52258789664458,4487416.253969999,149.10642975221282,41,0.05,diffusivity_110,0.0020208209006361,3.975696218019118e-09,1.972857489915384e-09,6.11994962930935e-10,3.997417176471176e-05,552.500175291042,0.0595752499458988,0.0526704115999172,229.77051085578404,108.5758770495355,0.005960406034137883,1.7975598221994666e-06
0.35,3.1240529785866995,9.729875260332737,79.44215884979033,92.29608708870975,0.000775542696815,3.724979697671451,79.12490082076077,3.1987407803937464,2.806154782267538,0.2417946234389101,0.0753280301933584,3.0689937795208674e-08,0.0001353449905203,0.8404125209178002,5.877253479677978,15.30085529628352,1.6855287352087107,23.70405003208801,1461.040511403945,4550.416405769225,37153.087091832735,0.4256116945335179,2044.2393793917229,43423.11939293963,1755.443626131639,1539.99553720136,132.69497583248565,41.33942684024099,1.6842394988425382e-05,0.0742762597063475,0.0338481627675508,0.105420235756917,0.860731601475532,8.697075934155248e-06,0.0417725953927238,0.8873209348070302,0.0358712570887625,0.0314687267697849,0.0027115285968843,0.0008447421415384,3.441625077711198e-10,1.5177831790528186e-06,342.996068254469,342.6670554898103,0.3536246756083772,-0.3536246756083772,3.022324178901664e-05,73.9295766794754,2610.385880898075,3942.624165597941,1332.2382846998664,202.0271217394885,3130.1731174469637,51.747933891072826,4487416.254572708,152.12532387815872,41,0.05,diffusivity_110,0.0019977675129059,3.992140907727028e-09,1.980948619703254e-09,6.180338794176756e-10,4.013739719734009e-05,557.3844109520334,0.0606287459449954,0.0525654532787936,229.80971814901997,108.7131388051262,0.006105914548271661,1.832397248060458e-06
0.36,3.1029639999156435,9.729875260332737,79.50915602611805,92.34199528636644,0.000759224981381,3.7628790855889367,79.19765904120158,3.176151149473432,2.7908450252703654,0.2375505498055496,0.0738091998685184,3.0437214151755685e-08,0.0001372050976936,0.8193235422467443,5.944250656005694,15.30085529628352,1.6855287352087107,23.749958229744667,1450.5317699118125,4548.390887801239,37167.86814732456,0.4159765030019364,2061.667254935516,43392.09860293394,1740.2012322621067,1529.0934604397626,130.1530500413032,40.43978215103844,1.6676434804525007e-05,0.0751741553983333,0.033602955949705,0.1053678256589423,0.8610292183913526,8.507695693002945e-06,0.0421659336492341,0.8874702482722243,0.0355911990745444,0.0312735497166333,0.0026619353143185,0.0008270884483847,3.4107222772734675e-10,1.5374878953308504e-06,343.1997091968853,342.88075785352004,0.3493077789718253,-0.3493077789718253,3.02722441877394e-05,73.94183335857534,2529.6858355521736,3836.5873307066418,1306.901495154468,206.55419734349468,3141.7675895707607,52.958752111503735,4487416.254102779,155.17023227494403,41,0.05,diffusivity_110,0.0019754818492582,4.008120904905477e-09,1.9888110910009117e-09,6.239846623639922e-10,4.02967696078809e-05,562.1963990826112,0.0616888729604004,0.0524629614596433,229.84781797450128,108.84663413279452,0.006252859099984784,1.8674606259236751e-06
0.37,3.082140041529569,9.729875260332737,79.57479077561926,92.38680607748157,0.0007432886610222,3.800373532049057,79.26887260716363,3.153884052793204,2.775617675490473,0.2334308081614074,0.0723482692166687,3.01848374038265e-08,0.000139060892823,0.7984995838606698,6.009885405506904,15.30085529628352,1.6855287352087107,23.794769020859803,1440.1734878717057,4546.421707456209,37182.44545472104,0.4065919891249969,2078.87125802329,43361.46947905199,1725.2301262488545,1518.31175545722,127.69076348193929,39.57577753183932,1.6511637705541004e-05,0.0760687576542192,0.0333612576556081,0.1053167186250884,0.8613220237193034,8.322997079835527e-06,0.0425547966331491,0.8876155790186456,0.0353157112950376,0.0310800621875151,0.0026138484771165,0.0008101219149412,3.37995622349243e-10,1.5571385190969564e-06,343.3969704902603,343.0877944167252,0.34479081975457,-0.34479081975457,3.031995956590385e-05,73.95374033588436,2450.328591545527,3732.344474514646,1282.0158829691193,211.11722886303696,3153.077082822196,54.154354261263585,4487416.254390225,158.23724455253634,41,0.05,diffusivity_110,0.001953939772063,4.023645596014831e-09,1.996449525817377e-09,6.298456553655551e-10,4.045233384146633e-05,566.9340849679959,0.0627541721147734,0.0523629078185324,229.88483075372037,108.97643984611284,0.006401065842792949,1.9027039611117002e-06
0.38,3.0615931397085374,9.729875260332737,79.63906318507074,92.430531585112,0.0007277452467161,3.8374375039801634,79.33854529573046,3.1319493105469296,2.760488445805642,0.229433913388628,0.0709430352675506,2.993333693748792e-08,0.0001409107508945,0.7779526820396387,6.074157814958388,15.30085529628352,1.6855287352087107,23.83849452849025,1429.9704095618663,4544.507737017084,37196.81179149769,0.3974626888369977,2095.840866647047,43331.25043955875,1710.5340088283112,1507.6582981809422,125.3067890684615,38.7459893127901,1.634828209283771e-05,0.0769593016090492,0.0331231800488927,0.105266897133154,0.8616099228179531,8.143090130421772e-06,0.0429389262324628,0.8877569837452375,0.035044880931586,0.0308884273990321,0.0025672459478497,0.0007938156008797,3.349384440312421e-10,1.5767178831565995e-06,343.5880200096428,343.28835895145085,0.3400726613014611,-0.3400726613014611,3.036640932119188e-05,73.96530396636486,2372.313056430102,3629.926637659223,1257.613581229121,215.7104514202717,3164.104748823046,55.33404928046595,4487416.254425604,161.32229865623214,41,0.05,diffusivity_110,0.0019331186288603,4.038724039798874e-09,2.003868384597284e-09,6.356151384370405e-10,4.060413171179418e-05,571.5954272745504,0.0638231496813028,0.0522652668396504,229.9207762410457,109.1026288786952,0.006550351862687047,1.938079887390138e-06
0.39,3.0413353522496807,9.729875260332737,79.70197177385458,92.473182386437,0.0007126040980812,3.874045389425621,79.40667919734017,3.1103569165832954,2.745472954323818,0.2255583487164169,0.0695914451113666,2.968320715398105e-08,0.0001427530035347,0.7576948945807814,6.137066403742223,15.30085529628352,1.6855287352087107,23.881145329815237,1419.9273280193402,4542.647942505332,37210.95989464281,0.3885919686453646,2112.565628729786,43301.459921393645,1696.116708645492,1497.1408992117272,122.99980172457352,37.94908944464014,1.6186625834361663e-05,0.0778450065372629,0.0328888362416275,0.1052183455704214,0.861892818187951,7.96806108383116e-06,0.0433180645292317,0.8878945153588859,0.0347787978915429,0.0306988077432651,0.0025221054795781,0.0007781443960995,3.31906044890544e-10,1.5962084067831549e-06,343.7730135489633,343.48262638537983,0.3351539191306999,-0.3351539191306999,3.041161282637359e-05,73.97653021964675,2295.6430996729537,3529.3656300061766,1233.722530333223,220.32789807059103,3174.853393481064,56.49714487382751,4487416.254212789,164.42122923806642,41,0.05,diffusivity_110,0.0019129973463436,4.053364600560014e-09,2.011071785665361e-09,6.412912590904101e-10,4.07521994697521e-05,576.1783680725607,0.0648942955178389,0.0521700164496267,229.95567299304207,109.22526770357176,0.0067005267309715195,1.973540189928788e-06
0.4,3.021378624359225,9.729875260332737,79.76351343504722,92.51476731973918,0.0006978723606574,3.910171744046506,79.47327469014019,3.0891168941206835,2.730586622165545,0.2218025442517918,0.068291585592229,2.9434902879938454e-08,0.0001445859537917,0.737738166690326,6.198608064934861,15.30085529628352,1.6855287352087107,23.922730263117412,1410.049026115742,4540.841397515838,37224.88255258343,0.3799820003113092,2129.0352858563147,43272.116207038816,1681.9820970092865,1486.767244566459,120.76846596924184,37.18383870844193,1.6026903923736523e-05,0.0787250836054666,0.0326583388997464,0.1051710504411196,0.8621706106591339,7.797971770198127e-06,0.043691956574947,0.8880282232915512,0.0345175531991289,0.0305113636764005,0.0024784044707031,0.000763084894333,3.2890332768021743e-10,1.6155922624202388e-06,343.95209339267814,343.67075658726856,0.3300370251177701,-0.3300370251177701,3.0455587238417025e-05,73.98742462599044,2220.3270616283144,3430.693402223068,1210.366340594754,224.9634680230973,3185.3254617406424,57.64295521044232,4487416.254638311,167.52981988632507,41,0.05,diffusivity_110,0.0018935563312057,4.067574813505053e-09,2.01806343898799e-09,6.46872022025124e-10,4.0896567133440446e-05,580.6808420267196,0.0659661021855654,0.0520771377425297,229.98953820049616,109.34441594466963,0.00685139452583428,2.0090363798908187e-06
0.41,3.0017348151661927,9.729875260332737,79.82368487756173,92.55529495306068,0.000683555773699,3.945791278073665,79.538331881517,3.068239282178402,2.7158447000806683,0.2181649152266049,0.0670416440964211,2.9188858240046244e-08,0.0001464078671447,0.7180943574972937,6.258779507449382,15.30085529628352,1.6855287352087107,23.963257896438904,1400.3402611201311,4539.0871951379495,37238.57256152293,0.3716342024852601,2145.239717404174,43243.23730869158,1668.134046320404,1476.5448819581245,118.61145410527467,36.44906369855703,1.5869338641955982e-05,0.0795987292294544,0.0324318000033225,0.1051249986861068,0.8624432013105705,7.632868588949474e-06,0.0440603495190694,0.8881581553331097,0.0342612382799217,0.0303262535426062,0.0024361203470385,0.0007486149324815,3.2593495334270846e-10,1.6348512488699015e-06,344.1253989497983,343.8529040996971,0.3247258715927887,-0.3247258715927887,3.049834926426049e-05,73.99799268233686,2146.3761542938146,3333.941926562596,1187.565772268781,229.61083296651483,3195.523351529742,58.77079940150484,4487416.254271263,170.6437180667669,41,0.05,diffusivity_110,0.0018747769565223,4.081362203586315e-09,2.0248470492770723e-09,6.523554482196761e-10,4.103726441269064e-05,585.100844136466,0.067037032886431,0.0519866131098146,230.0223889506213,109.4601318701657,0.007002751378670549,2.044518842610089e-06
0.42,2.9824153084342657,9.729875260332737,79.88248222298914,92.59477279175614,0.000669657895226,3.9808795472284886,79.60185028763615,3.0477337519551626,2.701261961149085,0.2146437760461196,0.0658399133438441,2.894546425997053e-08,0.0001482170177347,0.6987748507653669,6.317576852876801,15.30085529628352,1.6855287352087107,24.0027357351344,1390.8056022429791,4537.384509436572,37252.02304407942,0.363548825473986,2161.1692986307903,43214.8405684905,1654.5762153773285,1466.481049912442,116.52739889003016,35.74365856969763,1.5714127481404203e-05,0.0804651495888385,0.0322093269254157,0.1050801785778451,0.8627104944967391,7.472773954737637e-06,0.0444230004746429,0.8882843580565029,0.0340099408443414,0.0301436303104936,0.0023952296099524,0.0007347136397935,3.230050940512993e-10,1.653967313269636e-06,344.2930583292233,344.02920797213994,0.3192260732965564,-0.3192260732965564,3.0539914061983215e-05,74.00823958188978,2073.804215145682,3239.141525523967,1165.337310378285,234.26365469271636,3205.44925116715,59.88002385118669,4487416.25449533,173.7586063166918,41,0.05,diffusivity_110,0.0018566416459815,4.094733610664435e-09,2.0314259837317233e-09,6.577394959910276e-10,4.117431667886481e-05,589.4364309709773,0.0681055835484486,0.0518984264829865,230.0542413864653,109.57246839434308,0.007154391882161668,2.0799386687108384e-06
0.43,2.963431304790249,9.729875260332737,79.93990144584214,92.63320801096512,0.0006561810585853,4.015412457823298,79.66382920392533,3.0276098803338,2.686852922175637,0.2112374279046478,0.0646847736513838,2.8705090264185725e-08,0.0001500116558381,0.6797908471213499,6.3749960757297925,15.30085529628352,1.6855287352087107,24.04117095434337,1381.4495498337772,4535.732539707661,37265.22720051092,0.355725480569814,2176.8146269333224,43186.9429280567,1641.3122042588643,1456.5828050902182,114.51494152804304,35.06657482965848,1.5561455021333836e-05,0.0813235427415874,0.0319910253398485,0.1050365788819598,0.8629723957781916,7.317697009565615e-06,0.0447796707179159,0.8884068765911699,0.0337637477912169,0.0299636439310439,0.0023557088005841,0.0007213612287645,3.2011767245825876e-10,1.672922177444645e-06,344.4551961452721,344.19980397821456,0.3135446695242572,-0.3135446695242572,3.058029627976965e-05,74.0181704464122,2002.6272301983047,3146.322107407276,1143.694877208971,238.9154361491757,3215.1052979869733,60.969985478415744,4487416.254509135,176.8700800778688,41,0.05,diffusivity_110,0.0018391336680114,4.107695788570672e-09,2.0378035670480613e-09,6.630221413390554e-10,4.1307748716094856e-05,593.6857271173361,0.069170237974535,0.0518125628041956,230.0851114290028,109.681476951041,0.00730610482325218,2.115246371003454e-06
0.44,2.944793450655017,9.729875260332737,79.99593911212746,92.6706078231152,0.0006431260651542,4.049366944672048,79.72426852233855,3.0078767623441003,2.6726315533165863,0.2079440950986625,0.0635746761746162,2.8468074856925744e-08,0.0001517900476937,0.661152992986118,6.4310337420151145,15.30085529628352,1.6855287352087107,24.07857076649346,1372.2763605172029,4534.13050330095,37278.17859569342,0.3481629721659973,2192.166835143802,43159.56044455827,1628.3453124163514,1446.8568380665693,112.572694711962,34.416810965568736,1.5411487873149014e-05,0.0821731181702494,0.0317769950994158,0.1049941884367976,0.8632288164637866,7.167630184941355e-06,0.0451301328232934,0.8885257564486896,0.0335227406296914,0.0297864378894096,0.0023175337675855,0.0007085387961032,3.1727625998600876e-10,1.6916977659158293e-06,344.6119331756256,344.36481998257824,0.3076900841747062,-0.3076900841747062,3.06195103175986e-05,74.02779037815829,1932.8621301016483,3055.511425782041,1122.6492956803925,243.5596615357732,3224.4936579445766,62.040073021708906,4487416.254324675,179.9737488136314,41,0.05,diffusivity_110,0.0018222369025896,4.1202553715932845e-09,2.043983064838725e-09,6.682014264198951e-10,4.1437585306222045e-05,597.8469805853625,0.0702295031531602,0.0517290069404291,230.1150149385652,109.78720761825744,0.0074576775693454295,2.1503929963980125e-06
0.45,2.926511736594262,9.729875260332737,80.05059222573725,92.70697922266424,0.0006304921431611,4.082721164481515,79.78316859061617,2.9885429077959564,2.6586111880552616,0.2047619153068499,0.0625081410889927,2.8234721965340707e-08,0.0001535504905811,0.6428712789253629,6.485686855624897,15.30085529628352,1.6855287352087107,24.11494216604249,1363.2900055011835,4532.577652540568,37290.87122773724,0.340859282663146,2207.2176830965595,43132.708169906495,1615.6784867324511,1437.3094292612925,110.69923761188213,33.79341100964967,1.5264372728018322e-05,0.08301310434994,0.0315673292467587,0.1049529964401434,0.8634796743130978,7.02254881438611e-06,0.0454741728094286,0.8886410434630327,0.0332869944241623,0.0296121483020893,0.0022806795630472,0.0006962282985686,3.144840350715281e-10,1.7102763726323247e-06,344.76338449586194,344.5243778975305,0.3016720999636693,-0.3016720999636693,3.065757004477438e-05,74.03710438225185,1864.5264682830275,2966.7346645036346,1102.2081962206073,248.1898710702112,3233.616487158614,63.08971287533781,4487416.254686267,183.06529109187088,41,0.05,diffusivity_110,0.0018059358376895,4.1324187156568305e-09,2.0499676054869084e-09,6.732754450528577e-10,4.156385031458538e-05,601.9185643709293,0.0712819282679649,0.051647743671448,230.14396747355485,109.88970839746932,0.007608898356738522,2.1853307088017168e-06
0.46,2.9085958617844256,9.729875260332737,80.1038583154919,92.74232943760909,0.0006182777721565,4.115453860002553,79.84053021266922,2.969616599860743,2.644804800469438,0.2016890309636854,0.0614837525791493,2.8005319526795056e-08,0.00015529127464,0.6249554041155264,6.5389529453795525,15.30085529628352,1.6855287352087107,24.150292380987302,1354.49432916034,4531.0732359609465,37303.2992509424,0.3338120280638018,2221.959224926867,43106.400573030005,1603.3145366262083,1427.9466188767533,108.89316662538,33.1954617579596,1.512024680299737e-05,0.0838427284024748,0.0313621178098738,0.1049129919351266,0.8637248902549995,6.882420359242385e-06,0.0458115829310986,0.8887527829308034,0.0330565817929017,0.0294409070238484,0.0022451214574618,0.0006844124915527,3.117439926815005e-10,1.728640229888099e-06,344.9096647859253,344.67859761273417,0.2955016398388007,-0.2955016398388007,3.0694489435013684e-05,74.04611750227558,1797.638583571033,2880.016073195354,1082.3774896243208,252.7995067879527,3242.476000347852,64.11834816361197,4487416.254349814,186.1403321884264,41,0.05,diffusivity_110,0.0017902155307758,4.14419230966088e-09,2.0557603827081794e-09,6.782423776376737e-10,4.1686568939957816e-05,605.898953879721,0.0723260602123775,0.0515687578692863,230.1719847119232,109.9890274731588,0.007759551790279487,2.220011491064985e-06
0.47,2.8910543807305817,9.729875260332737,80.15573661814805,92.77666625921135,0.0006064797340684,4.147545909247127,79.8963560110274,2.951105018652893,2.6312243324327134,0.1987234339041921,0.0605001346596102,2.778011470416386e-08,0.0001570107768826,0.6074139230616825,6.590831248035698,15.30085529628352,1.6855287352087107,24.18462920258961,1345.8926551824786,4529.616508083213,37315.45760749222,0.3270179357624629,2236.384541035426,43080.65043228388,1591.2555971888946,1418.7737881162925,107.15300692246788,32.622077933279414,1.497922396327626e-05,0.0846612627996113,0.0311614385092603,0.1048741634361829,0.8639643980545567,6.74719378727829e-06,0.0461421782449263,0.8888610230839176,0.0328315627529476,0.0292728338169344,0.002210833179256,0.0006730746466438,3.0905866562829927e-10,1.746772528096427e-06,345.05088531842773,344.8275935210519,0.2891906938717771,-0.2891906938717771,3.073028268529246e-05,74.0548348430532,1732.215339398968,2795.375038920417,1063.159699521449,257.3822529804194,3251.074584158894,65.12548773184949,4487416.254549502,189.19469273981304,41,0.05,diffusivity_110,0.0017750612425163,4.155582533661161e-09,2.0613645363728142e-09,6.831005683982364e-10,4.180576779256202e-05,609.7868412647916,0.0733605299788384,0.0514920324379094,230.19908252198903,110.0852126927907,0.007909429392265743,2.2543898241925762e-06
0.48,2.873895492853398,9.729875260332737,80.20622681219466,92.8099975653808,0.0005950942080076,4.178978911955472,79.95064897699979,2.933015049985483,2.6178812983917807,0.1958631287362691,0.0595559715173493,2.755933797996845e-08,0.0001587073820736,0.5902550351844995,6.641321442082296,15.30085529628352,1.6855287352087107,24.217960508759024,1337.4881550478872,4528.206729559164,37327.34143922708,0.3204734554622392,2250.4870559941523,43055.46987239435,1579.5036405052583,1409.7960531231902,105.47730564192584,32.072414298026295,1.4841408559935772e-05,0.085467985498963,0.0309653654589189,0.1048364994674031,0.8641981350736777,6.616811899422365e-06,0.0464657814174337,0.8889658114615614,0.0326119942402143,0.0291080435557738,0.0021777887659489,0.0006621987841841,3.0643039880456806e-10,1.764656553702718e-06,345.1871558593174,344.9714790112738,0.2827522261789251,-0.2827522261789251,3.0764963928907145e-05,74.0632614870751,1668.2739160920469,2712.8297936501986,1044.5558775581517,261.93177330399504,3259.414655892552,66.11066081244724,4487416.254555423,192.22419297336825,41,0.05,diffusivity_110,0.0017604587821367,4.166595797559827e-09,2.0667832209608526e-09,6.87848444349039e-10,4.192147425817797e-05,613.5810199330583,0.0743839831072113,0.0514175503613313,230.22527670264847,110.1783116400748,0.008058321557532092,2.288420557181794e-06
0.49,2.85712643912468,9.729875260332737,80.25533045420417,92.8423321536616,0.0005841163259996,4.209736296653058,80.00341403316423,2.915352655029578,2.6047863086500973,0.1931060341227636,0.0586499800258224,2.734319189537673e-08,0.0001603795482651,0.5734859814557803,6.6904250840918085,15.30085529628352,1.6855287352087107,24.250295097039817,1329.283559550136,4526.8431396394,37338.94652968893,0.3141745101966995,2264.2610387490104,43030.86953599004,1568.060079260823,1401.0179586860097,103.86457454808732,31.545649261085256,1.4706888916762395e-05,0.0862622114448446,0.0307739624032268,0.1047999876201838,0.8644260499765892,6.491206301545628e-06,0.0467822342234886,0.8890671980935921,0.0323979226109951,0.0289466405034177,0.0021459614288625,0.0006517693530952,3.0386122016343805e-10,1.7822763857114434e-06,345.3185864076037,345.11036509755763,0.2761999479238939,-0.2761999479238939,3.0798547996238955e-05,74.07140266777655,1605.8297243212955,2632.394578721447,1026.5648544001515,266.4419213727739,3267.4988615640277,67.07345166689413,4487416.254377852,195.2247989631464,41,0.05,diffusivity_110,0.0017463940947415,4.177238678919975e-09,2.07201967328679e-09,6.924846350306482e-10,4.203371880617788e-05,617.2804927353665,0.0753951290466597,0.0513452926048358,230.25058352200864,110.26837319873825,0.008206024303609503,2.3220605006261785e-06
0.5,2.840753450901041,9.729875260332737,80.30305067191344,92.87367938314722,0.0005735401436974,4.239803421528468,80.0546577246513,2.898122822358148,2.5919490164461187,0.1904499813977512,0.0577809129134737,2.713184774762757e-08,0.0001620258191777,0.5571129932321416,6.738145301801091,15.30085529628352,1.6855287352087107,24.28164232652546,1321.2811422080745,4525.524977690985,37350.2693382013,0.3081164860285201,2277.7016500909963,43006.85854231741,1556.925753003854,1392.4434613486756,102.31328997160789,31.040986480297267,1.4575735769020736e-05,0.0870432987116121,0.0305872823147407,0.1047646149582645,0.8646481027269947,6.370297134493894e-06,0.0470913987168594,0.8891652350934239,0.0321893832777975,0.0287887178842912,0.002115323546389,0.0006417712657186,3.0135280652895117e-10,1.799617032852158e-06,345.4452848296078,345.24436130609683,0.2695482387517394,-0.2695482387517394,3.083105001488131e-05,74.07926366559181,1544.896313868688,2554.0794870427385,1009.1831731740504,270.9068107725635,3275.330009704958,68.01350252347218,4487416.254714497,198.19267375198,41,0.05,diffusivity_110,0.0017328533229184,4.18751772689497e-09,2.0770771160150276e-09,6.970079445998831e-10,4.214253369805731e-05,620.8844610750028,0.0763927578689131,0.0512752383648707,230.27501939427293,110.35544647806609,0.008352341432300896,2.3552689386311775e-06
0.51,2.824782344303743,9.729875260332737,80.34939149195466,92.90404909659114,0.000563359476562,4.2691665063817466,80.10438741701101,2.881330172379184,2.579378581571805,0.1878928335408541,0.0569475697145254,2.692546532355473e-08,0.0001636447629391,0.5411418866348437,6.784486121842302,15.30085529628352,1.6855287352087107,24.31201203996937,1313.482992033875,4524.251468375791,37361.30656500788,0.3022946932876714,2290.804421213292,42983.445264822,1546.101302911157,1384.0762242031874,100.82195977745572,30.55766138059406,1.444801342702862e-05,0.0878106173392363,0.0304053738429296,0.1047303681050188,0.8648642580520516,6.254002431654701e-06,0.0473931456252181,0.8892599743763246,0.031986407709742,0.0286343633016571,0.002085848000687,0.0006321900212719,2.9890670630870076e-10,1.8166637607564035e-06,345.5673597007229,345.3735767265192,0.2628120461799014,-0.2628120461799014,3.086248547567989e-05,74.08684981331167,1485.486636735132,2477.893214099746,992.4065773646138,275.32059803921527,3282.911011673679,68.93047945109332,4487416.254393328,201.1240139330259,41,0.05,diffusivity_110,0.0017198230002681,4.197439681604075e-09,2.0819588657570753e-09,7.014173141520175e-10,4.2247953349669625e-05,624.3922476932694,0.0773756821471861,0.0512073663725316,230.29860089639487,110.43958147977168,0.008497077958140782,2.3880058664383545e-06
0.52,2.809217429520454,9.729875260332737,80.39435974681734,92.93345243667054,0.0005535668742921,4.297814627379139,80.15261342298193,2.864977832333408,2.567082800620189,0.1854323007096091,0.0561487613166619,2.6724166497857443e-08,0.000165235094453,0.5255769718515552,6.829454376704994,15.30085529628352,1.6855287352087107,24.341415380048776,1305.8905035328764,4523.0218100978345,37372.05594260325,0.2967037991530443,2303.566176407275,42960.63586726233,1535.5864789227614,1375.9190714913686,99.3890181318786,30.094920007078645,1.4323764837359089e-05,0.0885636091218872,0.0302282693245986,0.1046972323229157,0.8650744983524856,6.142226606583678e-06,0.0476873754200117,0.8893514724546602,0.0317890103007558,0.0284836485193131,0.0020575060828828,0.0006230112958383,2.965240409513374e-10,1.8334034072915276e-06,345.6849194560786,345.49811951301496,0.2560065691599812,-0.2560065691599812,3.089287086827387e-05,74.09416664117171,1427.6097930977771,2403.8380188746914,976.2282257769144,279.6779034281328,3290.245115039329,69.8241349814546,4487416.254578414,204.0153495573217,41,0.05,diffusivity_110,0.0017072895011217,4.207011407564873e-09,2.0866683001272767e-09,7.05711972848194e-10,4.235001618291128e-05,627.8034644843148,0.0783428387618834,0.0511416517948917,230.32134521908387,110.52083004172754,0.008640053355314876,2.420235201324865e-06
0.53,2.794062582119991,9.729875260332737,80.43796295424742,92.96190079670016,0.0005441547421883,4.325737770058554,80.19934665293741,2.8490685421128887,2.5550689481612925,0.1830661335187985,0.0553833456977092,2.6528061151379145e-08,0.00016679556544,0.5104221244510918,6.873057584135068,15.30085529628352,1.6855287352087107,24.36986374007839,1298.5048828782294,4521.835200180766,37382.51545733732,0.2913384512675146,2315.984121446837,42938.43577025229,1525.3808379507532,1367.9745346799707,98.01293581382882,29.65203996329149,1.4203026550667024e-05,0.0893017333969743,0.0300559966843876,0.1046651926966419,0.8652788106189704,6.034873066254554e-06,0.0479739977184095,0.8894397852724852,0.0315972014496537,0.0283366395295408,0.0020302696877601,0.0006142213516802,2.9420580090615766e-10,1.849823198079648e-06,345.7980717515362,345.61809776926225,0.249147354895627,-0.249147354895627,3.09222227844117e-05,74.10121965635216,1371.2740968610651,2331.9147502219244,960.6406533608592,283.9734588942161,3297.335621787781,70.69424659978137,4487416.254583837,206.86329034423667,41,0.05,diffusivity_110,0.0016952396207959,4.216239830046465e-09,2.0912088266246873e-09,7.098912707326356e-10,4.2448761915052735e-05,631.1178325879175,0.0792932004740954,0.0510780695293362,230.3432694813821,110.5992441842296,0.008781090560786929,2.4519220103489973e-06
0.54,2.7793205588942698,9.729875260332737,80.48021097706136,92.98940679628836,0.0005351148537396,4.352928088295517,80.24460041275104,2.8336039409288283,2.543343231108388,0.1807920147475436,0.054650198184597,2.6337235152983347e-08,0.0001683250409383,0.4956801012253702,6.915305606949006,15.30085529628352,1.6855287352087107,24.397369739666605,1291.3268205647923,4520.690801285681,37392.68384383073,0.2861930036251434,2328.056407792621,42916.84870328619,1515.4832972232489,1360.2445035374765,96.69215752552604,29.22831287125788,1.4085821731425156e-05,0.0900245035524842,0.0298885717701471,0.1046342330331017,0.8654771951967511,5.931838687266642e-06,0.0482529443101663,0.8895249717815134,0.0314109790893067,0.0281933900131041,0.0020041100708263,0.000605806692886,2.919527075436454e-10,1.865911556922784e-06,345.9069258241597,345.73361947099994,0.2422499583652798,-0.2422499583652798,3.095055883125841e-05,74.10801455367623,1316.4846971800555,2262.119648374769,945.634951194714,288.2023495304372,3304.186123408209,71.54065602558339,4487416.254414677,209.6646912653368,41,0.05,diffusivity_110,0.001683660117808,4.22513212579883e-09,2.0955839763960033e-09,7.139548234677887e-10,4.254423441837493e-05,634.3353081987227,0.0802258307255623,0.051016591789474,230.36439138561897,110.67487813129756,0.008920023774448695,2.4830342936580946e-06
0.55,2.764993002257754,9.729875260332737,80.5211155762866,93.01598383887708,0.0005264383257594,4.379379899162333,80.2883899474537,2.818584577413187,2.531910783757215,0.1786075630483322,0.0539482171264497,2.6151747779563905e-08,0.0001698225064877,0.4813525445888546,6.956210206174255,15.30085529628352,1.6855287352087107,24.42394678225534,1284.3565012145402,4519.58776619353,37402.56058189127,0.2812615068156334,2339.782134173995,42895.87674651828,1505.8921559080022,1352.7302388839903,95.42510462012616,28.82304744266437,1.3972158990763073e-05,0.0907314907155351,0.0297259985665183,0.104604336359941,0.8656696650735407,5.8330135786606025e-06,0.0485241692482669,0.8896070932842103,0.0312303290018555,0.0280539414760631,0.0019789978987745,0.0005977541292973,2.8976518699286083e-10,1.881658188309251e-06,346.01158982090027,345.8447927023416,0.2353298652009053,-0.2353298652009053,3.0977897144465086e-05,74.11455709496862,1263.2437222414032,2194.444435232023,931.2007129906196,292.3600662955178,3310.8004132290325,72.36326896006175,4487416.254727198,212.4166919170684,41,0.05,diffusivity_110,0.001672537812879,4.233695501735664e-09,2.0997972953216787e-09,7.179024695751773e-10,4.263648012364046e-05,637.4560595523516,0.0811398959210653,0.0509571885609193,230.38472884239764,110.74778698999296,0.009056700062851546,2.513543350155363e-06
0.56,2.751081115745133,9.729875260332737,80.56068947601229,93.04164585209016,0.0005181163831952,4.40508845274357,80.3307313717725,2.804010599499748,2.5207762080894165,0.1765104521590162,0.0532763391135153,2.597165104414061e-08,0.0001712869959349,0.4674406580762338,6.995784105899926,15.30085529628352,1.6855287352087107,24.44960879546839,1277.5939158505385,4518.525231204923,37412.14540793384,0.2765381269605702,2351.160761033644,42875.52123699443,1496.6055201366478,1345.4327129607866,94.21024196917382,28.435578390532488,1.3862043291369184e-05,0.0914222876652278,0.0295682765556251,0.1045754852165929,0.8658562382277819,5.7382896164877785e-06,0.0487876356508936,0.8896862107944578,0.0310552328193172,0.0279183295675054,0.0019549045883846,0.0005900509488895,2.87643588088342e-10,1.8970532916777012e-06,346.112172790837,345.95172562835864,0.2284025038616244,-0.2284025038616244,3.100425626150029e-05,74.1208530765323,1211.552021883966,2128.879425545848,917.327403661882,296.442253223078,3317.1823854606414,73.16201630258561,4487416.254432116,215.1165304480656,41,0.05,diffusivity_110,0.0016618598466546,4.24193734788029e-09,2.1038524194172628e-09,7.217342040038422e-10,4.272554771370206e-05,640.4803707083764,0.0820346003980807,0.0508998292673167,230.40429986949675,110.81802686836362,0.009190971585664868,2.543421773051868e-06
0.5700000000000001,2.737584585323523,9.729875260332737,80.59894827386144,93.06640811951767,0.0005101394060652,4.430051912772137,80.37164378924977,2.789880642741602,2.509942704818996,0.1744982361936005,0.052633504904867,2.5796964675584652e-08,0.0001727177162361,0.4539441276546239,7.034042903749075,15.30085529628352,1.6855287352087107,24.474371062895926,1271.0383574327475,4517.502303022842,37421.43909416744,0.2720166192343211,2362.1930202167014,42855.78131374689,1487.620621898764,1338.3520679235482,93.04597862346776,28.06524626886769,1.375546180932016e-05,0.0920965694746194,0.0294153888673544,0.1045476607181126,0.8660369504145331,5.647549752869908e-06,0.0490433365619619,0.8897623896979912,0.0308856550721681,0.0277865738929119,0.0019318003255082,0.000582684525218,2.8558789959417247e-10,1.9120888997172293e-06,346.2087840921117,346.0545266923154,0.221482819949446,-0.221482819949446,3.1029655783630074e-05,74.12690847918363,1161.4058659447348,2065.408562917195,904.0026969724602,300.44513465179034,3323.3362708391446,73.93691608327124,4487416.254598894,217.7618458857682,41,0.05,diffusivity_110,0.001651613144948,4.249865191446432e-09,2.1077530520560393e-09,7.254503339007863e-10,4.281149010374332e-05,643.4088085518036,0.0829092875736215,0.0508444796890776,230.423123058254,110.8856559523934,0.009322709110111444,2.5726466546754734e-06
0.58,2.7245026801153864,9.729875260332737,80.63590822220907,93.0902861626572,0.0005024979252864,4.454269338122533,80.41114685706312,2.77619296560854,2.499412956601664,0.172568530472121,0.052018695116313,2.5627700746303713e-08,0.0001741139298295,0.4408622224464871,7.071002852096713,15.30085529628352,1.6855287352087107,24.498249106035427,1264.6889404600947,4516.518087358957,37430.44265541485,0.267690877757071,2372.8799839498483,42836.65543763487,1478.9345276663323,1331.4881804711038,91.93077039870528,27.711418206406968,1.3652398074606014e-05,0.0927540361072204,0.0292673144795671,0.1045208438110467,0.8662118417093861,5.560679182887053e-06,0.0492912737288476,0.8898356946355435,0.0307215565571503,0.0276586885195427,0.0019096561134472,0.0005756427250706,2.835980307063101e-10,1.926757616963848e-06,346.3015323416223,346.1533044336444,0.2145855180996538,-0.2145855180996538,3.105411540221391e-05,74.13272923947956,1112.8003024103582,2004.014531549478,891.2142291391199,304.36513395225467,3329.266341111164,74.68801026526222,4487416.254606536,220.3504069960757,41,0.05,diffusivity_110,0.0016417850019061,4.257486599958523e-09,2.111502916480576e-09,7.290512943769243e-10,4.289436140833607e-05,646.2420352146682,0.0837633469549749,0.0507911053636708,230.44121686242687,110.95073258039888,0.009451789994163616,2.601196642815474e-06
0.59,2.71183363180475,9.729875260332737,80.67158771231519,93.11329660445269,0.0004951821826093,4.477741826856971,80.44926239194344,2.762944803735476,2.489188629740287,0.1707189153306756,0.0514309045511785,2.5463852770396147e-08,0.0001754750260084,0.4281931741358512,7.106682342202838,15.30085529628352,1.6855287352087107,24.52125954783092,1258.5443046145572,4515.571659664229,37439.15779670439,0.263554688428649,2383.223576063664,42818.14053223119,1470.543736159737,1324.840345212727,90.86306438119678,27.373472836124694,1.3552825644353652e-05,0.0933944463893214,0.029124021280491,0.1044950143013995,0.8663809644181095,5.477560361704081e-06,0.0495314694310934,0.88990619267515,0.0305628866910538,0.0275346760241308,0.001888442671101,0.0005689136120601,2.8167368594809053e-10,1.941053375280555e-06,346.3905274286241,346.24816753200554,0.207724709414287,-0.207724709414287,3.107765570358372e-05,74.13832143564969,1065.7270132330004,1944.6758683559804,878.9488551229798,308.19909854895656,3334.977117513634,75.41540037595976,4487416.254455221,222.88026615148328,41,0.05,diffusivity_110,0.0016323626802718,4.264809345024232e-09,2.115105836307478e-09,7.325377789574144e-10,4.297421946880423e-05,648.9809210563168,0.0845962644327006,0.0507396694314795,230.45860017616155,111.01331702210238,0.009578105472859342,2.6290535798487946e-06
0.6,2.699574682269375,9.729875260332737,80.7060067569227,93.1354566995248,0.0004881821057902,4.500472426355552,80.48601384114629,2.7501324237625493,2.479270410214632,0.1689469415666703,0.0508691483822916,2.530539381215404e-08,0.0001768005220571,0.415934224600476,7.141101386810342,15.30085529628352,1.6855287352087107,24.543419642903046,1252.602644093702,4514.662090233125,37447.586881716845,0.2596017175007745,2393.226539009684,42800.23208579356,1462.4442233655373,1318.407309499272,89.84130240951077,27.05080364727556,1.3456707277369269e-05,0.0940176189104373,0.0289854667377515,0.1044701513809442,0.8665443818813042,5.398072752301426e-06,0.0497639657190414,0.8899739525560346,0.0304095843044126,0.0274145280792366,0.0018681305009725,0.0005624855162823,2.7981434633400147e-10,1.954971453049716e-06,346.47587786348845,346.3392246957713,0.2009138771710547,-0.2009138771710547,3.110029766044176e-05,74.1436911660778,1020.1746268247178,1887.367226390052,867.192599565334,311.9443294794568,3340.4732754233287,76.11924477223427,4487416.2547307145,225.3497833046645,41,0.05,diffusivity_110,0.0016233335208718,4.271841181220561e-09,2.1185656267094563e-09,7.35910687512931e-10,4.3051124159200416e-05,651.6265143340587,0.0854076294727967,0.0506901331922423,230.4752919562534,111.07347010071727,0.009701561500298021,2.656202699076696e-06
0.61,2.687722697674696,9.729875260332737,80.73918616409203,93.15678412209948,0.000481487925799,4.522465005355328,80.52142534482724,2.7377517493465096,2.4696585056308966,0.1672502293626052,0.0503324747553932,2.5152293341930124e-08,0.0001780899945144,0.4040822400057967,7.174280793979666,15.30085529628352,1.6855287352087107,24.56474706547769,1246.861990489089,4513.788436881881,37455.73248986024,0.2558258465774964,2402.891903658919,42782.92497632262,1454.6318224558377,1312.1875837525934,88.86397607159053,26.742826298851355,1.3364004355635569e-05,0.0946233979554583,0.0288516045611013,0.1044462338629026,0.866702161575996,5.322099684592813e-06,0.0499888123645857,0.8900390424525373,0.0302615848518094,0.0272982312735189,0.0018486909956496,0.0005563471764653,2.780194586182266e-10,1.968507729578813e-06,346.5576927323179,346.4265846194835,0.1941659699764419,-0.1941659699764419,3.112206254591717e-05,74.1488445330362,976.1303987474972,1832.0621707504447,855.9317720029479,315.5983346343983,3345.7595604737444,76.79972338238147,4487416.254477303,227.7574461438328,41,0.05,diffusivity_110,0.0016146851582327,4.278589997726804e-09,2.12188616915436e-09,7.391710652801352e-10,4.312513718509222e-05,654.1799554392433,0.0861970732377903,0.0506424575711486,230.49131117158532,111.13125337613938,0.009822071109879043,2.6826307045815126e-06
0.62,2.676273296177126,9.729875260332737,80.77114897090702,93.17729752741688,0.0004750894104063,4.543725858544295,80.55552333330891,2.725797464432028,2.460351937356412,0.1656263299238055,0.049819939486504,2.5004496459812298e-08,0.0001793431832993,0.3926328385082266,7.206243600794664,15.30085529628352,1.6855287352087107,24.58526047079512,1241.319806809912,4512.949740855394,37463.59804867445,0.2522207509536419,2412.2237268756,42766.21230351774,1447.1016788998884,1306.1790047467557,87.92954840931561,26.44896365718542,1.3274665223368066e-05,0.0952117041116094,0.0287223751621434,0.1044232395500607,0.8668543852877958,5.249519775612612e-06,0.0502060837958684,0.8901015335436346,0.0301188100185437,0.027185758863942,0.0018300948732018,0.0005504874489425,2.7628820127300256e-10,1.9816598028269952e-06,346.6360804556287,346.5103556582959,0.1874930092210632,-0.1874930092210632,3.114297233900796e-05,74.15378773160106,933.5775618660748,1778.7291836205595,845.1516217544846,319.1591916219156,3350.8409540411817,77.4570877888102,4487416.254619114,230.1021275021772,41,0.05,diffusivity_110,0.0016064051223409,4.2850637181124956e-09,2.1250713619318272e-09,7.423202164625583e-10,4.319632323402752e-05,656.6426050940937,0.0869643539385336,0.0505966007585778,230.50667707952056,111.18672962505374,0.00993956587642146,2.7083284691874503e-06
0.63,2.66522176870572,9.729875260332737,80.80191866903803,93.19701569807648,0.0004689766301665,4.564262007204206,80.58833458539175,2.7142639599485467,2.4513492931799816,0.1640728660494162,0.0493306328461549,2.4861944282928066e-08,0.0001805598887836,0.3815813110368202,7.237013298925671,15.30085529628352,1.6855287352087107,24.60497864145472,1235.9734198427604,4512.145046000019,37471.18717093691,0.2487803189181715,2421.226314358206,42750.08665595304,1439.848832860287,1300.3792080653036,87.03653298692899,26.168661256196327,1.318863676732828e-05,0.0957824842987602,0.0285977158039055,0.1044011461896365,0.8670011380064578,5.180215484655607e-06,0.0504158612708405,0.89016149600796,0.029981178784482,0.0270770796453547,0.0018123137628822,0.0005448956124887,2.7461971550122466e-10,1.994425887388709e-06,346.71114846949456,346.5906459975259,0.1809063868697655,-0.1809063868697655,3.1163049008675244e-05,74.1585268889748,892.4981886151345,1727.3358892707984,834.8377006556639,322.62520454490107,3355.722447362315,78.09160836160291,4487416.25462867,232.3828424819789,41,0.05,diffusivity_110,0.0015984812833984,4.2912702640728365e-09,2.1281251024633222e-09,7.453595549448743e-10,4.326474774679763e-05,659.0158921224959,0.0877092746732681,0.0505525209221142,230.52140872643704,111.23996151787082,0.010053985060666626,2.733288425158412e-06
0.64,2.654562617865656,9.729875260332737,80.83152026872149,93.21595814691987,0.0004631396223725,4.584082049251317,80.61988738192711,2.7031448548818764,2.4426483561995425,0.1625874607066452,0.0488636613370952,2.4724565510118173e-08,0.0001817400260635,0.3709221601967566,7.266614898609154,15.30085529628352,1.6855287352087107,24.62392109029814,1230.8198006500822,4511.373379431421,37478.503989249606,0.2454984634518793,2429.904601259092,42734.53947761016,1432.8679221219602,1294.7853935024154,86.18345279021199,25.901376598781816,1.3105859548692006e-05,0.0963357376286416,0.0284775554597822,0.1043799307946526,0.867142513745565,5.114069313296617e-06,0.0506182416818798,0.8902190013223725,0.0298486017692218,0.0269721535324937,0.001795319388281,0.0005395611580352,2.7301300871676865e-10,2.006805389545744e-06,346.78300440874256,346.6675632498019,0.1744165891910588,-0.1744165891910588,3.118231506342588e-05,74.16306819107685,852.8716215267866,1677.8469134197803,824.9752918929937,325.99507664473555,3360.409186653418,78.70360073225213,4487416.254503082,234.59886700324836,41,0.05,diffusivity_110,0.0015909015676231,4.2972176515050306e-09,2.13105133450809e-09,7.482906959641732e-10,4.3330478611906767e-05,661.3013945688111,0.0884317219059078,0.0505101746588706,230.53552534123415,111.29101277656322,0.010165281189061813,2.757505814071277e-06
0.65,2.644289626336425,9.729875260332737,80.85997979581639,93.23414468248556,0.0004575683644024,4.603196027309328,80.65021099253147,2.6924330701227923,2.434246162900615,0.1611677419499158,0.048418153121504,2.459227508286298e-08,0.0001828836215293,0.3606491686675263,7.295074425704035,15.30085529628352,1.6855287352087107,24.64210762586379,1225.8556022336809,4510.63377404646,37485.55311111472,0.2423691085589054,2438.26410315311,42719.56119360796,1426.153234855835,1289.394369048434,85.36884318012044,25.646582069662728,1.3026267226873002e-05,0.096871514222767,0.0283618156775257,0.10435957012818,0.8672786141942942,5.050963520779183e-06,0.0508133363706231,0.8902741215478204,0.0297209822123322,0.0268709323588525,0.0017790836269429,0.0005344738495626,2.714669413361566e-10,2.01879887850031e-06,346.8517537701419,346.7412142198905,0.1680332161564773,-0.1680332161564773,3.120079308735096e-05,74.16741777458262,814.6748532905256,1630.2242140399746,815.5493607494491,329.2679195888698,3364.906384310267,79.29342186659642,4487416.254730218,236.74974824686856,41,0.05,diffusivity_110,0.0015836540563167,4.3029137941025285e-09,2.133853951501796e-09,7.511154032906823e-10,4.339358459922132e-05,663.500808467031,0.0891316685412849,0.0504695175408878,230.5490459997368,111.33994692218393,0.010273420229394842,2.780978747686979e-06
0.66,2.6343963147412417,9.729875260332737,80.88732378459908,93.25159535967305,0.0004522532106176,4.621614582407254,80.67933509298071,2.6821212927899296,2.4261393851355506,0.1598114114293041,0.0479932649657765,2.446498715209868e-08,0.0001839907585081,0.3507558570723426,7.322418414486725,15.30085529628352,1.6855287352087107,24.65955830305129,1221.077368226671,4509.925256719725,37492.339287415954,0.2393864237305234,2446.310519791234,42705.14181754175,1419.6989854767362,1284.202781194604,84.59128947065055,25.40376893647281,1.2949793707281176e-05,0.0973898883295699,0.0282504154977759,0.1043400407553826,0.8674095437468414,4.990784953470938e-06,0.0510012620742244,0.8903269278910826,0.0295982212556518,0.0267733642439403,0.0017635792711455,0.0005296238015248,2.6998037139150755e-10,2.030407496469305e-06,346.9175021092137,346.8117053447989,0.1617650991367889,-0.1617650991367889,3.12185058042115e-05,74.1715817494654,777.8837806131781,1584.4291351801555,806.5453545669774,332.4430499559074,3369.21928151992,79.86144377636721,4487416.254527498,238.8351564708961,41,0.05,diffusivity_110,0.0015767271094488,4.308366676969608e-09,2.136536882089149e-09,7.538355542708488e-10,4.3454135638875065e-05,665.6158901381358,0.0898091236278065,0.0504305050698101,230.5619896947662,111.3868277944444,0.010378375284618269,2.8037066472458255e-06
0.67,2.6248753717061177,9.729875260332737,80.91358003281718,93.26833066485604,0.0004471843587266,4.639350001493444,80.7072906254528,2.6722013928658623,2.4183238659734294,0.1585161531607068,0.0475881682132576,2.434260005406629e-08,0.0001850616478103,0.3412349140372189,7.348674662704816,15.30085529628352,1.6855287352087107,24.676293608234264,1216.48127048089,4509.246856400972,37498.86783139008,0.2365445319974301,2454.050222150841,42691.27020484074,1413.4989642262974,1279.2068325550672,83.84937561367539,25.17243897052452,1.2876364803513496e-05,0.0978909928706505,0.0281432652755216,0.1043213188332425,0.8675354158912357,4.933419088367476e-06,0.0511821520774064,0.8903774927991279,0.0294802112423272,0.026679388242066,0.0017487790003308,0.0005250013173811,2.68551986275154e-10,2.041633719998898e-06,346.98035294713867,346.879141422436,0.155620043389375,-0.155620043389375,3.123547612895402e-05,74.17556620520412,742.4715503100381,1540.4198081207842,797.9482578107461,335.52024544855107,3373.353216295928,80.40808624219864,4487416.254640465,240.85506919060103,41,0.05,diffusivity_110,0.0015701091480991,4.313584184560669e-09,2.139104005325477e-09,7.564531910602612e-10,4.351220280605986e-05,667.648528894161,0.0904641932137361,0.0503930913341547,230.57437535543704,111.43171920161174,0.010480134617489012,2.8256921476527383e-06
0.68,2.615719280072516,9.729875260332737,80.93877653276336,93.2843710731686,0.0004423523556317,4.656415056071677,80.73410862487542,2.662665063653137,2.4107951406079207,0.157279723501634,0.0472020636073306,2.4225010907714477e-08,0.0001860965539323,0.3320788224036172,7.373871162651001,15.30085529628352,1.6855287352087107,24.692334016546848,1212.0634002179536,4508.597608917917,37505.14416480599,0.2338377837962818,2461.4897225821023,42677.93490248067,1407.5469239612669,1274.4026016580094,83.14173421139019,24.95211295707196,1.280590640239967e-05,0.0983749836293564,0.0280402735204255,0.1043033806027485,0.8676563458768258,4.878755653189696e-06,0.0513561440086942,0.8904258875175423,0.0293668431205641,0.026588940402785,0.0017346563896328,0.0005205970573788,2.671804669058745e-10,2.052480568889988e-06,347.04040855586067,346.9436266954116,0.1496050822581109,-0.1496050822581109,3.125172684800656e-05,74.17937714624988,708.4104806344841,1498.1539854110029,789.7435047765188,338.4994879783621,3377.313503212718,80.93378085979128,4487416.254650428,242.809588821963,41,0.05,diffusivity_110,0.0015637889066361,4.318574157152569e-09,2.141559178585617e-09,7.589704333569511e-10,4.3567857380815966e-05,669.6006517600799,0.091097019355072,0.0503572306651306,230.5862216465555,111.47468454471462,0.010578693536489851,2.8469391655522772e-06
0.6900000000000001,2.606920048722428,9.729875260332737,80.96294204148397,93.29973735053912,0.0004377478819381,4.672823494870592,80.75982084244173,2.653503543724536,2.403548221737607,0.1560999079339723,0.0468341711689092,2.4112110144642218e-08,0.0001870958272476,0.3232795910535284,7.398036671371613,15.30085529628352,1.6855287352087107,24.70770029391737,1207.8196410489957,4507.976548857282,37511.17401653305,0.2312606364891077,2468.635897997834,42665.1237878709,1401.8364080503884,1269.7859076559523,82.4670216675139,24.742324705278936,1.2738341335785883e-05,0.0988420547054803,0.0279413439174849,0.1042862020476685,0.8677724540348465,4.82668619290672e-06,0.0515233849784082,0.8904721833854841,0.0292580031698107,0.0265019512247134,0.0017211854161418,0.0005164019214355,2.658644254352666e-10,2.0629519487980085e-06,347.09777022490107,347.0052638650093,0.1437263238301711,-0.1437263238301711,3.126728087653973e-05,74.18302055073478,675.6711818481236,1457.5877930324546,781.9166111843309,341.3810687458571,3381.105505264657,81.43898643710531,4487416.254553232,244.69901600194504,41,0.05,diffusivity_110,0.0015577552772036,4.323344411342527e-09,2.1439062475954368e-09,7.613895235157512e-10,4.362117157972219e-05,671.474266779847,0.0917078038989571,0.0503228767964329,230.5975471511152,111.51578726429292,0.010674057762410032,2.867453663079317e-06
0.7000000000000001,2.5984692801355083,9.729875260332737,80.98610565681044,93.31445019727867,0.0004333617242515,4.688589911834074,80.78445931443824,2.644707688557721,2.39657765994094,0.1549745242184142,0.0464837342519096,2.4003780556640013e-08,0.0001880598983279,0.3148288224666093,7.421200286698086,15.30085529628352,1.6855287352087107,24.72241314065692,1203.7457046792476,4507.382727680206,37516.96337853239,0.2288076393688977,2475.495941752526,42652.82418596841,1396.3607978641307,1265.3523517389074,81.82391998272288,24.54262318989893,1.267358896215264e-05,0.0992924362913685,0.0278463761469098,0.1042697592898263,0.8678838645632637,4.777103765580589e-06,0.051684030383091,0.8905164512576743,0.0291535739103149,0.0264183464369933,0.0017083404965942,0.0005124070943656,2.6460239580073086e-10,2.0730525982850726e-06,347.1525364055263,347.06415387352376,0.1379890085385168,-0.1379890085385168,3.128216088207442e-05,74.18650228453377,644.2229119835545,1418.6760368349708,774.4531248514163,344.1655849413853,3384.7345612564773,81.92418511558522,4487416.254728529,246.5238513409516,41,0.05,diffusivity_110,0.0015519973868614,4.327902582923794e-09,2.1461489691004397e-09,7.637127803460003e-10,4.367221727085366e-05,673.271436007028,0.0922968090986052,0.0502899833188538,230.60837010315893,111.55508982807996,0.010766243198209666,2.8872436311246782e-06
0.71,2.5903584389858585,9.729875260332737,81.00829668400718,93.32853038332576,0.0004291850404966,4.703729247184855,80.80805619021365,2.6362682398526998,2.38987777329518,0.1539014600863789,0.0461500205638031,2.3899905994304807e-08,0.0001889892434399,0.3067179813169596,7.443391313894833,15.30085529628352,1.6855287352087107,24.73649332670402,1199.8372503872183,4506.815197181282,37522.51830829418,0.2264735737635269,2482.07712783589,42641.02321251747,1391.1134670208223,1261.0974500646496,81.21115692395998,24.352573133142755,1.2611569864782345e-05,0.0997263774971854,0.0277552687087919,0.1042540284344935,0.8679907028567145,4.729905852137413e-06,0.0518382385075344,0.8905587609290206,0.0290534370933683,0.026338049557184,0.0016960969000055,0.0005086040559298,2.6339292976565635e-10,2.082787712039752e-06,347.204805124289,347.1203969230042,0.1323975972274526,-0.1323975972274526,3.12963895141766e-05,74.18982816314816,614.0342588738843,1381.373380376869,767.3391215029844,346.8538001645235,3388.206000158782,82.38986694874555,4487416.254576447,248.28469270382217,41,0.05,diffusivity_110,0.0015465046228298,4.332256320782441e-09,2.1482911063537862e-09,7.659425967321792e-10,4.3721066797180726e-05,674.9942508604049,0.0928643231186017,0.050258504047431,230.61870858014336,111.59265461607424,0.0108552716344213,2.906318028290114e-06
0.72,2.582578586516911,9.729875260332737,81.02954473736912,93.34199858421876,0.0004252090474127,4.718257271570345,80.8306438838462,2.628175556596264,2.3834424321661265,0.1528786267954836,0.0458323185078854,2.3800362134202485e-08,0.0001898844192451,0.2989381288480119,7.46463936725676,15.30085529628352,1.6855287352087107,24.749961527597,1196.0897664273384,4506.27302814985,37527.84513300958,0.2242532834737712,2488.387045999278,42629.70744988654,1386.087623719054,1257.0165066715942,80.62748015464332,24.17175264060517,1.2552200826711156e-05,0.1001441638068136,0.0276679161115963,0.1042389857503839,0.8680930981380197,4.684990883844704e-06,0.0519861758338419,0.8905991818266704,0.0289574706811071,0.0262609794754132,0.0016844302284477,0.0005049845380793,2.622344945607353e-10,2.0921633219254397e-06,347.2546712283021,347.1740903393878,0.1269556860263169,-0.1269556860263169,3.130998913459853e-05,74.19300388388056,585.0724947080762,1345.6331384418495,760.5606437337735,349.4467853198512,3391.5251181716985,82.83654515296769,4487416.254661016,249.9823403596352,41,0.05,diffusivity_110,0.0015412665830088,4.336413058416116e-09,2.150336316587389e-09,7.680814303872308e-10,4.376779189979775e-05,676.6448508128996,0.0934106949570252,0.0502283926608804,230.62858029210508,111.62854283531568,0.010941175051484925,2.9246878441597564e-06
0.73,2.575120695678485,9.729875260332737,81.04987938846635,93.35487534447758,0.0004214252932192,4.732189999332813,80.8522546757137,2.6204199336395426,2.377265327360379,0.1519040020882981,0.0455299409365869,2.3705025255299563e-08,0.0001907460227165,0.2914802380095859,7.484974018353993,15.30085529628352,1.6855287352087107,24.762838287855807,1192.4987131212258,4505.755301585874,37532.95021533394,0.2221418197791522,2494.433331142045,42618.863357033486,1381.2764967131648,1253.1047718650543,80.07168055305142,23.99975534650206,1.249539961851066e-05,0.1005460974546702,0.0275842122457594,0.1042246077072,0.8681911800470404,4.642261245179015e-06,0.0521280108056909,0.8906377820827789,0.0288655524472747,0.0261870534974521,0.0016733168920527,0.0005015405665156,2.6112557036628976e-10,2.101185864200853e-06,347.3022281536951,347.2253305662712,0.1216661488838588,-0.1216661488838588,3.132298188168795e-05,74.1960350508865,557.3044670801364,1311.4086722421755,754.1042051620391,351.94576625358894,3394.6971619830533,83.26473801398777,4487416.2546699755,251.6176868814992,41,0.05,diffusivity_110,0.0015362731458431,4.340380154269472e-09,2.152288220153694e-09,7.70131782090235e-10,4.38124640454618e-05,678.2253866725974,0.0939362979058247,0.0501996032984237,230.63800265953344,111.66281505041488,0.011023990859697949,2.942364957336989e-06
0.74,2.5679755588626287,9.729875260332737,81.0693302971583,93.36718111635366,0.0004178255504219,4.745543854445375,80.87292086507885,2.6129915063384885,2.371339899548874,0.1509756118256253,0.0452422219377124,2.361376951711248e-08,0.0001915747023342,0.2843351011937297,7.504424927045955,15.30085529628352,1.6855287352087107,24.77514405973191,1189.0594799630676,4505.261110148927,37537.840027880826,0.2201343815691844,2500.22374302598,42608.477155957735,1376.6732759940426,1249.357397484184,79.5425816054162,23.83618842126152,1.2441083471122594e-05,0.1009325030029022,0.0275040493689365,0.1042108709291267,0.8682850797019367,4.601622064656648e-06,0.0522639156158845,0.8906746289454698,0.0287775588596385,0.0261161865126388,0.0016627338991124,0.0004982644228253,2.600646196239928e-10,2.1098623011472146e-06,347.34756743656965,347.27421170914903,0.1165311090939587,-0.1165311090939587,3.133538967455345e-05,74.1989271753002,530.696344295671,1278.652950282814,747.9566059871429,354.35216460075407,3397.727336618124,83.6749741842194,4487416.254599096,253.19174748988533,41,0.05,diffusivity_110,0.001531514426021,4.3441648494994824e-09,2.1541503797037983e-09,7.720961992094813e-10,4.385515432421318e-05,679.7380300751105,0.0944415395477738,0.0501720903466421,230.64699281376156,111.69553102246556,0.011103763159786135,2.9593624431942427e-06
0.75,2.5611338409430493,9.729875260332737,81.08792689575664,93.3789359970324,0.000414401788142,4.758335565515752,80.8926744505057,2.605880306234304,2.3656593885826784,0.1500915311187931,0.0449685194534362,2.3526466231784013e-08,0.0001923711524252,0.2774933832741502,7.523021525644285,15.30085529628352,1.6855287352087107,24.786898940410666,1185.76741314305,4504.789571403682,37542.52111904845,0.218226300014441,2505.766129401049,42598.53492126978,1372.2711479108136,1245.7694687548926,79.03903997713341,23.6806739214323,1.2389168736928324e-05,0.101303725091251,0.0274273187373268,0.1041977524850138,0.8683749287776594,4.562980906787288e-06,0.0523940652642447,0.890709788371075,0.02869336576956,0.0260482916120144,0.0016526588696348,0.0004951486734467,2.590500796367301e-10,2.1182000673026934e-06,347.39077736782696,347.3208253994801,0.1115520108443324,-0.1115520108443324,3.134723393776171e-05,74.20168561324333,505.2138931812997,1247.3187777504208,742.1048845691212,356.66759006035613,3400.620752494143,84.06778963750851,4487416.254726642,254.7056582860015,41,0.05,diffusivity_110,0.0015269808269828,4.347774153327333e-09,2.155926243759501e-09,7.73977240069623e-10,4.389593250058613e-05,681.1849532471026,0.0949268614869908,0.0501458087691708,230.65556740426663,111.72674897086466,0.011180542383639679,2.975694534010203e-06
0.76,2.5545861752791024,9.729875260332737,81.1056985770447,93.39016001265654,0.0004111463009817,4.770581986616239,80.91154730897104,2.5990763532709016,2.3602169204455934,0.1492498968949142,0.0447082116376147,2.3442988806177494e-08,0.0001931360981533,0.2709457176102031,7.540793206932355,15.30085529628352,1.6855287352087107,24.798122956034785,1182.6178542501668,4504.339808086259,37547.00003736063,0.2164131044490548,2511.068335740913,42589.02268389084,1368.0633413661803,1242.3360485236365,78.55995164884341,23.532846706287767,1.2339573463252674e-05,0.1016601206984986,0.0273539115355718,0.104185229568234,0.8684608588961942,4.526249162770229e-06,0.0525186355107331,0.8907433251646841,0.0286128493431089,0.0259832809747115,0.0016430701656588,0.0004921861269589,2.580804161521425e-10,2.1262069012416005e-06,347.4319454733916,347.3652622623747,0.1067296457652591,-0.1067296457652591,3.1358535958281615e-05,74.20431565613404,480.8226207606954,1217.3591892652346,736.5365685045392,358.89376610991656,3403.382481756899,84.44372215708937,4487416.254618591,256.1606194616283,41,0.05,diffusivity_110,0.0015226629869961,4.3512150448059215e-09,2.157619246051454e-09,7.757775003714224e-10,4.393486826122696e-05,682.5683332662775,0.0953927203812869,0.0501207139703016,230.6637428793956,111.75652672241476,0.01125438306976093,2.991376052234889e-06
0.77,2.5483231444022327,9.729875260332737,81.1226742959013,93.40087270063628,0.0004080515709644,4.782300124193796,80.92957080484702,2.5925696406984984,2.3550054954404405,0.1484488964606263,0.0444607009302047,2.3363208293949625e-08,0.0001938703002308,0.264682686733333,7.557768925788945,15.30085529628352,1.6855287352087107,24.808835644014508,1179.6061375204315,4503.910973617512,37551.28336126424,0.2146904488104998,2516.138236113304,42579.92644672058,1364.04312430051,1239.0521756167648,78.10424582174771,23.39235654595089,1.2292215080624236e-05,0.1020020623109243,0.0272837187781958,0.1041732799597969,0.8685430012620072,4.491340532092528e-06,0.0526378034366044,0.8907753025961428,0.0285358859960303,0.0259210658348245,0.0016339467681553,0.000489369879648,2.5715407521243466e-10,2.133890908293059e-06,347.4711554239565,347.4076092259805,0.1020642244342109,-0.1020642244342109,3.1369316389734653e-05,74.2068224116464,457.4879434079113,1188.7273623644437,731.2394189565322,361.03257281984014,3406.0174684434746,84.80331244446748,4487416.254678504,257.5579330630315,41,0.05,diffusivity_110,0.0015185518557823,4.354494215114463e-09,2.159232678639731e-09,7.774995579971223e-10,4.397202939586356e-05,683.8903288089391,0.0958396009782669,0.0500967621928509,230.67153511632748,111.78492013492998,0.011325345003785481,3.006422765753177e-06
0.78,2.542335334810006,9.729875260332737,81.13888279240994,93.41109338755268,0.0004051103643062,4.793507034572961,80.94677601062754,2.586350185264778,2.3500180404949944,0.147686774389348,0.0442254095613551,2.328699736997029e-08,0.0001945745447231,0.258694877141107,7.573977422297592,15.30085529628352,1.6855287352087107,24.819056330930927,1176.7276097704428,4503.502233434341,37555.37764843754,0.2130541603640695,2520.9836786063406,42571.23222867552,1360.2038251298509,1235.9128883694475,77.67088795244287,23.25886556121213,1.2247012442044709e-05,0.1023299325486285,0.0272166318004878,0.1041618817153174,0.8686214864841947,4.458172059745313e-06,0.0527517462218594,0.8908057826540218,0.0284623528514548,0.0258615569758994,0.0016252683446006,0.0004866932633898,2.562695259795772e-10,2.141260444688575e-06,347.5084894488089,347.4479521411614,0.0975553860001887,-0.0975553860001887,3.137959560701978e-05,74.20921089438154,435.1752027445473,1161.376826020902,726.2016232763547,363.08599012283526,3408.530591636477,85.14710097343445,4487416.254685709,258.89895855816803,41,0.05,diffusivity_110,0.0015146386260534,4.35761826405449e-09,2.1607697886618326e-09,7.791460047942536e-10,4.400748308946604e-05,685.1530908879325,0.0962680013336535,0.0500739102723712,230.67895970292489,111.8119842931124,0.011393491540628948,3.0208509517460876e-06
0.79,2.5366133767509456,9.729875260332737,81.15435240062584,93.42084103770952,0.0004023157050238,4.804219744334824,80.96319351395533,2.580408068770084,2.3452474472278277,0.1469618325179022,0.0440017813001903,2.3214229720703938e-08,0.0001952496382032,0.2529729190820465,7.589447030513496,15.30085529628352,1.6855287352087107,24.82880398108777,1173.9776504612428,4503.112773156332,37559.289416829706,0.2115002248940141,2525.612457278748,42562.92613614145,1356.5388575394263,1232.9132477973042,77.25887963168462,23.13204909606037,1.2203885519157938e-05,0.1026441222025188,0.0271525427150354,0.1041510133312249,0.8686964439537396,4.4266638388376205e-06,0.0528606404137685,0.8908348258087665,0.028392128233703,0.0258046651873921,0.0016170152484049,0.0004841498646304,2.5542525426647647e-10,2.1483240703446625e-06,347.54402734005885,347.4863740604218,0.0932022684923346,-0.0932022684923346,3.1389393529976666e-05,74.2114859843981,413.8498775578896,1135.2616263175328,721.4117487596432,365.0560892685484,3410.92662724663,85.47562570583227,4487416.254636473,260.1851100687812,41,0.05,diffusivity_110,0.0015109147694184,4.36059361559772e-09,2.1622337367501133e-09,7.807194197510057e-10,4.404129522836854e-05,686.3587474922723,0.0966784322586771,0.0500521158830813,230.68603180882556,111.83777292319856,0.011458889246564758,3.0346773560288063e-06
0.8,2.531147977997791,9.729875260332737,81.1691108327179,93.43013407104844,0.0003996608477123,4.814455182086626,80.97885320089944,2.5747334733664538,2.340686604879656,0.1462724293126925,0.0437892829577338,2.314477939253256e-08,0.0001958964034162,0.247507520328892,7.604205462605554,15.30085529628352,1.6855287352087107,24.83809701442668,1171.351689247222,4502.741807838092,37563.02512340986,0.2100247715562705,2530.0322900618003,42554.9944202936,1353.0417419104128,1230.0483579730835,76.86725814456561,23.01159646348661,1.2162755077114498e-05,0.1029450285453467,0.0270913448125097,0.1041406539450505,0.8687680012424397,4.396738706181864e-06,0.0529646613357906,0.8908624907559004,0.0283250921005924,0.0257503016710898,0.0016091685119711,0.0004817335408215,2.546197556845418e-10,2.155090507945417e-06,347.5778455126094,347.5229551775656,0.0890035751784493,-0.0890035751784493,3.139872943302298e-05,74.21365238471817,393.47777020222486,1110.336465273817,716.8586950715923,366.9450264027335,3413.210212108381,85.78942015247006,4487416.254724712,261.4178548642913,41,0.05,diffusivity_110,0.0015073720686221,4.3634264373800414e-09,2.163627557406058e-09,7.82222343730202e-10,4.40735297395584e-05,687.5093900045914,0.0970714172435049,0.050031337752122,230.69276605335008,111.86233788174395,0.011521607600812906,3.047919165708892e-06
0.81,2.525929890405989,9.729875260332737,81.18318560701799,93.43899075775671,0.0003971393154625,4.824230240811006,80.99378469543214,2.5693166412586903,2.336328378263038,0.1456169752606181,0.0435873975668728,2.3078523043128583e-08,0.0001965156798112,0.24228943273709,7.618280236905626,15.30085529628352,1.6855287352087107,24.846953701134947,1168.845184284805,4502.38855992312,37566.59117977771,0.2086240897116742,2534.2508368292315,42547.42340155375,1349.7060718840164,1227.313343719189,76.49509310084771,22.897207066237804,1.2123543739694946e-05,0.1032330550475802,0.0270329320760166,0.1041307828929543,0.8688362850310289,4.368322624285382e-06,0.0530639835573878,0.8908888350665677,0.0282611254438291,0.0256983776603429,0.0016017097848147,0.0004794383419413,2.5385155893461203e-10,2.161568640331415e-06,347.6100195177895,347.55777458342914,0.0849575329617422,-0.0849575329617422,3.1407622395056615e-05,74.21571473139083,374.0247315775506,1086.5565123832998,712.5317808057492,368.7550208096554,3415.385930697136,86.0890152931598,4487416.254651615,262.59869310167625,41,0.05,diffusivity_110,0.0015040025085218,4.3661228472331804e-09,2.1649542606662514e-09,7.836573280976961e-10,4.41042501509577e-05,688.6070988977341,0.0974474855813239,0.0500115351555868,230.6991768476337,111.8857304936804,0.011581718449870899,3.060593830485945e-06
0.8200000000000001,2.5209500565999576,9.729875260332737,81.19660325444453,93.44742857137722,0.0003947448640561,4.833561495463227,81.00801654500277,2.564148031252146,2.3321657336173613,0.144993943894835,0.0433956342237071,2.3015338226751233e-08,0.0001971083078742,0.2373095989310587,7.631697884332174,15.30085529628352,1.6855287352087107,24.85539151475546,1166.4536983546895,4502.052292639262,37569.993864822856,0.2072946119498664,2538.27559462625,42540.19971779717,1346.525615707,1224.7034344800977,76.14149307964824,22.78859581423557,1.2086175251491776e-05,0.1035086049582248,0.0269772009261271,0.1041213804283639,0.868901418645509,4.341344312247388e-06,0.0531587782817628,0.8909139140162085,0.0282001122366787,0.0256488060131339,0.0015946214655463,0.0004772586218794,2.531192088947238e-10,2.1677673586264217e-06,347.64062037904006,347.5909071608958,0.0810620851818292,-0.0810620851818292,3.141609058715323e-05,74.21767742521467,355.4574080225916,1063.8780731269376,708.420665104346,370.48833487223794,3417.4581695141947,86.37493115476272,4487416.254691922,263.7291533737673,41,0.05,diffusivity_110,0.0015007984476821,4.36868860680307e-09,2.1662166812867676e-09,7.850268419161267e-10,4.413351706071768e-05,689.6538894532256,0.0978071718920036,0.0499926688775843,230.70527787153685,111.90799946412064,0.011639295089829789,3.072718972232452e-06
0.8300000000000001,2.5161994837804493,9.729875260332737,81.20939000868911,93.4554647528023,0.0003924714820455,4.842465439674984,81.0215769369876,2.5592181819653264,2.328191638692424,0.1444018561243664,0.0432135174816151,2.2955104692105264e-08,0.0001976751404106,0.23255902611155,7.644484638576757,15.30085529628352,1.6855287352087107,24.863427696180537,1164.1728324012397,4501.732280667086,37573.2394006968,0.2060329098279429,2542.1139902381947,42533.31011000471,1343.4942232406868,1222.2138929860566,75.80559598061947,22.685487119302948,1.2050574962719784e-05,0.103772085979786,0.0269240486945949,0.1041124270910116,0.8689635242143934,4.315735200647629e-06,0.0532492155786747,0.8909377817121602,0.0281419376931024,0.0256014999015711,0.0015878865141148,0.000475188917083,2.5242127870777354e-10,2.1736956716361227e-06,347.6697178593954,347.62242669374604,0.0773147759582541,-0.0773147759582541,3.142415190283042e-05,74.21954478429481,337.7426088047705,1042.2579787443187,704.5153699395482,372.14728218678766,3419.431247793789,86.64768405650659,4487416.254698682,264.81079134606546,41,0.05,diffusivity_110,0.0014977524453802,4.371129391205832e-09,2.167417611477605e-09,7.863333495050636e-10,4.416139035051778e-05,690.6517587373364,0.0981510152682223,0.0499747003269776,230.7110825478676,111.92919274615876,0.011694412725663112,3.084312413205645e-06
0.84,2.5116693651005115,9.729875260332737,81.22157124510171,93.46311587053496,0.0003903133808863,4.850958252761248,81.03449312103332,2.5545178399938986,2.324399167577589,0.1438392899987435,0.0430405941432943,2.2897703764979058e-08,0.0001982170286809,0.2280289074316124,7.656665874989362,15.30085529628352,1.6855287352087107,24.871078813913204,1161.9982869998678,4501.427832152815,37576.333878033765,0.2048356898428127,2545.7732908015487,42526.741619295855,1340.6059069320552,1219.8400830623718,75.4865747274206,22.587618627280136,1.2016669620355677e-05,0.1040239043720638,0.0268733750389798,0.10410390419479,0.8690227207662301,4.291429338188473e-06,0.0533354621790081,0.8909604902478404,0.0280864898317857,0.0255563741082877,0.0015814885661439,0.000473224023271,2.5175636431173393e-10,2.17936256829928e-06,347.6973780895659,347.65240366713914,0.0737129023503961,-0.0737129023503961,3.1431823478519855e-05,74.22132093185424,320.8478784035507,1021.654132637546,700.8062542339952,373.7342020520498,3421.309317589047,86.9077796412165,4487416.254667712,265.8451784350523,41,0.05,diffusivity_110,0.0014948573811715,4.373450590020208e-09,2.168559702944079e-09,7.875792453208455e-10,4.418792748447536e-05,691.6026461523397,0.0984795563259823,0.0499575922271523,230.71660369364375,111.94935614186195,0.011747147466785502,3.0953920306812294e-06
0.85,2.5073510901952902,9.729875260332737,81.23317040871524,93.47039675924329,0.0003882647810523,4.8590557674215,81.04679033627977,2.55003798226259,2.320781510648644,0.1433048699010907,0.0428764448645039,2.284301036013576e-08,0.000198734826857,0.2237106325263907,7.668265038602884,15.30085529628352,1.6855287352087107,24.878359702621506,1159.9258823160385,4501.138348872959,37579.28326356532,0.203699683090116,2549.26062894019,42520.481672900685,1337.8548717364818,1217.5774917291078,75.18363242990884,22.494747546395725,1.1984383333897952e-05,0.1042644690564804,0.0268250823483033,0.1040957950076375,0.869079122644059,4.26836107940735e-06,0.0534176817792103,0.8909820884206826,0.0280336600322015,0.0255133454211599,0.0015754118298275,0.0004713591276214,2.5112299934447077e-10,2.184777094075643e-06,347.7236569452918,347.68090303995933,0.0702536670537765,-0.0702536670537765,3.143912050334799e-05,74.22300951741386,304.74198163538006,1002.0255836508364,697.2836020154563,375.2515366982489,3423.096155269817,87.15571227074909,4487416.254722852,266.8339717189891,41,0.05,diffusivity_110,0.0014921066612083,4.375656754176005e-09,2.16964519461806e-09,7.887667282390261e-10,4.421317947381581e-05,692.5083766817942,0.0987933615165748,0.0499413096249649,230.72185265338297,111.96852986104297,0.011797578281322758,3.1059763976504174e-06
0.86,2.503236147434055,9.729875260332737,81.24421242797287,93.47732383573964,0.0003863204728903,4.86677367933487,81.05849525387558,2.5457696759612776,2.317331905036588,0.14279727951536,0.0427206424092175,2.2790916001326085e-08,0.0001992293818103,0.2195956897651553,7.679307057860522,15.30085529628352,1.6855287352087107,24.885286779117905,1157.951464333283,4500.863139513002,37582.093421752914,0.2026219280334332,2552.5829859114665,42514.517723969,1335.2353713304803,1215.4216290400036,74.8960050624683,22.40662750027036,1.195364901913275e-05,0.1044941811167597,0.0267790737337837,0.1040880810562172,0.8691328452099991,4.24647107993259e-06,0.0534960353699352,0.8910026261438335,0.0279833404226731,0.0254723308959497,0.0015696411666153,0.0004695893312347,2.5051989857206416e-10,2.189948158327371e-06,347.748620677695,347.70799285175593,0.0669337686967417,-0.0669337686967417,3.144605995001378e-05,74.2246145978668,289.3932000903711,983.3319340410426,693.9387339506715,376.70160318817193,3424.795828791884,87.39197063816697,4487416.254712334,267.7787078772646,41,0.05,diffusivity_110,0.0014894935035957,4.377753311595427e-09,2.1706767571714102e-09,7.89898194298489e-10,4.423720351414582e-05,693.3708467821758,0.0990929521664736,0.0499258164762962,230.7268420379171,111.98675936181247,0.011845781197121557,3.1160829144507767e-06
0.87,2.499316292005139,9.729875260332737,81.25471057282107,93.48390212515896,0.0003844734101113,4.874127113278501,81.06962277412455,2.5417044028186417,2.314043744235591,0.142315168990443,0.0425729053690004,2.2741233372935173e-08,0.0001997015958396,0.21567583433624,7.689805202708715,15.30085529628352,1.6855287352087107,24.891865068537182,1156.071171560735,4500.602155611262,37584.7701818432,0.201598545637361,2555.747449489095,42508.83836647555,1332.7421287725815,1213.368313933503,74.62292667338396,22.32309330172091,1.192436057582038e-05,0.1047134866129264,0.0267352585331641,0.1040807565703247,0.869183984896511,4.22568044827574e-06,0.0535706842224123,0.8910221380626857,0.0279354314702158,0.0254332527277711,0.001564161295112,0.0004679114058679,2.499449447124187e-10,2.194885541719025e-06,347.7722645258537,347.73371231523214,0.0637509735857974,-0.0637509735857974,3.145264595706032e-05,74.22613719393114,274.7753043308278,965.5346006782296,690.7592963474018,378.087572224472,3426.410117015186,87.61702811718561,4487416.254718242,268.6816747401044,41,0.05,diffusivity_110,0.0014870136048919,4.379739787810008e-09,2.171654155875144e-09,7.909747096894874e-10,4.426001349531475e-05,694.1913230928582,0.099379104183405,0.0499110883793572,230.7315750201431,112.00405283357412,0.01189185454994079,3.125735779410449e-06
0.88,2.495583388743183,9.729875260332737,81.26468022497478,93.4901388740507,0.0003827172476054,4.881131038325251,81.08018986472254,2.537833735713559,2.310910486293925,0.1418572506466656,0.0424329345549836,2.2693797156400557e-08,0.0002001523567978,0.2119429310742834,7.699774854862417,15.30085529628352,1.6855287352087107,24.898101817428927,1154.281162611913,4500.355218833975,37587.31925868829,0.2006260297207907,2558.760930930377,42503.43219006302,1330.36990016334,1211.413383656061,74.36366446093743,22.24397056164072,1.1896423407264262e-05,0.1049228194832097,0.026693546707693,0.1040738133188652,0.8692326399734417,4.205917990224381e-06,0.0536417863976107,0.8910406607918969,0.0278898341582949,0.0253960333612165,0.001558957601915,0.0004663219228802,2.493962587884181e-10,2.1995987991371084e-06,347.79459820028967,347.75810533287085,0.060702502979411,-0.060702502979411,3.145888517743415e-05,74.22757890688705,260.8612918444006,948.595528339851,687.7342364954503,379.4124281864373,3427.941217062229,87.83135178620645,4487416.254877217,269.5449897684891,41,0.05,diffusivity_110,0.0014846623188257,4.381616919279782e-09,2.1725777521052128e-09,7.919976045359336e-10,4.42816318843852e-05,694.9711736820879,0.0996525312693029,0.04989709919788,230.7360565776324,112.02042584189886,0.011935892013208608,3.134957538841666e-06
0.89,2.492029438409434,9.729875260332737,81.27411357381739,93.49601827255955,0.000381041484528,4.8877999876127305,81.09019018216992,2.5341496620929447,2.3079256106270605,0.1414220811828951,0.0423007051149535,2.264827179395637e-08,0.0002005827013535,0.2083889807405351,7.709208203705039,15.30085529628352,1.6855287352087107,24.9039812159378,1152.577997703826,4500.123462674679,37589.74659137766,0.1996987711943428,2561.630927348669,42498.2895375567,1328.1141137933578,1209.5530989781498,74.11743072266279,22.16923661887501,1.1869657847176606e-05,0.1051227244528127,0.0266538563294179,0.1040672687468701,0.869278874923712,4.187067995183186e-06,0.0537095086125241,0.8910582018532371,0.0278464612804426,0.0253606020653847,0.0015540141794966,0.0004648205923821,2.4887015672881633e-10,2.2040996671656152e-06,347.815486258608,347.7811604362593,0.0577878267435071,-0.0577878267435071,3.146475825225764e-05,74.22893519822037,247.63395680312829,932.4782762853604,684.8443194822321,380.6810306545298,3429.3867477820154,88.03540091943997,4487416.255062946,270.37240807794234,41,0.05,diffusivity_110,0.0014824397411442,4.383373350669289e-09,2.17344195506459e-09,7.929655231082365e-10,4.430199326150196e-05,695.7105384512587,0.0999145035710471,0.0498838451336207,230.7402726024365,112.03581829630804,0.011978036600765058,3.14378570075733e-06
0.9,2.4886458149315795,9.729875260332737,81.28284416416184,93.50136523942616,0.0003794049195867,4.894148250823092,81.09945834966331,2.5306453965692373,2.305081612940405,0.1410067827350941,0.0421780143364919,2.2603098656098763e-08,0.0002009948238522,0.2050053572626805,7.717938794049491,15.30085529628352,1.6855287352087107,24.9093281828044,1150.96027716496,4499.917127307623,37592.06082546223,0.1987955211394477,2564.370417536264,42493.41074519247,1325.9737669665158,1207.785869019606,73.88285025019952,22.099872478674925,1.1843269669774565e-05,0.1053145826299613,0.0266161441446226,0.1040613175584948,0.8693225382968824,4.168684776879316e-06,0.0537741084939453,0.8910745748990264,0.0278052876906479,0.025326921537534,0.0015493020735332,0.0004634279557445,2.483499512357419e-10,2.2084164415603717e-06,347.8337839698486,347.8024912661275,0.0550227399330321,-0.0550227399330321,3.147006593851379e-05,74.23015911634948,235.13930414610752,917.1496614918332,682.0103573457255,381.9117209089472,3430.7128925068705,88.22967078058251,4487416.254744797,271.1794250949305,41,0.05,diffusivity_110,0.00148037774598,4.384913579767585e-09,2.1741997524095264e-09,7.938585749160484e-10,4.4320423776577024e-05,696.4012573412808,0.1001702920253624,0.0498714722491058,230.7440771457996,112.049646204976,0.012018787039695845,3.152365695118337e-06
0.91,2.485425426503625,9.729875260332737,81.29096094071028,93.50626162754664,0.0003778171451091,4.900189611539052,81.1080848696666,2.527312698896383,2.3023729498973005,0.1406109363883855,0.0420637230728296,2.2558718962684453e-08,0.0002013890237563,0.201784968834726,7.726055570597931,15.30085529628352,1.6855287352087107,24.914224570924887,1149.423543253912,4499.731747286008,37594.26590015625,0.1979209575596379,2566.9830834688,42488.78069997652,1323.942430600206,1206.106882130683,73.6595772150799,22.035242330501667,1.1817471272045352e-05,0.1054984109107895,0.0265803100588445,0.1040558684624639,0.8693638214786915,4.150869104356573e-06,0.0538356872559388,0.8910899040904832,0.027766194135703,0.0252949048717064,0.0015448149962083,0.0004621309826127,2.4784023379623017e-10,2.2125504029878137e-06,347.8499770146079,347.82231397766645,0.0523957404984809,-0.0523957404984809,3.1474899289013466e-05,74.23127211684555,223.321351501687,902.5735034989629,679.2521519972757,383.10100455522127,3431.9364678326306,88.41456854382905,4487416.256584834,271.9625306990872,41,0.05,diffusivity_110,0.0014784570565397,4.386277974766568e-09,2.174871014316093e-09,7.946867037868172e-10,4.43372309593527e-05,697.048462063746,0.1004186740832813,0.0498598858640471,230.74753690225683,112.06217118191974,0.012058065535895479,3.1606676535075455e-06
0.92,2.4823533294067484,9.729875260332737,81.29705713101514,93.50928572075462,0.000375996755111,4.9059390026184735,81.1146614102882,2.5241528465844403,2.299783411129822,0.1402201617861312,0.0419737597356855,2.2503996722897165e-08,0.0002017767011127,0.1987128717378492,7.732151760902781,15.30085529628352,1.6855287352087107,24.91724866413286,1147.9816619952448,4499.648877556287,37596.3927677005,0.1969314152575529,2569.5261935638428,42484.47586986982,1322.0459635547268,1204.530613052394,73.44147132341419,21.9841043734206,1.1786654707385496e-05,0.1056822187319182,0.0265465970601012,0.1040525032924421,0.8694008996474566,4.130592915127917e-06,0.0538952440700714,0.8911024927206314,0.0277296219264497,0.0252647634193959,0.0015404186311682,0.0004611117309623,2.472224777530429e-10,2.216661183174624e-06,347.8550166921994,347.8373206753679,0.0500493819458739,-0.0500493819458739,3.147765109417454e-05,74.23189530408473,212.7119526435428,888.7337403024044,676.0217876588616,384.3733942074713,3432.777785985743,88.59095219890555,4487416.2562505845,272.82968070946896,41,0.05,diffusivity_110,0.0014769567298133,4.3867118375395405e-09,2.1750842366682643e-09,7.952848232169487e-10,4.434697706379887e-05,697.5791083448198,0.1006964031715441,0.049850399397354,230.7494740766629,112.06870806971725,0.012099171592746389,3.1696862454721953e-06
0.93,2.479416283357585,9.729875260332737,81.30001554664574,93.50930709033604,0.0003737246480273,4.911410969246211,81.11806977746073,2.5211653119902326,2.2972989790962908,0.139822971043986,0.0419206085692771,2.2430171780957496e-08,0.0002021671415734,0.1957758256886853,7.735110176533397,15.30085529628352,1.6855287352087107,24.917270033714317,1146.64493028295,4499.733350318161,37598.46673760096,0.1957150885840463,2572.0466605355423,42480.55432270786,1320.3038519820211,1203.0677547521918,73.22360274710165,21.95331686828379,1.1746410305652878e-05,0.1058724925708776,0.0265151818627241,0.1040524795134354,0.8694323386238405,4.105498868429096e-06,0.0539536053697816,0.8911109969286973,0.0276959022909826,0.02523665058996,0.0015360053248599,0.0004605128721197,2.464034559974789e-10,2.220878326715465e-06,347.8417204308104,347.8449247792925,0.0480917447546211,-0.0480917447546211,3.147704380662567e-05,74.23172782543755,203.71563102888013,875.6084586940898,671.8928276652097,385.82872166255527,3433.0149633643464,88.75958193323466,4487416.146255395,273.867467002016,41,0.05,diffusivity_110,0.0014760965486571,4.38561608644036e-09,2.1745445188800087e-09,7.955217831411031e-10,4.4345345968154864e-05,697.9352336709478,0.1010328658319612,0.0498440487855558,230.74895347012844,112.0655342082379,0.012144747573626635,3.180215943701576e-06
0.94,2.4765838503828665,9.729875260332737,81.29548390259477,93.50194301331037,0.0003701671414291,4.916623151914072,81.11394978337749,2.5183699282673087,2.294882180151355,0.1393778295839031,0.0419536735061751,2.230375140615629e-08,0.0002025938234515,0.1929433927139671,7.730578532482433,15.30085529628352,1.6855287352087107,24.90990595668863,1145.4630172575255,4500.236190879261,37600.57236345169,0.1938469305861841,2574.708017486272,42477.27157122797,1318.8050100569287,1201.7702731847148,72.98855417662129,21.970050622508737,1.1679896097608205e-05,0.1060931304712127,0.0264869773885909,0.1040606745353692,0.8694523480760399,4.066620988960693e-06,0.0540135540588296,0.8911101331498231,0.027666572372471,0.0252113572397741,0.001531191571984,0.0004608990646375,2.4502689042216324e-10,2.225676464693678e-06,347.782245111932,347.83481452060846,0.0469556052162277,-0.0469556052162277,3.146812494594515e-05,74.22960205536451,197.97167075510788,863.2123218409296,665.2406510858217,387.8443010477881,3431.7832584408998,88.92220533512776,4487415.972966303,275.4050094783354,41,0.05,diffusivity_110,0.0014767425101149,4.3806715626307154e-09,2.17211024814834e-09,7.948872864575776e-10,4.43155807080722e-05,697.8891270688534,0.1015398216206468,0.0498449228074002,230.742345524523,112.03821551796102,0.012204732924944561,3.195267793747496e-06
0.95,2.473706193913743,9.729875260332737,81.25733429936625,93.46091575361272,0.0003604332899652,4.921621084219485,81.07611717855961,2.5159222610494325,2.292331915063817,0.1386405765275869,0.0423732690323769,2.1926693351783923e-08,0.0002032533199674,0.1900657362448434,7.692428929253901,15.30085529628352,1.6855287352087107,24.86887869699097,1144.7488430979931,4502.662230121767,37603.18814792519,0.1888328774602063,2578.4629138769133,42476.1999692238,1318.10477346858,1200.964626927566,72.63451997170347,22.1995762920542,1.148750882362828e-05,0.1064854727112007,0.0264678146363884,0.1041063548530084,0.8694258305106031,3.961346478348656e-06,0.0540911366750284,0.8910680567115591,0.0276512743580611,0.0251939019279276,0.0015237309507031,0.0004657039311594,2.4098559125684403e-10,2.2338580971351266e-06,347.5095920181059,347.74470300303227,0.0492435045048104,-0.0492435045048104,3.142119387393159e-05,74.21851683395248,205.24317655142056,851.785412192216,646.5422356407954,392.6590974905645,3423.8859479173298,89.08742523217938,4487416.465435455,279.4061737872055,41,0.05,diffusivity_110,0.0014841401314486,4.358010408823005e-09,2.160954996505761e-09,7.903267774271503e-10,4.41572835037298e-05,696.0717135484963,0.1028833913444873,0.0498777399976822,230.7078871693864,111.9002019169452,0.012337817628614032,3.2327189858427107e-06
0.96,2.470510757677383,9.729875260332737,81.1377628869121,93.33814890492222,0.0003364869543175,4.926488876050708,80.95663297852276,2.514137498080802,2.289248886201225,0.137166639427944,0.0437587451022225,2.0959175797164414e-08,0.0002045032063631,0.1868703000084839,7.5728575167997505,15.30085529628352,1.6855287352087107,24.746111848300465,1145.0744674332643,4509.768555872254,37607.11437411601,0.1765638512610595,2585.062624239048,42480.14587313633,1319.236284097043,1201.2311165601718,71.97506414789731,22.96140299783651,1.0997849249492088e-05,0.1073083911498305,0.0264683924704135,0.1042432850285466,0.8692883225010398,3.703031300862253e-06,0.0542158983499557,0.8909259098615465,0.0276680261466519,0.0251931320733093,0.0015095157560148,0.0004815639974174,2.3065525430128314e-10,2.250553147968345e-06,346.7171759667553,347.4575188002448,0.0595504555993538,-0.0595504555993538,3.1281786478115124e-05,74.18567189719617,241.46078032261252,841.7337249101814,600.2729445875689,404.26810271891327,3399.749950515248,89.27089037184115,4487416.209214374,289.4679784407247,41,0.05,diffusivity_110,0.0015082596704399,4.2925956038753834e-09,2.128754969317634e-09,7.763357844797901e-10,4.368783219921981e-05,689.9849431205664,0.1062739705914923,0.049988814386171,230.60578884828664,111.4927818338514,0.012646228469165759,3.324439656224548e-06
0.97,2.466154720516999,9.729875260332737,80.79462563211334,92.99065561296308,0.0002791831989881,4.9315424906224745,80.61273455376688,2.5141408981934266,2.284191871516834,0.1336256804429008,0.0480579853582843,1.8514175727954007e-08,0.0002073940312981,0.1825142628480996,7.229720262000998,15.30085529628352,1.6855287352087107,24.39861855634133,1148.1302022882762,4529.790267393937,37614.32691106958,0.1471785132895474,2599.787861965459,42497.05020513235,1325.3932218617433,1204.1697528231307,70.44417091060672,25.33498742889489,9.760217908160994e-06,0.1093330304338436,0.0265204573971539,0.1046328278491712,0.8688467147536749,3.084052772675545e-06,0.0544772656338024,0.8905046163758081,0.0277729578143413,0.0252327801250452,0.0014761226741588,0.000530882100107,2.0452052700357842e-10,2.291019443790388e-06,344.4830878621128,346.5976753713151,0.0906813046653851,-0.0906813046653851,3.088699012499329e-05,74.09298255931468,343.9761388771659,834.141459081421,490.1653202042551,433.5985159488596,3330.413585846884,89.5209911114235,4487410.982026222,316.0891758166402,41,0.05,diffusivity_110,0.0015815152755328,4.1118797375835115e-09,2.039803773000987e-09,7.37068835155119e-10,4.2369540322674766e-05,672.2431985894359,0.1151958347163648,0.0503238464760641,230.3176645065727,110.34084127437816,0.01339255308032417,3.5580526093247183e-06
0.98,2.458704115315081,9.729875260332737,79.9583601233906,92.14693949903842,0.0001762151388859,4.93800021323247,79.77203285105752,2.519460550005551,2.2724144970947138,0.1253945953146429,0.0607188077668455,1.3594678416159791e-08,0.000213855657181,0.1750636576461819,6.393454753278253,15.30085529628352,1.6855287352087107,23.554902442416665,1157.0067161591298,4578.644072490558,37626.47123725903,0.0939690086319763,2633.252668275546,42539.47130174467,1343.5350201360473,1211.7945077984514,66.86829454052736,32.379091871665125,7.249538612366082e-06,0.1140413032767518,0.0266824283984031,0.1055908672955358,0.867726704306061,1.9647481290456165e-06,0.0550572824872628,0.8894352283530602,0.0280912606778455,0.0253367682243971,0.0013981136813469,0.0006769972472967,1.515767552776262e-10,2.3844290847469548e-06,338.9703981852509,344.21964750095856,0.1585694351076073,-0.1585694351076073,2.992077570486264e-05,73.86768162960544,532.9714587609433,829.6498025093468,296.6783437484036,491.1105125457764,3157.193505257947,89.94876566952009,4487518.374968927,374.7832879136912,41,0.05,diffusivity_110,0.0017866420368556,3.6891007302809835e-09,1.8317180809045039e-09,6.455503227803058e-10,3.920774475826223e-05,628.9741867065655,0.1346133738167535,0.0512184559292657,229.6173176970722,107.51798222744476,0.01469440749218231,4.027736564845911e-06
0.99,2.446672310407218,9.729875260332737,78.52282615011814,90.69937372085808,7.67661312800123e-05,4.9476817465107485,78.31937703924527,2.5388229476907727,2.243370566131213,0.1112216920061685,0.0920032861385746,7.726187549474431e-09,0.0002241250024295,0.163031852738319,4.957920780005789,15.30085529628352,1.6855287352087107,22.10733666423634,1172.6338075031354,4663.305594509938,37634.185915560745,0.0417549712527914,2691.164783854461,42599.819507404245,1380.9277272301088,1220.2239703403789,60.4961911583732,50.04283143911373,4.202461862318413e-06,0.1219070555912721,0.0269756251894003,0.1072761019307364,0.8657482728798631,8.698437926386066e-07,0.0560626175032253,0.8874437570966673,0.0287676263585822,0.0254198294091378,0.0012602627849701,0.001042497335942,8.754611139850246e-11,2.539580136289243e-06,329.22717188672505,339.0877005835005,0.2286123147497712,-0.2286123147497712,2.8233723071261803e-05,73.48280899716579,706.475196778347,825.3386103262999,118.8634135479528,526.0564574458294,2846.6889086890783,90.63956861613718,4487653.843958934,437.4287014732501,41,0.05,diffusivity_110,0.0022511677240016,3.019022581067535e-09,1.5018736279350755e-09,5.032157961331993e-10,3.395417879382759e-05,556.1815765168863,0.1559727759847695,0.0530292157157602,228.420943050323,102.5779344253112,0.014852532339374568,4.403692163809936e-06
1.0,2.432468815083184,9.729875260332737,76.95348624320872,89.11583031862463,2.877592143528956e-05,4.960057400703838,76.71031420320865,2.5803157425899714,2.189502117038925,0.0952963287025029,0.1476415934203182,3.9346847363818135e-09,0.0002341139425921,0.1488283574142845,3.388580873096369,15.30085529628352,1.6855287352087107,20.523793262002883,1189.2531897169913,4757.012758867965,37623.16639255617,0.0159941572264792,2756.886103460444,42636.925772048686,1434.1843326807216,1216.9633277036853,52.96735563452324,82.06176346577645,2.1869661568210223e-06,0.1301245979264355,0.0272955860522887,0.1091823442091551,0.8635220697385562,3.319658050119801e-07,0.0572203900275803,0.8849482462083962,0.029767129945785,0.0252586119437654,0.0010993608855776,0.0017032281841345,4.539144954640775e-11,2.7007935642269625e-06,318.1499999999999,331.2894305057267,0.2391726414367277,-0.2391726414367277,2.6336007546875075e-05,73.06817248396845,775.4576249595725,815.2758443731196,39.818219413547176,475.1825054690017,2489.547829855377,91.45505860265558,4487380.702778732,439.1285031424002,41,0.05,diffusivity_110,0.0030081974362783,2.3689392607100013e-09,1.1816473514217948e-09,3.6956979853819436e-10,2.8498286858223987e-05,479.7969639649875,0.1602784913714625,0.0555047747956188,227.1320475295858,97.0007677508748,0.012514410050174634,4.221095558360588e-06
0.0,4.017724024441059,9.729875260332737,75.23543378819764,88.98303307297144,0.0009120162804559,2.1770138741983804,74.47689858387018,4.294511380941604,3.258350005192751,0.4808357797524017,0.2776262232154523,2.5897102142557964e-08,7.317546264754331e-05,1.7417130263823344,1.6681384637478156,15.30085529628352,1.6855287352087107,20.39623552162238,1948.576502160016,4718.941914849426,36488.81742938845,0.548506341979208,1309.3032900439282,44792.01970361138,2582.812147795047,1959.642256981209,289.18505107482315,166.97042300307274,1.5575078064369296e-05,0.0440093079471961,0.0451515742461406,0.1093452866722766,0.8455031390815827,1.0733868930809911e-05,0.0256221101387784,0.8765471460365445,0.0505437493526493,0.0383487692445134,0.0056591404646044,0.0032674893591381,3.0479291438422385e-10,8.612300480178607e-07,323.731215318729,316.75,0.6411509584686922,-0.6411509584686922,2.6322514348423366e-05,72.97709058244817,8155.715874154701,9414.203359062049,1258.4874849073458,97.90362709229574,2294.3900345186,0.0,4487413.782386976,105.13369410378934,41,0.05,kl_090,0.0044104789461394,2.436486007145669e-09,1.3351030067986967e-09,2.9847291486055835e-10,2.451230931118552e-05,356.2483553289378,0.040924585749381,0.0601517930939612,226.84891989573495,97.28840701452631,0.0025770696288996454,1.0772379955913638e-06
0.01,3.9808367214315994,9.729875260332737,75.54594832751533,89.25666030927967,0.0009915341696522,2.2423332439682326,74.82405839759228,4.229511666879811,3.258030349484692,0.4722233947814667,0.249591442995799,2.776192542532684e-08,7.506438398031605e-05,1.7048257233728736,1.9786530030655023,15.30085529628352,1.6855287352087107,20.66986275793061,1924.344583524888,4703.441528960943,36519.06537352895,0.5926664145399043,1340.302376439967,44724.33504473191,2528.091912095778,1947.4116221013105,282.2605158883848,149.1874613580359,1.6594043156701222e-05,0.0448679840543117,0.0445998842846882,0.1090100752887026,0.8463900404266091,1.1627242037985094e-05,0.0262947583204157,0.8774255732995037,0.049597439360605,0.0382053474302828,0.0055375355435799,0.0029268382342688,3.2555068321446864e-10,8.802437552681887e-07,325.70609957406884,320.7992857005689,0.5901460304593971,-0.5901460304593971,2.6684572636325945e-05,73.05741806333243,7701.205172440476,9102.96503308254,1401.759860642064,96.77321293672117,2365.1751242396126,2.1178748996370733,4487414.24683792,101.84844960236413,41,0.05,kl_090,0.0041161124723383,2.543147431119551e-09,1.3929073925687116e-09,3.1918178775461915e-10,2.535484673495345e-05,371.20530151175416,0.0393075725738878,0.0594524347702633,227.0986174670016,98.45325710083956,0.002582351829860573,1.0489057755055625e-06
0.02,3.946629928000548,9.729875260332737,75.80954821906295,89.48605340739623,0.0010509912694538,2.301821359228435,75.11768608931692,4.174260182833734,3.2537937182705647,0.4631808251999439,0.2286043932606028,2.9221929873789308e-08,7.688206394985206e-05,1.6706189299418228,2.2422528946131157,15.30085529628352,1.6855287352087107,20.89925585604717,1902.6217247995703,4690.653136377971,36546.8503559196,0.6249112470518542,1368.64510476238,44664.39280139542,2481.982688332912,1934.6804766423415,275.40372170418766,135.9263969416698,1.737513257192006e-05,0.0457134781755019,0.0441032962983967,0.108730633320438,0.8471660703811653,1.2286479306521556e-05,0.0269091488382824,0.8781537225992018,0.0487986559422839,0.0380380602095723,0.0054147563251918,0.0026724704845891,3.4161524184449556e-10,8.987799568053283e-07,327.2978794333268,323.6725946970573,0.5523803166010571,-0.5523803166010571,2.6979727133253725e-05,73.12452096357342,7314.999286204735,8829.524420178856,1514.5251339741212,96.45636267969552,2423.58437477194,4.0818490396307805,4487414.05240635,99.88445170762868,41,0.05,kl_090,0.0038905711309844,2.631590311178042e-09,1.4408269669942521e-09,3.3701919653193107e-10,2.605376813782508e-05,384.234935437692,0.0382757156446748,0.0588893528434429,227.307206495696,99.379481237922,0.0026023663453643444,1.0326683639233368e-06
0.03,3.914400038851544,9.729875260332737,76.03957527890296,89.68385057808723,0.0010953374199997,2.357226657988801,75.37337219689375,4.125468304273361,3.247180298070572,0.4540394184016784,0.2120849849593001,3.038294743458386e-08,7.864826545750661e-05,1.638389040792818,2.472279954453142,15.30085529628352,1.6855287352087107,21.09705302673819,1882.7086244369905,4679.7772035325925,36572.74748498076,0.6482773966145952,1395.1287823908972,44609.86414750103,2441.665739960624,1921.8494242365853,268.7240358518015,125.52287486945,1.7982201378981265e-05,0.0465481155378179,0.0436466544826071,0.1084908285897134,0.8478625169276794,1.277055437626536e-05,0.0274829387395838,0.8787792059209465,0.0480988929487061,0.0378589207388308,0.0052936519612993,0.0024727018207893,3.5423521121431e-10,9.169612324796022e-07,328.62706593403607,325.8380221002265,0.523357966016877,-0.523357966016877,2.7228953388712623e-05,73.18227199394964,6979.929592275616,8583.41617948158,1603.4865872059636,96.71023235650075,2473.45749763854,5.932319734906488,4487413.883386641,98.8033367694192,41,0.05,kl_090,0.0037093266403045,2.7071588092557755e-09,1.481763807627656e-09,3.5279655717995356e-10,2.665212021322917e-05,395.9107651408413,0.0376279848306582,0.058417493787805,227.48672528384105,100.1468979794345,0.0026333184090467266,1.0245706450651777e-06
0.04,3.8837076366331873,9.729875260332737,76.24435211992828,89.8579350168942,0.0011279373933203,2.409595795853081,75.60069821292872,4.081273265011548,3.239006199468105,0.444960278600709,0.1986132211710535,3.131364016572941e-08,8.037591426745713e-05,1.6076966385744622,2.677056795478465,15.30085529628352,1.6855287352087107,21.27113746554516,1864.1729021255733,4670.323180428276,36597.1562383894,0.6648107693897655,1420.225310771688,44559.351115567726,2405.518635582241,1909.0830894326036,262.2613514865544,117.06341961854268,1.845638360272e-05,0.0473738823812331,0.0432205306732567,0.1082806460943423,0.8484988232324009,1.311931063445988e-05,0.0280265872347989,0.8793298723059146,0.0474702692409052,0.0376736587769937,0.0051754398333883,0.0023101180615914,3.642164670333077e-10,9.348715567442672e-07,329.7649599469065,327.5380361879264,0.5004549431183771,-0.5004549431183771,2.744464963762504e-05,73.23303618883656,6684.666125071118,8358.044056320034,1673.3779312489155,97.38740038270902,2517.0740431670824,7.694516018303776,4487413.851127769,98.35050896391978,41,0.05,kl_090,0.0035587314769116,2.773108187992979e-09,1.517484902493411e-09,3.6701547869814636e-10,2.7175894774505665e-05,406.5779174553895,0.0372495072065323,0.0580108577014591,227.6445255289257,100.80090152969387,0.00267276308262256,1.022299674457468e-06
0.05,3.8542572865073086,9.729875260332737,76.42896728630402,90.01309983314405,0.0011509094893189,2.45959334944844,75.80551127488157,4.040549438438212,3.2297324724460825,0.436012885996022,0.187361018580401,3.205581442640932e-08,8.207489111813156e-05,1.5782462884485835,2.8616719618541944,15.30085529628352,1.6855287352087107,21.426302281795007,1846.737824349136,4661.9951222141335,36620.353617198176,0.6757988000452618,1444.2406197729322,44511.99163080758,2372.5570840813107,1896.4561067593972,256.0209885268597,110.01590716470533,1.8822749421120925e-05,0.0481932883916878,0.042818848519292,0.108093991634205,0.849087159846503,1.3357817742914188e-05,0.0285468144876081,0.8798226210798642,0.0468958884089398,0.0374852915243886,0.005060502775195,0.0021745709471947,3.7204987071749343e-10,9.525870166161186e-07,330.75403384435515,328.9091357503538,0.4821475242635238,-0.4821475242635238,2.763420604671749e-05,73.2782456625768,6421.948408091789,8149.15641011569,1727.208002023901,98.40705125794624,2555.802114339683,9.385400204147476,4487413.914243984,98.38409527377188,41,0.05,kl_090,0.003430771744696,2.8313846515799803e-09,1.5490465274898495e-09,3.7997498659744966e-10,2.764065394253758e-05,416.4437519560786,0.0370758463701517,0.0576539093432277,227.785058951198,101.36811145122329,0.0027194007309119758,1.0245615779492147e-06
0.06,3.825789469082967,9.729875260332737,76.5979276474488,90.1535923768645,0.0011664726077336,2.5077893059702707,75.99287851268953,4.002428306800811,3.2196576475616534,0.4272437592003426,0.1777215897162756,3.2652499617889886e-08,8.375325876328675e-05,1.5497784710242417,3.0306323229989776,15.30085529628352,1.6855287352087107,21.566794825515448,1830.1629214107195,4654.531326231288,36642.55134009354,0.6825577043521883,1467.424867359509,44466.989075306585,2342.0080838692074,1883.9723437564564,250.0003150911327,103.99321808872028,1.9106505401656943e-05,0.0490079506835171,0.042436350767812,0.10792554133239,0.849638107899798,1.3511948724800726e-05,0.0290492209505973,0.8802708877223303,0.04636251695722,0.0372952170131024,0.0049490195732263,0.0020586552925593,3.782334001230573e-10,9.70164005945446e-07,331.63121908984874,330.0642141621653,0.4671499049939093,-0.4671499049939093,2.780402398111751e-05,73.31918555617816,6184.725853462866,7953.114740001842,1768.3888865389752,99.68872683204262,2590.826937068043,11.019872530709307,4487413.850553244,98.77724673884674,41,0.05,kl_090,0.0033194445409998,2.883814401288614e-09,1.5774392233672624e-09,3.9197338180427727e-10,2.806058928543837e-05,425.7032779102627,0.0370519035326993,0.0573340739843049,227.91232040503223,101.87161923933158,0.002771747751485185,1.030192014369224e-06
0.07,3.79814565861515,9.729875260332737,76.7539447677872,90.28196568673508,0.0011758788939809,2.554518725870837,76.16585492413182,3.966391148652805,3.2089653858090923,0.4186684084696049,0.1693359854424712,3.3127076810428776e-08,8.5416616243604e-05,1.5221346605564243,3.1866494433373798,15.30085529628352,1.6855287352087107,21.69516813538603,1814.3028387791564,4647.7786510760725,36663.91771043055,0.6858341790994219,1489.929160494072,44423.91716926601,2313.4071300607875,1871.6367411646927,244.189351222649,98.76561877452232,1.932144683142182e-05,0.0498194458483339,0.0420698157126324,0.1077720803520599,0.8501581039353076,1.3596334042094588e-05,0.0295371318351842,0.8806828759756555,0.0458621880830907,0.0371043017595708,0.0048409369056309,0.00195798107714,3.8303842722090216e-10,9.876466472339475e-07,332.4171658459136,331.05311124667867,0.454757022205677,-0.454757022205677,2.795772204601959e-05,73.35659051737295,5968.880278376138,7767.699618915994,1798.8193405398565,101.19403309499376,2622.819619316597,12.607034712371101,4487413.884995918,99.46562009389643,41,0.05,kl_090,0.003221196773687,2.9313917566818875e-09,1.6032022923581235e-09,4.031684670692857e-10,2.8443543078651655e-05,434.46101218660107,0.0371488714843282,0.0570440836687813,228.028593539218,102.3235592620992,0.0028291546499855428,1.038597823282151e-06
0.08,3.771181368114001,9.729875260332737,76.89938017420457,90.4004368026513,0.0011803290084211,2.6000802607372075,76.32707192432514,3.932015106897383,3.197779892698144,0.410294115083505,0.1619270313239302,3.350205545593882e-08,8.70699699300551e-05,1.495170370055276,3.332084849754744,15.30085529628352,1.6855287352087107,21.81363925130225,1799.0290887550298,4641.603496267423,36684.5845735107,0.6863332382721151,1511.8848154941622,44382.37649663896,2286.3732416961147,1859.432932155751,238.57626699011408,94.15671645739296,1.948064823095729e-05,0.0506291161125385,0.0417164064853655,0.1076308434391035,0.850652750075531,1.3624876730884523e-05,0.0300134731843439,0.8810653121110553,0.0453883796409573,0.0369128916934731,0.0047361428055537,0.0018691702274926,3.8672384781003904e-10,1.005073669116811e-06,333.12994658765064,331.9210611607759,0.444368566347171,-0.444368566347171,2.809845285850696e-05,73.39111368231993,5770.583670883617,7590.991090197385,1820.4074193137687,102.8867023871401,2652.366689826582,14.155182432041947,4487413.895626138,100.39226924839733,41,0.05,kl_090,0.0031332356179818,2.97503405266017e-09,1.626833120345556e-09,4.1371273777473667e-10,2.879661131714525e-05,442.8150414622924,0.037342010966358,0.0567778787154203,228.1359086242275,102.7347312366988,0.002890957156792292,1.0492527347800603e-06
0.09,3.7447897770903102,9.729875260332737,77.03601016080746,90.5106751982305,0.0011807308201166,2.644690585495689,76.4784995699382,3.8989974685448425,3.186187206292202,0.4021221010062021,0.1552997389717893,3.379418443621514e-08,8.871709704440429e-05,1.4687787790315852,3.468714836357643,15.30085529628352,1.6855287352087107,21.923877646881454,1784.2465148990811,4635.906701588072,36704.65922868174,0.6845854162466716,1533.386420061682,44342.084215971336,2260.6310934482967,1847.345099913464,233.14960633627865,90.04248439665112,1.959380192743405e-05,0.0514379990541262,0.0413740121691581,0.1074997533608384,0.8511262344700035,1.3608052830192546e-05,0.0304803504691963,0.8814231362392374,0.0449363755335036,0.0367211587022205,0.0046345015319746,0.0017898466072346,3.89481700084562e-10,1.0224743209483287e-06,333.7825847110752,332.6954866753927,0.4355588257361248,-0.4355588257361248,2.822850115924755e-05,73.42323513536095,5586.956286453551,7421.571788595069,1834.6155021415184,104.74139545268358,2679.8927622502333,15.670448760302014,4487413.874922596,101.51751671784946,41,0.05,kl_090,0.0030535807982045,3.015408667708897e-09,1.6486935000038066e-09,4.23717592417856e-10,2.912495004359597e-05,450.8359638948066,0.0376140597007853,0.0565311218738464,228.23575799982856,103.11264430923518,0.0029566926029572843,1.0617885278676245e-06
0.1,3.718889375727743,9.729875260332737,77.16512429760562,90.61388893366608,0.0011777475384251,2.6885102904728915,76.62157028771145,3.867116956534244,3.174248013325598,0.394148613588706,0.1493150012779055,3.40154721481508e-08,9.036107960157025e-05,1.4428783776690175,3.597828973155798,15.30085529628352,1.6855287352087107,22.02709138231704,1769.8841977260802,4630.61702816555,36724.22605557478,0.6809774031181142,1554.5052705529208,44302.83762437751,2235.9794240250712,1835.360379405077,227.89799219886905,86.33441251150778,1.96678550653216e-05,0.0522470659648417,0.0410410525305911,0.1073773057842765,0.8515816416851324,1.3553502293707475e-05,0.0309393390346683,0.8817599653238453,0.0445027281572662,0.0365292019942869,0.0045358567639034,0.001718314958239,3.9144958044064017e-10,1.0398740474375835e-06,334.3843335230039,333.39452217158663,0.4280321996896712,-0.4280321996896712,2.834949791684744e-05,73.45329975118428,5415.8647334303805,7258.38640399626,1842.52167056588,106.74211266559776,2705.70163140391,17.157513562037163,4487413.91104675,102.81537614834085,41,0.05,kl_090,0.00298081334058,3.0529886519532172e-09,1.6690398617900766e-09,4.332616183519724e-10,2.9432225159466977e-05,458.5737898864544,0.0379535103202262,0.0563007005472814,228.32921370725904,103.46256702712827,0.0030260853006532583,1.0759629617603005e-06
0.11,3.693406394533655,9.729875260332737,77.28789421201311,90.7111758668795,0.0011720018742307,2.731683773974526,76.75757377573113,3.8361854912438096,3.162005995114398,0.3863692694200261,0.1438591281281391,3.4177368222725124e-08,9.200463047528372e-05,1.4173953964749295,3.720598887563287,15.30085529628352,1.6855287352087107,22.124378315530446,1755.8784649425434,4625.669804839505,36743.356823252136,0.6758683822628183,1575.303533009733,44264.449020844855,2212.246020279434,1823.4611425224648,222.8108835153305,82.96047842544706,1.970935634028316e-05,0.0530571001013388,0.0407161119811058,0.1072621445742421,0.852021743444652,1.3468353606403971e-05,0.031391829499345,0.88207891839739,0.0440844881154643,0.0363369852763432,0.004440059404011,0.0016531932667858,3.927578024242148e-10,1.0572942961212922e-06,334.94353517121,334.033923231743,0.4215245826425232,-0.4215245826425232,2.8462909981263928e-05,73.48162266995186,5255.340880660702,7100.506730246112,1845.16584958541,108.8729936961324,2730.066826632376,18.620612293463545,4487413.890198268,104.26150569892384,41,0.05,kl_090,0.0029137555976741,3.088217123864537e-09,1.688112358123541e-09,4.4242102648621766e-10,2.972182492656748e-05,466.0758072531012,0.0383498772733879,0.0560839181000864,228.41725535813117,103.78923813865217,0.0030988422189637322,1.0915491046249592e-06
0.12,3.668289159986272,9.729875260332737,77.40513283235948,90.80329725267848,0.0011639274346254,2.774309537961758,76.88740925188111,3.8060703865660535,3.149495335804921,0.3787783582325648,0.1388515385280448,3.428760457099358e-08,9.364976008134754e-05,1.3922781619275466,3.83783750790965,15.30085529628352,1.6855287352087107,22.216499701329425,1742.184714235322,4621.020647682953,36762.10716834439,0.6695085970330842,1595.82464614217,44226.79624722636,2189.30903157126,1811.6371699027711,217.8790186248954,79.86949700667012,1.9722746752969822e-05,0.0538687529989581,0.0403981933583151,0.1071533254266901,0.8524484812149947,1.3357569051256592e-05,0.031838781457033,0.8823822239268261,0.0436795684078537,0.036144522564814,0.0043469703734935,0.0015935005556067,3.934945014906549e-10,1.074751827052508e-06,335.4658166249704,334.6229350663538,0.4158604580579904,-0.4158604580579904,2.8569734770083638e-05,73.50841833074588,5103.999371949685,6947.273099421084,1843.2737274713995,111.12508537699424,2753.174097599098,20.06271177638199,4487413.901462875,105.84121937208678,41,0.05,kl_090,0.002851574242405,3.1213871933256873e-09,1.7060698425073652e-09,4.512449479780543e-10,2.999600944092024e-05,473.3725809221923,0.0387966054794359,0.05587890693822,228.50054953525583,104.09577574181456,0.003174814215523625,1.108408728527057e-06
0.13,3.643490079747677,9.729875260332737,77.5175708077602,90.8909361478406,0.0011539202495744,2.8164775146035166,77.01188060448979,3.776656457136738,3.136741288592481,0.3713698372611184,0.1342250336579731,3.4353367347339576e-08,9.529832056001208e-05,1.3674790816889515,3.9502754833103664,15.30085529628352,1.6855287352087107,22.304138596491548,1728.7625989151431,4616.62968033602,36780.5247820224,0.662124660700715,1616.1075424542637,44189.76556999912,2167.062564494318,1799.8763451643022,213.093693070791,77.01893168189011,1.9712117633061607e-05,0.0546826075627095,0.0400863962257059,0.1070500060039693,0.8528635977703247,1.3225659205126562e-05,0.0322810625611117,0.8826718206881803,0.0432861553953574,0.0359517664352206,0.0042564561186009,0.0015384204866944,3.9374118727180237e-10,1.0922618881264884e-06,335.9562369718121,335.1700204745405,0.4108830511183108,-0.4108830511183108,2.867086652267176e-05,73.53388117115185,4960.5779064684175,6798.099973822872,1837.5220673544543,113.48987979178068,2775.190498734539,21.486544512484596,4487413.905047589,107.54104252670498,41,0.05,kl_090,0.0027935655753241,3.152770115542893e-09,1.7230593043560295e-09,4.597801817935163e-10,3.025685002427048e-05,480.492837073678,0.0392877940513717,0.0556840345810962,228.57970064689195,104.38500148577177,0.0032538531951842066,1.1264150992170956e-06
0.14,3.61897181694605,9.729875260332737,77.62579494507489,90.97464202235368,0.001142303520386,2.8582573396186124,77.13163305210433,3.747853314421263,3.12376460629286,0.3641380235431999,0.1299268836026961,3.438048665730132e-08,9.695176029804848e-05,1.3429608188873252,4.0584996206250725,15.30085529628352,1.6855287352087107,22.387844471004627,1715.580136122001,4612.464967372407,36798.64850973925,0.6539007795843832,1636.1822136359997,44153.26932227566,2145.422963626864,1788.169321760239,208.4473462803912,74.37540807723498,1.9680782407203487e-05,0.0554991125472048,0.0397800061258479,0.1069515091682578,0.8532684847058942,1.3076295798511903e-05,0.0327193410281098,0.8829492610429465,0.0429028166981786,0.0357586834565684,0.0041683986982087,0.0014873125503399,3.9356388665924776e-10,1.1098362853817384e-06,336.4188054492945,335.6813059373937,0.4064681588974156,-0.4064681588974156,2.8767015735205613e-05,73.55816639744593,4824.052295592091,6652.521387421056,1828.4690918289652,115.96085645048284,2796.2485271712526,22.89425418854717,4487413.898393527,109.35057828741483,41,0.05,kl_090,0.0027391750235456,3.1825815697919204e-09,1.7391976094242439e-09,4.680638048965102e-10,3.05059912295213e-05,487.4590193836014,0.039818859558192,0.0554980116557645,228.6551911509702,104.65912113790056,0.0033358477821789595,1.1454697594684515e-06
0.15,3.5947048094203065,9.729875260332737,77.73026310414394,91.05484317389698,0.0011293342121724,2.8997029551118727,77.24717160318389,3.7195896856358543,3.110582619585008,0.3570772221084557,0.1259156335274312,3.4373550027608585e-08,9.861126107901368e-05,1.318693811361581,4.16296777969411,15.30085529628352,1.6855287352087107,22.46804562254792,1702.6120728601888,4608.501661180269,36816.50967303116,0.6449829564313558,1656.0721924496008,44117.24056489772,2124.324160460855,1776.5093384929226,203.9331846210257,71.91266916214471,1.9631348878734223e-05,0.0563186539667617,0.0394784580821815,0.1068573062253324,0.853664235692486,1.2912392443922753e-05,0.0331541381848167,0.8832157780862776,0.0425284218202386,0.0355652587873545,0.0040826897608819,0.0014396730900445,3.9301454154433517e-10,1.1274849275954634e-06,336.85663457177185,336.1614456397586,0.4025197664197736,-0.4025197664197736,2.8858735156820254e-05,73.58139495373818,4693.603471384474,6510.166593825105,1816.563122440632,118.53357469473752,2816.451356314195,24.287538108352745,4487413.910090359,111.26237916072203,41,0.05,kl_090,0.0026879658555514,3.210988106379686e-09,1.7545750020047574e-09,4.761241099291012e-10,3.074470512953214e-05,494.2881861096498,0.0403864338253996,0.055319827536045,228.7273970016499,104.91984206180562,0.0034207290393066005,1.1655013976956542e-06
0.16,3.5706621192825723,9.729875260332737,77.83139924741717,91.13193662703247,0.0011152505160573,2.940863398589428,77.35896128270439,3.691802645775107,3.0972092159682,0.350182119348641,0.1221555334621448,3.433690778140501e-08,0.0001002778708851,1.2946511212238474,4.264103922967335,15.30085529628352,1.6855287352087107,22.54513907568341,1689.835391441696,4604.716721986227,36834.13569249726,0.6355055092667363,1675.7982757197497,44081.61698064832,2103.707540804161,1764.8891363510218,199.5450016732545,69.6081403997465,1.9566271211789777e-05,0.0571415466637443,0.0391812382293147,0.1067669098282562,0.854051851942429,1.2736638631407171e-05,0.0335859197847159,0.8834724759796939,0.0421619676661886,0.0353714559927826,0.0039992298099008,0.0013950685197029,3.9214219570844526e-10,1.145216241375386e-06,337.27260134921966,336.61464728311137,0.3989483839394359,-0.3989483839394359,2.8946534382271256e-05,73.60367941933845,4568.476248704221,6370.702625640223,1802.226376936003,121.20342671233198,2835.894182908754,25.66794290372091,4487413.902838964,113.26912867046543,41,0.05,kl_090,0.002639557170745,3.23814763857628e-09,1.7692770368878543e-09,4.839885842492877e-10,3.097418687473687e-05,500.996616968924,0.0409872931884256,0.0551485751848702,228.7966681511508,105.16874061675688,0.003508419158577612,1.1864400915149942e-06
0.17,3.546824649964421,9.729875260332737,77.92951906625608,91.20621897655325,0.0011002372130897,2.9817724266255965,77.46735039735233,3.6644451035524472,3.0836577301546915,0.343447909868705,0.1186187727401435,3.4273867419299865e-08,0.0001019523226306,1.270813651905696,4.362223741806252,15.30085529628352,1.6855287352087107,22.619421425204177,1677.2332131257858,4601.092965327358,36851.547668745065,0.6255724461175028,1695.3750050423632,44046.35591830189,2083.528769814053,1753.3049112424353,195.27747883308115,67.44421560703202,1.9487422188880866e-05,0.0579680118947482,0.0388879693705559,0.1066799541688493,0.8544320764605947,1.2551118021416344e-05,0.0340150080312987,0.8837202069479858,0.0418026971188572,0.0351772796342108,0.0039179326055199,0.0013531611169886,3.9098418951123307e-10,1.1630361331822345e-06,337.6688426066647,337.0438652364671,0.3956868933466822,-0.3956868933466822,2.903079294305021e-05,73.62510341611977,4448.089055066817,6233.877988159258,1785.7889330924409,123.96747944050736,2854.6476817762714,27.036564999156653,4487413.906785931,115.36587125145292,41,0.05,kl_090,0.0025936537442955,3.2641753185241402e-09,1.7833661030285963e-09,4.916765521573845e-10,3.1195310955222206e-05,507.5955583502263,0.0416191661999954,0.0549835681541922,228.86326453764556,105.40697618290908,0.0035988742273092037,1.2082373964144605e-06
0.18,3.523174984828579,9.729875260332737,78.02491128924494,91.27796153440626,0.0010844626480448,3.022460593595199,77.5726564813047,3.6374752833232464,3.069939383414289,0.3368699787322319,0.1152811600459701,3.418751045689355e-08,0.0001036352722959,1.2471639867698543,4.457615964795117,15.30085529628352,1.6855287352087107,22.6911639830572,1664.7901932008824,4597.614647078889,36868.7640264975,0.615277870417548,1714.8152781480633,44011.41797598853,2063.748391938196,1741.7527192324187,191.1256634755028,65.40561519590088,1.9396535848162488e-05,0.0587982350091588,0.0385983092260507,0.1065961059687464,0.8548055848052027,1.23577218883747e-05,0.0344416910085009,0.8839597349587521,0.0414499365268011,0.0349827236399509,0.0038387172829058,0.0013136575218941,3.8957519380116126e-10,1.180949731342325e-06,338.0473177399968,337.45184089298834,0.3926731455743195,-0.3926731455743195,2.911185781660279e-05,73.64574399718309,4331.910707834721,6099.466583117239,1767.555875282518,126.82281592439844,2872.776610806749,28.39440436635504,4487413.907883756,117.54786267908,41,0.05,kl_090,0.002549996430626,3.289178793776865e-09,1.7969005191726431e-09,4.992064219199853e-10,3.140888911925193e-05,514.0955940923097,0.0422799173763695,0.0548241903872498,228.92742568031187,105.63561515278955,0.003692047785092276,1.2308469431585826e-06
0.19,3.499699891937593,9.729875260332737,78.11781617230145,91.34739132457176,0.0010680709911639,3.0629505739798444,77.67514400796601,3.610859668772175,3.056065017580717,0.330444248654812,0.1121225547226286,3.4080484838548675e-08,0.0001053271718723,1.223688893878868,4.550520847851624,15.30085529628352,1.6855287352087107,22.76059377322272,1652.4940791072602,4594.268581484063,36885.799549528754,0.6047020068549774,1734.1285123423777,43976.77294201105,2044.3342308161532,1730.2301668135583,187.0852237054853,63.479613635599655,1.9295100931448547e-05,0.0596323210109239,0.0383119850626341,0.1065150861917987,0.855172928745567,1.2158065716526252e-05,0.0348661790021426,0.8841916999920783,0.0411031378150657,0.0347877993364762,0.003761512974353,0.0012763134659587,3.879449753303351e-10,1.1989602638340151e-06,338.40966243864744,337.8407579210291,0.3898541423128723,-0.3898541423128723,2.9190018347001964e-05,73.66566553770662,4219.492881674766,5967.2841249606745,1747.7912432859082,129.7669140584803,2890.334782211285,29.742220713560407,4487413.905342868,119.8110759171212,41,0.05,kl_090,0.0025083691192852,3.3132478949620772e-09,1.809928950278342e-09,5.065932897325831e-10,3.161559624772196e-05,520.5051508431184,0.042967729933982,0.0546699307884246,228.98935168906823,105.85554095293324,0.0037878986022008678,1.25422882510196e-06
0.2,3.4763895865671186,9.729875260332737,78.20842775316679,91.41469260006664,0.0010511830698768,3.103258423534329,77.77502749889666,3.5845716253607582,3.042045211437648,0.3241669645633001,0.1091262274988283,3.395501012476012e-08,0.0001070283171636,1.2003785885083935,4.641132428716964,15.30085529628352,1.6855287352087107,22.827895048717583,1640.3352814859306,4591.044034780175,36902.66587173429,0.5939117853316207,1753.3213799596092,43942.39857905716,2025.260294495116,1718.736302322769,183.1522844939619,61.65562827027493,1.918436594161664e-05,0.0604703222009957,0.0380287838605561,0.106436667712709,0.8555345484267347,1.195349999417092e-05,0.0352886196616295,0.8844166324554835,0.0407618597851606,0.0345925352673797,0.0036862559149394,0.0012409259596655,3.8611848398199805e-10,1.2170696287387376e-06,338.7572112091806,338.2123975179994,0.3871857078362246,-0.3871857078362246,2.926551013683823e-05,73.68492048135164,4110.46297169134,5837.181865352418,1726.7188936610785,132.79778512910954,2907.3659359982826,31.08057582817373,4487413.909836395,122.15230358629285,41,0.05,kl_090,0.0024685924510383,3.3364553065789513e-09,1.822490772851358e-09,5.138489960443876e-10,3.181597737205283e-05,526.8306404547258,0.0436811294754427,0.0545203706171893,229.04920558477252,106.067472753028,0.003886394926845621,1.2783505374521114e-06
0.21,3.4532355138864306,9.729875260332737,78.29692737229928,91.48003814651844,0.0010339107589804,3.143397976376583,77.87250667549873,3.558587604959135,3.027889678997015,0.3180346274154932,0.1062772967176984,3.38132004907364e-08,0.0001087389244297,1.1772245158277057,4.729632047849471,15.30085529628352,1.6855287352087107,22.89324059516941,1628.3051499294238,4587.93092184437,36919.37302025497,0.582968746252087,1772.3993694259257,43908.274664720666,2006.5033045376213,1707.2702209765148,179.32326015447538,59.92426511130841,1.9065513078027718e-05,0.061312249527322,0.0377485141442068,0.1063606384241875,0.8558908474316057,1.1745270582334156e-05,0.0357091358802691,0.8846350169818313,0.0404257078748286,0.0343969566661118,0.0036128870128311,0.001207314650579,3.841194083424064e-10,1.2352788470045855e-06,339.09121645682865,338.5684067717787,0.3846256378329667,-0.3846256378329667,2.933855348237248e-05,73.7035582430331,4004.477308364986,5709.026021058588,1704.5487126936025,135.91322389971117,2923.910970617493,32.40996088357407,4487413.906828783,124.56822679334822,41,0.05,kl_090,0.0024305055467625,3.358870548825459e-09,1.834623646548512e-09,5.209850395214846e-10,3.20105494875381e-05,533.0781653044972,0.0444186382156365,0.0543751272186009,229.10714097344,106.27208447738025,0.003987497388343342,1.3031785929036054e-06
0.22,3.4302329500554,9.729875260332737,78.38345404781326,91.5435622582014,0.0010163466280458,3.1833758389511297,77.96773580653333,3.532890566842379,3.013608854539227,0.3120442108481824,0.1035635380510684,3.365679685856102e-08,0.0001104590096301,1.154221951996675,4.816158723363443,15.30085529628352,1.6855287352087107,22.956764706852347,1616.3977316923897,4584.921353576797,36935.92801709102,0.571923594056844,1791.364974120323,43874.38935935045,1988.045627979238,1695.8328582085198,175.59505944941375,58.2777856106953,1.8939518952111616e-05,0.0621580394329689,0.0374710451006956,0.1062868324141606,0.8562421224851438,1.1534405895999512e-05,0.0361277816374311,0.8848472428286844,0.0400943857731469,0.0342011148370387,0.0035413553664659,0.00117533118224,3.819672790888886e-10,1.2535871294167103e-06,339.41266036805666,338.9100439228962,0.3821394963204628,-0.3821394963204628,2.94093204212086e-05,73.72161731266571,3901.2602804191247,5582.716550412748,1681.456269993623,139.1114202958543,2940.001579697902,33.73064709781275,4487413.908473998,127.05619264019715,41,0.05,kl_090,0.0023939770745735,3.3805470408087766e-09,1.8463565098851406e-09,5.280096363695214e-10,3.219970824496328e-05,539.2517590179086,0.0451790565322339,0.0542338985404028,229.16327750077733,106.46989989726625,0.004091172333730199,1.3286853498843642e-06
0.23,3.407378069053028,9.729875260332737,78.46813560284852,91.60538893223428,0.0009985751603516,3.2231969367030056,78.06085652777342,3.5074656830689284,2.9992126405608013,0.3061928192182793,0.1009740341245412,3.348743497543807e-08,0.0001121885282001,1.131367070994303,4.9008402783986975,15.30085529628352,1.6855287352087107,23.01859138088523,1604.6077897809666,4582.00801904734,36952.33669004413,0.5608222657164249,1810.2198819519688,43840.73243545529,1969.8716024625764,1684.425264345891,171.96477284655805,56.70928823856211,1.880729653774097e-05,0.0630076002996557,0.0371962622370793,0.1062150968818054,0.8565886408811153,1.1321840990136933e-05,0.0365445933828308,0.8850536647137021,0.0397676312397779,0.0340050603702965,0.0034716129032191,0.0011448431764395,3.7968039764370556e-10,1.2719930633487215e-06,339.7224550853105,339.2384896312118,0.3796947604466782,-0.3796947604466782,2.9477969974763378e-05,73.73913353482943,3800.560521874356,5458.164433705058,1657.603911830702,142.3904381592861,2955.6670859228257,35.04285414088938,4487413.908876642,129.613511547462,41,0.05,kl_090,0.0023588890128888,3.401535079855039e-09,1.8577166089934106e-09,5.349305609826627e-10,3.2383823342490314e-05,545.3551504088549,0.0459611989294722,0.0540964099383702,229.21772658948143,106.66140583659585,0.004197381060752838,1.3548428420471083e-06
0.24,3.3846692729357697,9.729875260332737,78.55107937657475,91.66562390984323,0.0009806708228193,3.2628620631382863,78.15198815430146,3.482301857024717,2.9847113401697314,0.3004779010402921,0.098499360913705,3.3306580010778025e-08,0.0001139272938632,1.1086582748770446,4.983784052124917,15.30085529628352,1.6855287352087107,23.07882635849419,1592.931576685049,4579.184638015532,36968.603024870536,0.5497050045213703,1828.963973878106,43807.298027084245,1951.9687070501527,1673.04942959966,168.42981570009246,55.21280982007255,1.8669662938252105e-05,0.0638607799181466,0.03692408482666,0.1061453012080346,0.8569306139653053,1.110839742465843e-05,0.036959566549536,0.8852545867014912,0.0394452369544814,0.0338088571547079,0.0034036170592764,0.0011157363119651,3.772751457540317e-10,1.2904938418690365e-06,340.0213854225847,339.55472912782767,0.3772624437095382,-0.3772624437095382,2.954463807285216e-05,73.75613762690753,3702.163196406143,5335.299589958266,1633.1363935521226,145.74829444865776,2970.932373035423,36.3466737583166,4487413.907745776,132.23760176757568,41,0.05,kl_090,0.0023251396047068,3.4218777608270046e-09,1.868727288198389e-09,5.417541313963452e-10,3.25632085856303e-05,551.3910996065157,0.0467639485717066,0.0539624286033716,229.27058372438412,106.84701755107686,0.004306080609221081,1.3816239354085432e-06
0.25,3.362106895622608,9.729875260332737,78.63237231913466,91.72435447509,0.0009626980325029,3.3023683616853545,78.24122806113337,3.45739125100302,2.9701156476443598,0.2948971384214719,0.0961314115266284,3.3115519367663385e-08,0.0001156749994509,1.0860958975638828,5.065076994684834,15.30085529628352,1.6855287352087107,23.137556923740945,1581.3666812491003,4576.44596887535,36984.72937161821,0.538606381918327,1847.595627077784,43774.084230013264,1934.3272030350188,1661.7082292123378,164.98785226588123,53.78321135282737,1.852733616333443e-05,0.0647173784812989,0.0366544623275127,0.1060773369953246,0.8572682006771627,1.0894783354735651e-05,0.0373726616689472,0.8854502661839277,0.039127044390339,0.0336125819593334,0.0033373293873678,0.0010879121664396,3.747659151771731e-10,1.3090855242541477e-06,340.31011100895785,339.85959593027223,0.3748172723353953,-0.3748172723353953,2.9609437944944954e-05,73.7726552392792,3605.888015319026,5214.068660818774,1608.1806454997477,149.1830481575663,2985.8180286909565,37.64208677822295,4487413.9097543005,134.92607263955625,41,0.05,kl_090,0.0022926416445087,3.4416108524639836e-09,1.879407923656716e-09,5.484851583569701e-10,3.273812185032203e-05,557.3614176789168,0.0475862829072879,0.0538317603347712,229.32192863956047,107.02708201263654,0.0044172262068591945,1.4090030907739359e-06
0.26,3.339691977176251,9.729875260332737,78.7120956088052,91.7816628463142,0.0009447162426437,3.34171167021428,78.3286669889747,3.432727484894633,2.955436105223821,0.2894483301097628,0.0938628256026152,3.291548549392138e-08,0.0001174312713037,1.063680979117526,5.144800284355371,15.30085529628352,1.6855287352087107,23.19486529496513,1569.911176477361,4573.787050218375,37000.717271147456,0.5275580448873349,1866.11259099546,43741.09023434785,1916.9385671766497,1650.404664471578,161.6366780159113,52.415832953122376,1.838099991283701e-05,0.0655771639156758,0.0363873553126671,0.1060111024205906,0.8576015422667421,1.0681649699019905e-05,0.0377838252854258,0.8856409410575949,0.0388129163559527,0.0334163124955827,0.0032727135711634,0.0010612814489582,3.7216644517016217e-10,1.3277634565350068e-06,340.5892567225478,340.15387067929964,0.3723350150018221,-0.3723350150018221,2.9672476219354695e-05,73.78871074375964,3511.5701110875007,5094.425417766045,1582.8553066785444,152.69251307088803,3000.3434162710537,38.9290334856788,4487413.908334044,137.6763594293519,41,0.05,kl_090,0.0022613155134451,3.460768748653727e-09,1.8897771458427867e-09,5.551282607112233e-10,3.290880861281328e-05,563.2677617182641,0.0484271402206177,0.0537042264003237,229.3718370946756,107.20192696643718,0.004530764962969432,1.436953166567634e-06
0.27,3.317427799339212,9.729875260332737,78.7903106659012,91.83761372557316,0.000926776494916,3.3808836285590944,78.4143745253852,3.408307521156217,2.940684110617421,0.2841295767890088,0.0916873354378648,3.2707553358589615e-08,0.0001191955816103,1.041416801280486,5.223015341451388,15.30085529628352,1.6855287352087107,23.250816174224106,1558.5645742153786,4571.20389939152,37016.56657599536,0.5165869588324553,1884.5108841501328,43708.31962941383,1899.7970133882063,1639.1428461167511,158.37435972206492,51.10669296979633,1.823125166968638e-05,0.0664398410492062,0.0361227569485011,0.1059465165265215,0.8579307265249774,1.0469553156525848e-05,0.0381929635239986,0.8858268059588894,0.038502764110094,0.033220143995397,0.0032097379722639,0.00103576799521,3.6948872828144326e-10,1.34652150171951e-06,340.8593292541767,340.4381767129094,0.3697950238572579,-0.3697950238572579,2.973383802840515e-05,73.80432363475907,3419.0769504250115,4976.340605728633,1557.2636553036214,156.27446334232383,3014.5237479924244,40.2073254602921,4487413.909114389,140.48601812854176,41,0.05,kl_090,0.002231094053964,3.479378637355498e-09,1.8998496825277784e-09,5.616864597192031e-10,3.307545934389725e-05,569.1107603596331,0.0492855277840402,0.0535796839402521,229.420369688006,107.37181433703392,0.004646639580996595,1.4654479002751132e-06
0.28,3.2953181903474187,9.729875260332737,78.86707350224133,91.89226695292147,0.0009089252288396,3.4198748224913937,78.49841423749393,3.3841294376335718,2.9258710002077697,0.2789390272469593,0.0895992376638512,3.2492741053781085e-08,0.0001209673438805,1.0193071922886936,5.299778177791505,15.30085529628352,1.6855287352087107,23.305469401572427,1547.3267739686964,4568.692802348544,37032.276510363154,0.5057174200525061,1902.7860788294367,43675.77691410248,1882.8976840137711,1627.9270138871043,155.19904249041414,49.85217031315343,1.8078654497389857e-05,0.0673050886000803,0.0358606692338506,0.1058835044881151,0.8582558262780343,1.0258997819591063e-05,0.0385999719602949,0.8860080399923781,0.0381965154231878,0.0330241732313417,0.0031483721449549,0.0010113025303566,3.6674409406463865e-10,1.365352922040768e-06,341.12080322929995,340.7131034772204,0.367177874693849,-0.367177874693849,2.9793602463703783e-05,73.81951221485212,3328.289402007278,4859.790454177234,1531.5010521699558,159.92647261520338,3028.373141686414,41.476742904893506,4487413.909283789,143.3524762197029,41,0.05,kl_090,0.0022019159416116,3.497466236366928e-09,1.909639464642054e-09,5.681625227774812e-10,3.323825213327489e-05,574.8908837608221,0.0501604278022768,0.053458002621179,229.4675833130129,107.53698899844792,0.004764785748519779,1.49445984535035e-06
0.29,3.2733683111894183,9.729875260332737,78.94243013100181,91.94567370252396,0.0008912038702069,3.458673345505097,78.5808388578589,3.360193302521324,2.9110086123063126,0.2738750133969261,0.0875934816159757,3.227198727959681e-08,0.0001227458581209,0.9973573131306934,5.375134806551985,15.30085529628352,1.6855287352087107,23.358876151174908,1536.1984984799792,4566.250523727183,37047.84524829113,0.4949708991122194,1920.9326987803552,43643.46897801847,1866.2372951248824,1616.761998376519,152.1090360547574,48.64905304076099,1.7923726651019705e-05,0.068172535810811,0.0356011129113034,0.1058220019335792,0.8585768851551174,1.0050431296339883e-05,0.0390047215879001,0.8861847985088686,0.0378941262020888,0.0328285065169707,0.0030885884789647,0.0009878236601285,3.6394297847318126e-10,1.3842498391172828e-06,341.37409518566443,340.9791560346845,0.3644661290793953,-0.3644661290793953,2.9851837880964544e-05,73.83429242871502,3239.107270588226,4744.761046948701,1505.6537763604745,163.6459059004916,3041.903633245949,42.736989502669246,4487413.908720559,146.2730640583177,41,0.05,kl_090,0.0021737270974595,3.5150539183062863e-09,1.919158611084753e-09,5.745584632134531e-10,3.3397338630148606e-05,580.608102028496,0.0510508116945422,0.0533390716323232,229.51352753364253,107.69766301437622,0.004885131052825055,1.5239605543971227e-06
0.3,3.251584488990641,9.729875260332737,79.01641640837872,91.9978761577021,0.0008736487076242,3.4972650710089077,78.66169024903795,3.3365009462431745,2.896109243080652,0.2689359895367141,0.0856656076744327,3.2046144727452853e-08,0.0001245303230885,0.9755734909319164,5.449121083928895,15.30085529628352,1.6855287352087107,23.41107860635304,1525.1812145222652,4563.8743255633535,37063.27003126351,0.4843659906499024,1938.944390235491,43611.40489440056,1849.813972169779,1605.653176514993,149.1027753564621,47.494498147530514,1.7766938246417837e-05,0.0690417702016438,0.0353441255906473,0.1057619552396389,0.8588939191697137,9.8442435259441e-06,0.0394070622818307,0.886357214537263,0.0375955776649385,0.03263325913244,0.0030303614608319,0.0009652771146864,3.61094854272223e-10,1.4032033884445671e-06,341.6195625774088,341.2367713349053,0.3616445354886358,-0.3616445354886358,2.990860175807988e-05,73.84867782279346,3151.4484992673138,4631.247238077391,1479.7987388100769,167.4299777377847,3055.1251891664474,43.9877019833598,4487413.90972637,149.2450726809327,41,0.05,kl_090,0.0021464800943178,3.532160535724653e-09,1.928417334239554e-09,5.808754973266361e-10,3.3552843230068954e-05,586.2618888156164,0.0519556591171183,0.05322279860287,229.55824445895328,107.85401604236134,0.005007596526523582,1.5539211176124435e-06
0.31,3.229973472775623,9.729875260332737,79.08906528967938,92.04891402278774,0.0008562929005699,3.535635054745016,78.74100699246158,3.313054971477293,2.8811852341104265,0.2641204422398263,0.0838115035337966,3.1816032090202784e-08,0.0001263198754775,0.953962474716898,5.5217699652295655,15.30085529628352,1.6855287352087107,23.46211647143869,1514.276656415667,4561.561604373486,37078.5476584673,0.4739194819613978,1956.8144643428325,43579.59433991442,1833.626431735116,1594.6060193604658,146.17874687318115,46.38588537953086,1.7608738127129603e-05,0.0699123511451578,0.0350897509988657,0.1057033139785222,0.8592069350226119,9.64078877687584e-06,0.0398068356426025,0.8865254120261523,0.037300861848711,0.0324385478971325,0.0029736663629868,0.0009436128713713,3.5820879151957807e-10,1.4222040577351506e-06,341.857546425918,341.48636204789426,0.3586988456252648,-0.3586988456252648,2.9963948403811388e-05,73.86268137526827,3065.240189798148,4519.24752872397,1454.007338925822,171.2756365925787,3068.0471984569213,45.2284928534784,4487413.908978085,152.2655973252615,41,0.05,kl_090,0.002120131061808,3.5488042970581244e-09,1.937425497160347e-09,5.871147187315547e-10,3.37048842801114e-05,591.8516429950594,0.0528739015263853,0.0531090985950731,229.60177443155507,108.00621859780787,0.005132094337689979,1.5843108572448132e-06
0.32,3.208543320840018,9.729875260332737,79.16039972549949,92.09881830667224,0.0008391652316401,3.57376587528886,78.81881700867008,3.289859801149521,2.866249583894353,0.2594270081235673,0.0820275635904596,3.158239035219337e-08,0.0001281135330712,0.9325323227812924,5.593104401049659,15.30085529628352,1.6855287352087107,23.51202075532318,1503.487353288844,4559.310235262264,37093.67397209361,0.4636457426754133,1974.5352535134696,43548.04938397562,1817.674795487684,1583.626640989812,143.33557125146174,45.32090845377193,1.744953231878656e-05,0.0707837883982712,0.0348380509091458,0.1056460380190115,0.8595159110718426,9.440372523783311e-06,0.0402038596255583,0.8866894937858836,0.0370099962473036,0.0322445006035515,0.0029184807795601,0.0009227869891591,3.552929969864188e-10,1.4412411667330656e-06,342.0883306744522,341.7282675856958,0.3556170834914443,-0.3556170834914443,3.001792161025768e-05,73.876313711167,2980.426582716802,4408.769363063623,1428.342780346821,175.17963894525772,3080.677010220641,46.45889944807783,4487413.909392451,155.33166331280435,41,0.05,kl_090,0.0020946420020701,3.564999883884226e-09,1.9461910528222722e-09,5.932763696097307e-10,3.385355282639606e-05,597.3762253564798,0.0538044692447181,0.05299790421374,229.6441504792928,108.15440926242832,0.005258528669571989,1.6150983400694683e-06
0.33,3.187302403390383,9.729875260332737,79.23043990102732,92.14761756475043,0.0008222915627192,3.611639479090224,78.89514518162616,3.2669204472128754,2.851315334029636,0.2548543213241832,0.0803104564738506,3.134592466919099e-08,0.0001299102572803,0.911291405331658,5.663144576577489,15.30085529628352,1.6855287352087107,23.560820013401376,1492.8160424258126,4557.118227619807,37108.64447844524,0.4535574787539903,1992.0988741360436,43516.78255845948,1801.959631481315,1572.7212252531078,140.57189526195447,44.29743634411988,1.7289705022822034e-05,0.0716555677179916,0.0345890918031681,0.10559009030804,0.8598208178887917,9.243267186802464e-06,0.0405979462774007,0.886849555215911,0.0367230067055031,0.0320512463719173,0.002864782630045,0.0009027588762154,3.523552594612324e-10,1.4603034650844394e-06,342.3121833791552,341.96281098992944,0.3523884665383732,-0.3523884665383732,3.0070562158447043e-05,73.88958490373375,2896.959934594642,4299.822941378832,1402.86300678419,179.13850575978077,3093.0214416001354,47.67844119392751,4487413.909467816,158.4401329885482,41,0.05,kl_090,0.0020699777637944,3.5807612544375543e-09,1.954721562139088e-09,5.99360539022728e-10,3.399893367174945e-05,602.8344244139961,0.0547462558804056,0.0528891542456792,229.6854039147952,108.2987181545166,0.005386795572420812,1.6462506903939837e-06
0.34,3.166259812507437,9.729875260332737,79.29920099583549,92.19533606867566,0.0008056947816027,3.6492364311249137,78.97001100687724,3.244242960410629,2.836395868797192,0.2504010840590139,0.0786571648696302,3.1107295520586714e-08,0.0001317089224575,0.8902488144487122,5.731905671385666,15.30085529628352,1.6855287352087107,23.608538517326608,1482.2658921162422,4554.983825384664,37123.45412839402,0.4436657386498228,2009.4969133374827,43485.80760924528,1786.4822787194355,1561.8962626639532,137.88643597363128,43.31353503688315,1.7129614786736783e-05,0.072527137699298,0.0343429499530096,0.1055354389411305,0.8601216111058598,9.049711893885873e-06,0.0409888944156459,0.8870056802993953,0.0364399333046179,0.0318589197990835,0.002812551006155,0.0008834917349768,3.494028615889317e-10,1.4793788284492267e-06,342.5293443228335,342.1902747991795,0.3490038108400366,-0.3490038108400366,3.0121905574454947e-05,73.90250391243691,2814.803011508232,4192.423417750732,1377.6204062424997,183.14850947202996,3105.086298606055,48.88659607157994,4487413.909152749,161.58771515525365,41,0.05,kl_090,0.0020461066980856,3.5961007400562764e-09,1.9630237047429168e-09,6.05366912381129e-10,3.4141098555160104e-05,608.2247838835117,0.0556981238146666,0.0527827970284632,229.7255625885248,108.43925939769616,0.005516782108418653,1.6777336262196878e-06
0.35,3.1454252327518266,9.729875260332737,79.36669308555933,92.2419935786439,0.0007893947053288,3.68653613770632,79.04342855570361,3.2218342755091127,2.8215048471173017,0.2460660309456996,0.077064959993275,3.0867113603332814e-08,0.0001335083266748,0.8694142346931013,5.799397761109518,15.30085529628352,1.6855287352087107,23.65519602729485,1471.840442667452,4552.905521692664,37138.09740818536,0.4339798707441938,2026.7205565675351,43455.13933171261,1771.2447436066252,1551.1585023185032,135.2779586479022,42.36745084685448,1.6969591867530917e-05,0.0733979161026588,0.0340997100205785,0.1054820573889398,0.8604182325904816,8.859911509662243e-06,0.0413764923133638,0.8871579422769069,0.0361608285273656,0.0316676601715081,0.0027617657491184,0.0008649522493967,3.4644252518806367e-10,1.498454388098763e-06,342.74002379773754,342.4109083575358,0.3454556799982897,-0.3454556799982897,3.0171981961233676e-05,73.91507853903947,2733.928574676449,4086.590178892581,1352.661604216132,187.2057227445105,3116.8763700873315,50.08280804450671,4487413.90972195,164.7710123666324,41,0.05,kl_090,0.0020230004109699,3.6110289134294606e-09,1.971103207731259e-09,6.112947482162612e-10,3.428010551466957e-05,613.545609127346,0.0566589199313935,0.0526787899482385,229.76465075222268,108.57613098704914,0.005648367689687083,1.709511910112988e-06
0.36,3.1248085466521847,9.729875260332737,79.43292486287885,92.28760866986376,0.0007734090517048,3.723517597601246,79.11541034490645,3.1997017055398413,2.806655957191647,0.2418478890769616,0.075531291341885,3.062596532217209e-08,0.0001353072134288,0.8487975485934596,5.865629538429023,15.30085529628352,1.6855287352087107,23.70081111851471,1461.5433594899098,4550.881874231935,37152.56858938813,0.4245080399263628,2043.7608707898933,43424.79273995405,1756.2492918510236,1540.5147075907355,132.74524409312627,41.45754483991766,1.6809951320210342e-05,0.0742672972781438,0.0338594594842133,0.1054299206639861,0.8607106198518005,8.674047271361159e-06,0.0417605245065909,0.887306410123024,0.0358857499623631,0.0314776073456396,0.0027124068663384,0.0008471092885741,3.4348068509156475e-10,1.5175167175128116e-06,342.9444241638668,342.6249490796571,0.3417377970270764,-0.3417377970270764,3.0220819903180663e-05,73.92731635296487,2654.314952759434,3982.3442850483257,1328.0293322888913,191.3059584180565,3128.396184249555,51.266509709898976,4487413.9092677925,167.98643850871943,41,0.05,kl_090,0.002000632318507,3.625556071275136e-09,1.9789656484580043e-09,6.171432383719448e-10,3.4416009810561974e-05,618.7951919728994,0.0576274467396429,0.0525770940216559,229.8026919354037,108.70942654784812,0.005781422915757454,1.7415486893988838e-06
0.37,3.104420171541519,9.729875260332737,79.49790029574619,92.33219572762044,0.0007577527993927,3.7601587615403416,79.18596389409063,3.177853347069039,2.7918631517233536,0.2377454125599864,0.0740538544587911,3.038438938387548e-08,0.0001371042525058,0.8284091734827935,5.930604971296369,15.30085529628352,1.6855287352087107,23.74539817627139,1451.3786440166075,4548.911674794404,37166.86155795532,0.4152569129472062,2060.608579420611,43394.78381572673,1741.4987734263814,1529.971878275887,130.2871149616869,40.582331096690105,1.6650981358888725e-05,0.0751346464086088,0.0336222933623234,0.1053790087374919,0.8609986979001846,8.492270031713343e-06,0.0421407662112294,0.8874511432343746,0.0356147661428929,0.0312889055573611,0.0026644550094418,0.000829934682468,3.4052324135705777e-10,1.5365516771549278e-06,343.1427196427936,342.83259839931253,0.3378457185209504,-0.3378457185209504,3.0268442897972023e-05,73.93922382219144,2575.949445274916,3879.71052455623,1303.761079281314,195.4448429049933,3139.649307769785,52.437102959294045,4487413.909523428,171.23031530290643,41,0.05,kl_090,0.0019789786627917,3.639690782521438e-09,1.9866156684712514e-09,6.229111481318133e-10,3.454885343584068e-05,623.9715933538189,0.0586024963839325,0.052477678473777,229.8397062437459,108.83922414940676,0.005915811067172903,1.7738063154756727e-06
0.38,3.084270626478119,9.729875260332737,79.56162205948053,92.37576794629138,0.0007424389943312,3.796437351282661,79.25509530639857,3.156297546438821,2.777140362611253,0.2337573338412652,0.0726304910312701,3.01428988064491e-08,0.00013889806666,0.8082596284193937,5.994326735030702,15.30085529628352,1.6855287352087107,23.788970394942325,1441.3503755356,4546.993781933171,37180.97006442029,0.4062320833969831,2077.254382478588,43365.1286260135,1726.996208308641,1519.5369909221206,127.90239933610997,39.74041761687552,1.6492954539378902e-05,0.0759993096132222,0.0333883083740246,0.1053293030915837,0.8612823885343917,8.314709053516177e-06,0.0425169909673833,0.887592197490834,0.0353479491046979,0.0311016989842873,0.0026178908096905,0.0008134020518183,3.3757579480445065e-10,1.5555446591462676e-06,343.33507645958565,343.0340496629998,0.3337762822341165,-0.3337762822341165,3.031487296667733e-05,73.95080717410337,2498.8240987270883,3778.714770217293,1279.8906714902048,199.6177789160402,3150.6390652051336,53.59398384369851,4487413.909555947,174.49881028039871,41,0.05,kl_090,0.0019580171806044,3.6534412825603085e-09,1.994057728481981e-09,6.285971663283033e-10,3.46786754591976e-05,629.0728688556651,0.0595828284826332,0.0523805155338222,229.875713035042,108.9655977093667,0.006051387609730042,1.8062458764463492e-06
0.39,3.064370607250607,9.729875260332737,79.62409079826206,92.4183366658454,0.0007274786732879,3.832330720768821,79.32280850702551,3.135042985093344,2.7625015544705698,0.2298823749167043,0.0712591991900494,2.990197503045757e-08,0.0001406872279462,0.788359609191882,6.056795473812232,15.30085529628352,1.6855287352087107,23.83153911449634,1431.462758307237,4545.1271609205205,37194.88771106882,0.3974380450956867,2093.688909035088,43335.84351283648,1712.7448556739892,1509.21705019939,125.58993829457224,38.930511451526826,1.633612494355748e-05,0.0768606130983762,0.033157603975609,0.105280787464427,0.861561608559964,8.14147130373755e-06,0.0428889694436747,0.887729624118082,0.0350853756080062,0.0309161326071627,0.0025726950182065,0.0007974869183601,3.3464358554356193e-10,1.5744805603033002e-06,343.52164753885137,343.22947635690235,0.3295278057569258,-0.3295278057569258,3.036012978727477e-05,73.96207217329986,2422.936360265061,3679.384420592186,1256.4480603271247,203.81997295889715,3161.3683587453834,54.73653826719303,4487413.90934812,177.78796989263398,41,0.05,kl_090,0.0019377272968975,3.6668150803594236e-09,2.0012958956090842e-09,6.341998091132609e-10,3.48055092591916e-05,634.0970109827116,0.0605671816458705,0.0522855815328601,229.91073022851944,109.08861384432016,0.00618800083227095,1.8388274956180746e-06
0.4,3.0447308717144264,9.729875260332737,79.68530506519268,92.45991119723983,0.0007128807991062,3.867816064192145,79.38910521653736,3.1140985542556816,2.747960641884908,0.2261192263191807,0.0699381227220451,2.9662063810994016e-08,0.0001424702695668,0.7687198736557014,6.118009740742858,15.30085529628352,1.6855287352087107,23.873113645890783,1421.720070885519,4543.31089599336,37208.60803110277,0.3888781645210037,2109.902824754949,43306.9449454613,1698.7481377457143,1499.0190392725874,123.34857356819288,38.15141160807037,1.6180726069751588e-05,0.0777178695196091,0.0329302811595748,0.1052334480354032,0.8618362708050219,7.972640808483473e-06,0.0432564718137248,0.8878634700104984,0.0348271257220339,0.0307323513006162,0.0025288482641068,0.0007821665725624,3.317314489320634e-10,1.593343917480262e-06,343.7025712755557,343.4190358316049,0.3251001639400582,-0.3251001639400582,3.0404230529480985e-05,73.97302407589088,2348.288661069924,3581.74784452014,1233.4591834502169,208.04648751481807,3171.8396556657176,55.86414857030788,4487413.909731656,181.09376702207857,41,0.05,kl_090,0.0019180900203252,3.679818849916101e-09,2.0083337846475504e-09,6.397174084674145e-10,3.4929382006163285e-05,639.0419572840879,0.0615542887249576,0.0521928566395705,229.94477416276987,109.20833155862964,0.0063254933672493175,1.871510784471843e-06
0.41,3.025362167122264,9.729875260332737,79.74526301017987,92.50050043763488,0.00069865295382,3.902870578602757,79.45398666726507,3.09347323568262,2.7335314460473583,0.2224665628909855,0.0686655052411386,2.9423592011021313e-08,0.0001442456855914,0.749351169063539,6.177967685730059,15.30085529628352,1.6855287352087107,23.913702886285822,1412.1266021702438,4541.544096845551,37222.12451703036,0.3805550568793472,2125.886861154737,43278.44926458539,1685.0095268662178,1488.9498559252283,121.17715245006,37.40198207109087,1.6026979733107436e-05,0.0785703757276371,0.0327064410766296,0.1051872715747387,0.8621062873486316,7.808286324441479e-06,0.0436192687633294,0.8879937802083535,0.0345732808100733,0.0305504987718139,0.0024863311765439,0.000767419535842,3.288439988114505e-10,1.6121188753375172e-06,343.87798264436054,343.6028796732387,0.3204944538329468,-0.3204944538329468,3.0447191770956094e-05,73.98366807554184,2274.886504932362,3485.8337568688767,1210.947251936514,212.29217454434573,3182.0553427054783,56.97619770232778,4487413.90939763,184.41202603920277,41,0.05,kl_090,0.0018990873366096,3.692459206076814e-09,2.015174978163695e-09,6.451482895735905e-10,3.5050320137206835e-05,643.9056864575851,0.062542852040191,0.0521023225740746,229.9778609822761,109.3248081174659,0.00646370054982498,1.904254209970228e-06
0.42,3.006275053990114,9.729875260332737,79.8039614365484,92.54011175087126,0.0006848007232236,3.937471766472055,79.51745269366103,3.0731759423386915,2.7192275515219886,0.2189229954418207,0.067439706303089,2.9186948752258452e-08,0.0001460119556527,0.7302640559313895,6.23666611209858,15.30085529628352,1.6855287352087107,23.9533141995222,1402.686592067854,4539.825972359721,37235.43078746999,0.3724702618369231,2141.631996136816,43250.3725842903,1671.5324752074414,1479.0162506572458,119.07450250707596,36.68116024567059,1.5875086102128075e-05,0.0794174268644153,0.0324861835274562,0.1051422467105582,0.8623715697619855,7.648454604651492e-06,0.0439771353061556,0.8881205971016277,0.0343239221133371,0.0303707163006923,0.0024451238670849,0.0007532257410332,3.259854217575658e-10,1.6307894788568512e-06,344.04800372814327,343.78114240896195,0.315713306995685,-0.315713306995685,3.048902807087816e-05,73.99400895453279,2202.7389887582385,3391.670575151817,1188.9315863935788,216.55182023534937,3192.0174795434355,58.07207933397607,4487413.9095901605,187.73856220748075,41,0.05,kl_090,0.0018807024615651,3.7047420168827075e-09,2.0218226541137863e-09,6.50490645142111e-10,3.516834500233668e-05,648.6861737917172,0.063531587944949,0.0520139636860258,230.01000555273168,109.43809422612746,0.00660245452595533,1.9370163682410142e-06
0.43,2.9874799971396597,9.729875260332737,79.86139678930172,92.57875204677411,0.0006713284623999,3.971597302050186,79.5795027037917,3.053215578632208,2.705062379650339,0.2154871176501812,0.0662591713767386,2.8952503262822543e-08,0.0001477675307142,0.7114689990809347,6.294101464851898,15.30085529628352,1.6855287352087107,23.99195449542506,1393.4042521204228,4538.1557611530825,37248.52048316064,0.3646246634520713,2157.1293498418986,43222.73077372601,1658.3204275675648,1469.22485048641,117.03945557523858,35.987939461834486,1.5725233398509e-05,0.0802583074806759,0.032269607562114,0.1050983626936,0.862632029744286,7.493178929793044e-06,0.0443298487821522,0.8882439614904808,0.0340791310413592,0.0301931432409541,0.0024052064228675,0.0007395661806007,3.2315967453275173e-10,1.6493394957472563e-06,344.2127527503428,343.953954841849,0.3107605897799828,-0.3107605897799828,3.052975336365639e-05,74.00405140537636,2131.857643104274,3299.286654412512,1167.4290113082384,220.8200500738404,3201.7280461931587,59.151192630240125,4487413.9096031,191.06908482277836,41,0.05,kl_090,0.0018629194543561,3.7166730347712206e-09,2.02827992770406e-09,6.557426606783391e-10,3.5283477035322574e-05,653.3814436954797,0.0645191956001116,0.0519277655716603,230.04122246078853,109.54823880432684,0.0067415816665046015,1.9697551288929117e-06
0.44,2.9689871396386245,9.729875260332737,79.91756549175014,92.6164278917215,0.0006582390819394,4.005225443446382,79.64013606308357,3.0336008054179406,2.691049011468411,0.2121574663642487,0.0651224227240293,2.8720597902311707e-08,0.000149510857821,0.6929761415798997,6.350270167300311,15.30085529628352,1.6855287352087107,24.02963034037244,1384.2836611260902,4536.532734632511,37261.387451031296,0.3570183761508509,2172.3703790485183,43195.53917992894,1645.3766771932485,1459.582049406811,115.07082488397911,35.321363088072886,1.5577594078664053e-05,0.0810923039071303,0.0320568090048742,0.1050556092673753,0.8628875817277504,7.342476743475586e-06,0.0446771932536027,0.88836391356087,0.0338389864320146,0.0300179149558276,0.0023665584518993,0.0007264227959864,3.2037040635007994e-10,1.6677526852605945e-06,344.372342827626,344.12143873378733,0.3056414292416923,-0.3056414292416923,3.0569380961778655e-05,74.0138000217664,2062.255771180842,3208.709239168413,1146.4534679875712,225.0914195123689,3211.188959929503,60.21295522952699,4487413.909436866,194.39927576803092,41,0.05,kl_090,0.0018457231008229,3.728257800327973e-09,2.034549799216286e-09,6.609025266318904e-10,3.539573554024892e-05,657.9895982924974,0.0655043810915478,0.0518437145764407,230.07152598592097,109.65528845596488,0.006880905354301144,2.002428380253055e-06
0.45,2.9508062090669758,9.729875260332737,79.9724638391203,92.65314530852,0.000645534005086,4.038335209054615,79.69935200318697,3.014339943265417,2.677200108012704,0.2089325107468066,0.0640280563023865,2.8491544631015678e-08,0.0001512403926783,0.6747952110082502,6.405168514670466,15.30085529628352,1.6855287352087107,24.066347757170945,1375.3287257979764,4534.956210559792,37274.02580786884,0.3496507278397475,2187.3469623318747,43168.812512916935,1632.704314281226,1450.093967109544,113.16739920195631,34.680522345698485,1.5432323067451518e-05,0.0819187106521072,0.0318478795214265,0.1050139768912735,0.8631381435872998,7.196349237695691e-06,0.0450189614710808,0.8884804929161745,0.0336035635333933,0.029845161997142,0.0023291589638911,0.0007137784385214,3.1762092139338517e-10,1.686012938101171e-06,344.52688048633235,344.2837087976292,0.3003622175515488,-0.3003622175515488,3.0607923338199736e-05,74.02325923837985,1993.9481438543448,3119.964063880023,1126.0159200256785,229.3604721391046,3220.4020480167733,61.25680862536527,4487413.909751201,197.7248400679492,41,0.05,kl_090,0.0018290988922671,3.739501525545357e-09,2.0406350908245203e-09,6.659684272890511e-10,3.5505138077919114e-05,662.5088210423361,0.0664858728098016,0.0517617977292522,230.1009299133,109.75928693218722,0.00702024774804701,2.0349944980357056e-06
0.46,2.9329467390155903,9.729875260332737,80.02608839677606,92.68891039612438,0.0006332138456223,4.070905999877974,79.75714996760307,2.995441181617199,2.663528078837563,0.2058107161946108,0.0629747301377994,2.8265640527500562e-08,0.0001529545750658,0.656935740956865,6.458793072326238,15.30085529628352,1.6855287352087107,24.10211284477533,1366.543270847584,4533.425509000832,37286.42976570838,0.3425206335367198,2202.051189793942,43142.5650668423,1620.306344124783,1440.76654563619,111.32797772345296,34.06454961894242,1.5289566341187e-05,0.0827368168211817,0.0316429088062537,0.1049734560342784,0.8633836351594678,7.054788925795763e-06,0.0453549504080555,0.8885937384889052,0.0333729362079516,0.0296750118842739,0.0022929870713626,0.0007016167316185,3.1491435184579056e-10,1.7041039923309944e-06,344.6764713448091,344.44087729362474,0.2949304032198399,-0.2949304032198399,3.064539292413261e-05,74.03243350785897,1926.95072458383,3033.0762962940635,1106.1255717102335,233.62163190787803,3229.369163220503,62.28220544911645,4487413.909459119,201.04140312850583,41,0.05,kl_090,0.0018130328867549,3.750409494317587e-09,2.046538663507874e-09,6.70938600508935e-10,3.5611702833260106e-05,666.9373804284644,0.067462388937484,0.0516820024110708,230.1294480839418,109.8602777798078,0.007159426705393998,2.0674114165898545e-06
0.47,2.9154174643628075,9.729875260332737,80.07843661531733,92.72372934001288,0.0006212776543346,4.102918693173734,79.81353035456979,2.9769119612591632,2.6500446058998377,0.202790430110697,0.0619611506979435,2.8043147627019672e-08,0.0001546518958885,0.639406466304082,6.5111412908675,15.30085529628352,1.6855287352087107,24.13693178866381,1357.930763805358,4531.939972748364,37298.59408698548,0.3356261831175409,2216.475888073181,43116.80995951192,1608.1853130615236,1431.6052572691494,109.55130537199678,33.47260981499672,1.5149449742784305e-05,0.0835459398335325,0.0314419780687652,0.1049340371616613,0.8636239847695735,6.9177712341172816e-06,0.0456849730768989,0.8887036907378411,0.0331471698497693,0.0295075836317551,0.0022580207000625,0.0006899219100195,3.1225343228551436e-10,1.7220101660104918e-06,344.8212163140703,344.5930495690946,0.2893545226391133,-0.2893545226391133,3.068180192119888e-05,74.04132725093167,1861.2792473995928,2948.0677776572584,1086.7885302576658,237.86944539886076,3238.092213672905,63.2886441900147,4487413.9096309105,204.34472053962375,41,0.05,kl_090,0.001797511506545,3.760986785123975e-09,2.0522632667873244e-09,6.758113648495652e-10,3.571544783520892e-05,671.2737064789212,0.0684327011427342,0.0516043151688578,230.15709423965689,109.95830308600397,0.007298263206833276,2.099638581393971e-06
0.48,2.8982268628305787,9.729875260332737,80.12950617671264,92.75760829987595,0.000609723799833,4.134354680698206,79.86849373501256,2.958759523637329,2.6367610559971992,0.1998700014450389,0.0609860815885148,2.7824312358111473e-08,0.0001563308423737,0.6222158647718538,6.562210852262812,15.30085529628352,1.6855287352087107,24.170810748526893,1349.4945639004522,4530.498954255289,37310.513673139816,0.3289651320964507,2230.614146998965,43091.55981623,1596.3436523251478,1422.615369992882,107.836140635306,32.903905655815834,1.501209005271895e-05,0.0843453974181792,0.0312451659324904,0.1048957108604723,0.8638591232070372,6.785264409181012e-06,0.0460088480678558,0.8888103893984535,0.0329263277840889,0.0293429926036551,0.0022242379379637,0.0006786789181778,3.096407199540805e-10,1.7397157550788775e-06,344.96121457234347,344.7403295963654,0.283644071348496,-0.283644071348496,3.0717162373576584e-05,74.04994486037408,1796.9501873436927,2864.9595410876223,1068.0093537439295,242.09839955945776,3246.5731153257766,64.27563810186103,4487413.9096367005,207.63051664027105,41,0.05,kl_090,0.001782521703328,3.771238475780716e-09,2.05781164973357e-09,6.80585090980246e-10,3.581639139556292e-05,675.5163160408898,0.0693955846878928,0.0515287228284886,230.18388203536767,110.05340443315902,0.007436575849650889,2.1316354428672877e-06
0.49,2.881382700228097,9.729875260332737,80.17929604536069,92.79055400592152,0.0005985496256068,4.16519670221471,79.92204199957844,2.940990435741515,2.6236881223765103,0.1970477054246827,0.0600483228013024,2.7609356592148243e-08,0.0001579899470742,0.6053717021693718,6.612000720910869,15.30085529628352,1.6855287352087107,24.203756454572467,1341.2377051448227,4529.1017970230005,37322.183901324126,0.3225347103718634,2244.4596981055424,43066.82615084463,1584.7833793841842,1413.8017174413676,106.18121184882162,32.35766522015457,1.4877589845577222e-05,0.0851345312756762,0.0310525433444897,0.1048584671637138,0.8640889894917964,6.65722564488809e-06,0.0463264082303541,0.8889138758578429,0.0327104656198552,0.0291813462163065,0.0021916161696528,0.0006678731677094,3.070784925439872e-10,1.75720555539749e-06,345.0965645641332,344.8828180700992,0.2778093723384535,-0.2778093723384535,3.0751486696158395e-05,74.05829081962487,1733.9792041642968,2783.7696730352104,1049.7904688709136,246.30307392381383,3254.8139319968614,65.24274131274237,4487413.909484877,210.8946088696728,41,0.05,kl_090,0.0017680506511325,3.781169714044922e-09,2.063186599107522e-09,6.852582861063637e-10,3.591455344252884e-05,679.6639006470446,0.0703498550626257,0.0514552109565678,230.2098254078209,110.14562389074015,0.007574185700991081,2.1633626320350056e-06
0.5,2.8648919721352737,9.729875260332737,80.22780625054669,92.82257348301472,0.0005877514193306,4.195428958648442,79.97417814286041,2.9236105334570284,2.6108357682272647,0.1943217401483864,0.059146712340295,2.7398474607683387e-08,0.0001596277992614,0.5888809740765486,6.660510926096865,15.30085529628352,1.6855287352087107,24.235775931665643,1333.1628749470742,4527.747852661131,37333.60066346872,0.316331610740564,2258.006967891859,43042.61930731827,1573.5060755443442,1405.1686763819318,104.58521586056855,31.8331426675631,1.4746036027192649e-05,0.0859127127534063,0.0308641730630266,0.1048222958622578,0.8643135310747154,6.53360079235032e-06,0.046637501955662,0.8890141928995207,0.0324996307447002,0.0290227434302302,0.0021601320450239,0.0006574905545129,3.045687164989285e-10,1.7744649888277566e-06,345.22736211639307,345.0206134046132,0.271861527801105,-0.271861527801105,3.078478736606784e-05,74.06636962141008,1672.3810043445203,2704.5131066499894,1032.132102305469,250.4781988187165,3262.8168265863296,66.18955217325913,4487413.909776637,214.13295744587185,41,0.05,kl_090,0.0017540857835591,3.790785575230256e-09,2.0683908622890998e-09,6.898295741929486e-10,3.600995466762283e-05,683.7153202621112,0.0712943823412151,0.0513837640037953,230.23493832263296,110.2350031938867,0.007710918090469854,2.194782400769449e-06
0.51,2.848761350876852,9.729875260332737,80.27503750014719,92.85367411135678,0.0005773251161221,4.225036314077448,80.02490577687948,2.9066253735717758,2.5982135726835125,0.1916903210730891,0.0582801320041327,2.7191849490849384e-08,0.0001612429987579,0.5727503528181266,6.707742175697371,15.30085529628352,1.6855287352087107,24.266876560007727,1325.2726172759742,4526.436462661535,37344.7600364984,0.3103523772232484,2271.2506823469885,43018.949031253054,1562.513164929676,1396.7203856161846,103.04687112059372,31.329621745644623,1.4617509086156503e-05,0.0866793191178825,0.0306801144719423,0.104787186435552,0.8645326990925056,6.414332232101702e-06,0.0469419844284986,0.8891113831031302,0.0322938675274979,0.028867278765024,0.0021297625388272,0.0006475175230833,3.021132318149665e-10,1.7914795931288086e-06,345.3537034225978,345.15381328244706,0.2658123051737763,-0.2658123051737763,3.081707711346226e-05,74.07418580281752,1612.1701501060174,2627.2036821431834,1015.033532037166,254.61849588205703,3270.584041014172,67.1156875936232,4487413.909500457,217.34152356905608,41,0.05,kl_090,0.0017406149055452,3.8000912725073324e-09,2.0734272612355292e-09,6.942976819543008e-10,3.610261717714526e-05,687.6695455339886,0.0722280473865301,0.05131436614363,230.25923488331844,110.32158468396231,0.007846597822111126,2.2258573060655045e-06
0.52,2.8329963092711945,9.729875260332737,80.3209926491326,92.88386421873652,0.0005672654430676,4.254005895524544,80.07423077825364,2.890039330624718,2.585830034183473,0.1891515301125113,0.0574474795324258,2.6989631044562162e-08,0.0001628342535123,0.5569853112124694,6.753697324682787,15.30085529628352,1.6855287352087107,24.297066667387487,1317.5689239257708,4525.166953001272,37355.65892092264,0.3045929323086241,2284.186610714407,42995.82330136599,1551.8053584260535,1388.4603093472583,101.56483161757964,30.846399085931854,1.4492070621004409e-05,0.0874337814223516,0.0305004139642558,0.1047531273830231,0.864746458652721,6.299349277063012e-06,0.047239734572375,0.8892054926466859,0.032093206787999,0.028715034126449,0.0021004832376641,0.0006379407437631,2.9971350253482366e-10,1.8082360730409555e-06,345.4756838734033,345.2825135837252,0.2596739474073924,-0.2596739474073924,3.084836935419782e-05,74.08174404321937,1553.3585035964263,2551.850098840417,998.4915952439908,258.719000184898,3278.1180695036096,68.02083335339297,4487413.909664507,220.5165387182278,41,0.05,kl_090,0.0017276257633348,3.809092072529439e-09,2.0782986466516396e-09,6.9866155144095e-10,3.6192565523852006e-05,691.5258037211057,0.0731498214611519,0.051246998855932,230.2827296356824,110.40541180471592,0.007981059276652507,2.25655271062724e-06
0.53,2.817601966458044,9.729875260332737,80.365675087072,92.91315231386278,0.0005575668664472,4.282325561565858,80.12215949012202,2.8738564690398167,2.573693229727059,0.1867034739178522,0.0566476959466924,2.6791957344708573e-08,0.0001644002934779,0.5415909683993192,6.798379762622197,15.30085529628352,1.6855287352087107,24.326354762513745,1310.0536333484192,4523.938650159798,37366.29442258197,0.2990491045752092,2296.8108432369727,42973.24947736677,1541.38320524696,1380.391666214466,100.13777728934107,30.38280028554837,1.4369775780981974e-05,0.0881755418318476,0.0303251143276262,0.1047201070895215,0.8649547785828522,6.18857883381412e-06,0.0475306387889763,0.889296567243064,0.0318976761102085,0.0285660866968415,0.0020722701373016,0.000628747426033,2.973708627924508e-10,1.824721370143504e-06,345.5933980535625,345.4068099440447,0.2534591995357876,-0.2534591995357876,3.087867755972085e-05,74.08904900591095,1495.9575479663283,2478.459890667493,982.502342701164,262.7747967856291,3285.4214497541493,68.90469553849275,4487413.909669718,223.6542815053007,41,0.05,kl_090,0.0017151064894359,3.8177932858790105e-09,2.083007892991798e-09,7.029202176896421e-10,3.627982512184684e-05,695.2834251261509,0.0740586987097708,0.0511816434546349,230.30543707555475,110.48652807126952,0.008114138220764613,2.2868346779515273e-06
0.54,2.802582515643649,9.729875260332737,80.40909012798973,92.94154790396612,0.0005482231838932,4.309984954788526,80.1687002284685,2.858079946072887,2.5618103594713224,0.1843441927102372,0.0558797402781984,2.6598944610176592e-08,0.000165939933875,0.5265715175849244,6.8417948035399085,15.30085529628352,1.6855287352087107,24.354750352617064,1302.728156756354,4522.750853047211,37376.66426739772,0.2937163995251234,2309.120263645259,42951.23350766824,1531.2467184514503,1372.517137466859,98.76436120724732,29.93816497207549,1.425066737708607e-05,0.0889040838606896,0.030154248329708,0.1046881129028143,0.8651576387674776,6.0819407818862605e-06,0.0478146018555657,0.8893846551467846,0.0317072927461198,0.0284205034710139,0.0020450985957694,0.0006199250255446,2.9508640045270023e-10,1.8409233334698912e-06,345.7069416919497,345.5267974338196,0.2471810608628893,-0.2471810608628893,3.090801601998872e-05,74.09610551354274,1439.9763937249538,2407.0367460082134,967.0603522832596,266.78121092554267,3292.496959130608,69.76703339707736,4487413.909526182,226.7512301749198,41,0.05,kl_090,0.0017030452161323,3.826200409850517e-09,2.087557975668465e-09,7.070729288277843e-10,3.636442428452451e-05,698.9419598435877,0.0749537401066166,0.0511182790668054,230.32737219412047,110.56497873905468,0.008245677941118662,2.3166713999733767e-06
0.55,2.78794120966819,9.729875260332737,80.45124466923812,92.96906113923905,0.0005392274989278,4.336975532196733,80.2138629349896,2.8427120017215364,2.5501877264144643,0.1820716618750084,0.055142593879794,2.641068471100208e-08,0.0001674520831599,0.5119302116094647,6.883949344788302,15.30085529628352,1.6855287352087107,24.382263587889994,1295.5934779721024,4521.602853407916,37386.766810842506,0.2885899895425152,2321.112565607958,42929.77993815279,1521.395382246556,1364.8388681228312,97.44321107690196,29.511849122602,1.4134774728131003e-05,0.0896189363934375,0.029987838701444,0.1046571315349778,0.8653550297635781,5.979347729549762e-06,0.0480915473582383,0.8894698066630229,0.0315220636689592,0.0282783411865686,0.00201894335918,0.000611461292631,2.928609315670544e-10,1.8568308093369328e-06,345.81640944436674,345.642570934323,0.2408527214487979,-0.2408527214487979,3.0936399449586394e-05,74.10291844913439,1385.4218322060842,2337.580505908482,952.1586737023978,270.733856853644,3299.34754567128,70.6076601681747,4487413.909803551,229.8041046649053,41,0.05,kl_090,0.0016914301509069,3.834318961842421e-09,2.0919518808637313e-09,7.1111911400285e-10,3.644639312411093e-05,702.5011600916253,0.0758340850889754,0.051056882962813,230.3485501702216,110.6408097366164,0.008375530740151474,2.3460335482064666e-06
0.56,2.773680924888496,9.729875260332737,80.49214643969049,92.99570262491171,0.0005305728976139,4.363289542227434,80.25765830954984,2.827754534344636,2.538831183760666,0.1798838953326541,0.0544352728975693,2.622726188241981e-08,0.0001689356834384,0.4976699268297713,6.924851115240656,15.30085529628352,1.6855287352087107,24.408905073562654,1288.6504138359128,4520.493928588286,37396.60062889819,0.2836650855992186,2332.7857624397143,42908.89266443056,1511.8285077240173,1357.3587499516298,96.1729873443128,29.10323240321677,1.4022123105736736e-05,0.0903196437640076,0.029825904279425,0.1046271492735223,0.8655469464470525,5.880712574046258e-06,0.0483614066805446,0.8895520719339916,0.0313419922525661,0.0281396515594101,0.001993779723594,0.0006033444136329,2.9069518897096764e-10,1.872432991336884e-06,345.92189676275746,345.754225315202,0.2344875398635376,-0.2344875398635376,3.096384291534536e-05,74.1094927344903,1332.2997325729743,2270.089768226947,937.7900356539724,274.6284396452168,3305.9762489732207,71.4264107065061,4487413.909544504,232.80969554048517,41,0.05,kl_090,0.0016802497881606,3.842154610171208e-09,2.096192676459233e-09,7.150583323849896e-10,3.65257634374688e-05,705.9608926377516,0.0766988996350728,0.0509974319212937,230.36898630326243,110.71406787064456,0.008503551865260896,2.3748926800802335e-06
0.5700000000000001,2.75980321052979,9.729875260332737,80.53180570049122,93.02148417135376,0.0005222516024152,4.38892176887056,80.30009969673984,2.813208120418233,2.527745371043942,0.1777787901630705,0.0537567977203645,2.6048730644271283e-08,0.0001703898192225,0.4837922124710652,6.964510376041406,15.30085529628352,1.6855287352087107,24.4346866200047,1281.8991692553611,4519.4233290222455,37406.16520490113,0.2789364695423902,2344.1389890328105,42888.57364864576,1502.544630918114,1350.077944117957,94.95229475269944,28.711700070763573,1.3912721240817116e-05,0.0910058186515713,0.029668449553503,0.1045981511368862,0.8657333993096107,5.785939006897316e-06,0.0486241373761009,0.8896315050914351,0.0311670668374615,0.0280044723160042,0.0019695817721696,0.0005955626586451,2.8858957256967507e-10,1.8877205868941744e-06,346.0234994753948,345.8618555781532,0.2280987201079075,-0.2280987201079075,3.0990362438798124e-05,74.11583346722146,1280.612134958457,2204.5575063854094,923.945371426952,278.4611081703656,3312.386411653996,72.22319606370877,4487413.909698569,235.76515548040496,41,0.05,kl_090,0.0016694924306161,3.8497131451666275e-09,2.1002834962321803e-09,7.188904117248595e-10,3.66025702556637e-05,709.3213035477387,0.0775474610472978,0.0509398994922246,230.38869643914109,110.78480182482303,0.008629610667308997,2.4032239240643386e-06
0.58,2.74630924385162,9.729875260332737,80.57023330874512,93.04641781292948,0.0005142558684567,4.413867784768088,80.34120095631867,2.7990730005160627,2.5169344750485845,0.1757542881432429,0.0531062247913331,2.5875137449511593e-08,0.0001718136167064,0.4702982457928948,7.002937984295298,15.30085529628352,1.6855287352087107,24.459620261580422,1275.3397886533198,4518.390303610818,37415.46023987217,0.2743989904958315,2355.1716929495883,42868.82423684513,1493.542131022683,1342.9973704921058,93.77977423291124,28.336661505717707,1.3806573790581138e-05,0.0916770928043412,0.0295154752692693,0.1045701219782014,0.8659144027525292,5.694931578197666e-06,0.0488797047759533,0.8897081597329112,0.0309972723659088,0.0278728362696659,0.0019463242073529,0.0005881047453491,2.8654439626260664e-10,1.9026847360676867e-06,346.1213128250356,345.9655568326982,0.2216994717218118,-0.2216994717218118,3.101597413900341e-05,74.12194571654491,1230.360132342178,2140.975523796484,910.6153914543056,282.2281473741479,3318.58141973791,72.99794864773223,4487413.909705724,238.6677433749203,41,0.05,kl_090,0.0016591467065664,3.857000399320582e-09,2.1042274967965598e-09,7.22615289481562e-10,3.667684956699205e-05,712.5826370057642,0.0783790817353615,0.0508842589721761,230.40769633549337,110.85306046711808,0.008753580920255416,2.4310035721428067e-06
0.59,2.7331992615247453,9.729875260332737,80.6074420965182,93.07051661837568,0.0005065775861878,4.438124999454234,80.38097795425286,2.785348487190281,2.50640177368822,0.1738082876005835,0.0524826226497515,2.5706510836513545e-08,0.0001732063084845,0.4571882634660206,7.040146772068381,15.30085529628352,1.6855287352087107,24.48371906702663,1268.971884084735,4517.394071783118,37424.4860623177,0.2700473416264947,2365.8841026263303,42849.644369843176,1484.8188608766422,1336.1174171283153,92.65405201284172,27.977536145659016,1.370367561291714e-05,0.0923331478425316,0.0293669720641166,0.1045430455729487,0.8660899823629346,5.60759119630246e-06,0.0491280928205135,0.8897820918576647,0.03083258336189,0.0277447658636015,0.0019239813406035,0.0005809595622741,2.8455977482001447e-10,1.917317696408958e-06,346.2154334443551,346.0654244101416,0.2153027163200926,-0.2153027163200926,3.1040694992320964e-05,74.12783469858394,1181.541891493258,2079.331804216065,897.7899127228069,285.92617149654245,3324.5648978265062,73.7506548701864,4487413.90957417,241.51497825459347,41,0.05,kl_090,0.0016492011976153,3.864022393330196e-09,2.1080279365794793e-09,7.262331343948155e-10,3.674864036958514e-05,715.7453516207405,0.0791931529552716,0.0508304814076807,230.42600220661237,110.9188945461674,0.008875347079746231,2.458210506364807e-06
0.6,2.720472584842517,9.729875260332737,80.64344644489944,93.0937942900747,0.0004992082570195,4.461692612868732,80.41944812746327,2.7720329955350387,2.496149651928964,0.1719386474009441,0.0518850772555889,2.5542859492544693e-08,0.0001745672368113,0.4444615867837926,7.076151120449632,15.30085529628352,1.6855287352087107,24.50699673872565,1262.794653453181,4516.43384534449,37433.24361144114,0.2658760493021792,2376.2772118244284,42831.032649270055,1476.3721773921138,1329.4379621926655,91.57374232199255,27.633756382184327,1.360401089978742e-05,0.0929737170977605,0.0292229208787611,0.1045169050690427,0.866260174052196,5.523814883266522e-06,0.0493693037183822,0.8898533592426636,0.0306729644438579,0.027620273511711,0.0019025271440667,0.000574116228916,2.826356043637429e-10,1.931612883541562e-06,346.30595702778265,346.1615538721726,0.2089210451684515,-0.2089210451684515,3.106454239521763e-05,74.1335056706141,1134.1528672203417,2019.610676390138,885.4578091697964,289.55215677303147,3330.340628626675,74.48135369883684,4487413.909827964,244.3046688418081,41,0.05,kl_090,0.0016396445312624,3.870785160304427e-09,2.1116880806567317e-09,7.297443044278979e-10,3.681798343169136e-05,718.8100940898863,0.0799891527011232,0.0507785360444107,230.44363039471264,110.9823555047607,0.008994805249702535,2.484826425241578e-06
0.61,2.708128181358132,9.729875260332737,80.67826150479577,93.11626494648664,0.0004921395760114,4.4845705866939625,80.45662959896232,2.759124616514184,2.4861800571245887,0.1701432803330401,0.0513127043244966,2.538418769901896e-08,0.0001758957917496,0.4321171832994069,7.110966180345949,15.30085529628352,1.6855287352087107,24.529467395137583,1256.8071398630975,4515.50882315727,37441.73403199793,0.261879790650836,2386.352294445343,42812.987093233416,1468.1992917705795,1322.958657697763,90.5374995349394,27.304774745273576,1.3507561847262984e-05,0.0935985548918563,0.0290832990661135,0.1044916832298249,0.8664250177040616,5.4435022627121535e-06,0.0496033469484526,0.8899220193214947,0.0305183769507493,0.0274993668994267,0.0018819362973901,0.0005675642352521,2.807717361334528e-10,1.9455641997962668e-06,346.3929799569273,346.25404086916643,0.2025667737311035,-0.2025667737311035,3.1087534057113964e-05,74.13896390725574,1088.1873248919633,1961.7953842061231,873.6080593141598,293.1032332022233,3335.912470156737,75.19010441134806,4487413.909597049,247.0347362434173,41,0.05,kl_090,0.0016304655897638,3.877294859854994e-09,2.115211262621043e-09,7.331492893989648e-10,3.688492105598423e-05,721.7776105860304,0.0807665926964525,0.0507283917047804,230.4605972959252,111.04349556322384,0.009111856744424334,2.5108342011280193e-06
0.62,2.696163818838732,9.729875260332737,80.71190465941714,93.1379437385886,0.0004853627014689,4.5067612008173645,80.49254279995414,2.746620246099691,2.4764938134156798,0.1684200190396317,0.0507646236819483,2.523047574286097e-08,0.0001771915109595,0.4201528207800059,7.144609334967329,15.30085529628352,1.6855287352087107,24.551146187239564,1251.007836688226,4514.618182925484,37449.95928565396,0.2580529910973594,2396.1116182036467,42795.50399669387,1460.2967384380684,1316.6785046561947,89.54394217420501,26.99004876850181,1.341429762227253e-05,0.0942074849628874,0.028948071114884,0.1044673617407927,0.8665845671443233,5.366547376419165e-06,0.0498302556525175,0.8899881327449704,0.0303687688219881,0.0273820409703536,0.0018621826699459,0.0005612931467761,2.789677554411774e-10,1.95916710407704e-06,346.476598598442,346.34298120573874,0.1962515942177238,-0.1962515942177238,3.110968847790045e-05,74.14421480706339,1043.6357380395534,1905.8642056392364,862.2284675996829,296.57701107277694,3341.284532037752,75.8770351707885,4487413.909733866,249.70348313771865,41,0.05,kl_090,0.0016216531061045,3.883557727639671e-09,2.1186008571239027e-09,7.364488299063122e-10,3.694949829391162e-05,724.6488897406723,0.0815250958724478,0.0506800144187465,230.47691969162963,111.10236844429384,0.009226418424180925,2.536220335722819e-06
0.63,2.684576942746987,9.729875260332737,80.74439377665757,93.1588459797373,0.0004788689974023,4.52826743728953,80.52720855778881,2.7345164890974383,2.4670913339457665,0.1667667533575376,0.0502399864462847,2.5081699095612288e-08,0.0001784539832631,0.4085659446882619,7.177098452207747,15.30085529628352,1.6855287352087107,24.57204842838824,1245.395100906008,4513.76110279995,37457.92151972314,0.2543902324622031,2405.557704240284,42778.5791430868,1452.6609346328337,1310.596303691376,88.59173048102679,26.689056715503444,1.33241853160072e-05,0.0948003536089633,0.0288171983509853,0.1044439221847923,0.8667388794642223,5.292846993063408e-06,0.0500500696834751,0.8900517594308701,0.0302240851993185,0.0272682863566452,0.0018432408734736,0.0005552929144217,2.7722319957912093e-10,1.9724175794174817e-06,346.5569086037329,346.4284706947433,0.1899868136749939,-0.1899868136749939,3.1131024197540514e-05,74.14926372064669,1000.487522415008,1851.7945005593424,851.306978144334,299.9712801837836,3346.4609466514,76.54229264525377,4487413.909742882,252.3093456527526,41,0.05,kl_090,0.0016131961111679,3.88958001510272e-09,2.1218602474020387e-09,7.396437700678133e-10,3.701176093104696e-05,727.4249980470015,0.0822643234601223,0.0506333700887318,230.4926142141692,111.15902790587656,0.009338413181968572,2.560972644231367e-06
0.64,2.6733642074311685,9.729875260332737,80.775748321975,93.1789877897389,0.0004726497041829,4.54909384553098,80.56064929936493,2.7228091718436582,2.4579722429580952,0.1651813586177596,0.0497379561511279,2.4937820166037586e-08,0.000179682903368,0.3973532093724432,7.208452997525192,15.30085529628352,1.6855287352087107,24.592190238389865,1239.966929463695,4512.936739813885,37465.623405714105,0.2508860683020988,2414.693713212785,42762.20715618377,1445.2878777139344,1304.7104157134982,87.6795251401754,26.401286520868272,1.3237185167177678e-05,0.0953770557098557,0.0286906337023502,0.1044213453175568,0.866888020980093,5.222296882315559e-06,0.0502628445477241,0.8901129609308097,0.0300842626651772,0.0271580848726156,0.0018250854416957,0.0005495536568456,2.7553746326777377e-10,1.98531271205644e-06,346.63400635206926,346.5106050636975,0.1837830895621239,-0.1837830895621239,3.115156039291116e-05,74.1541160881324,958.7294180084788,1799.5605340744942,840.8311160660154,303.28417374531267,3351.4460239121263,77.18606892446715,4487413.909629085,254.85102397239405,41,0.05,kl_090,0.0016050836383306,3.895368096498024e-09,2.124992883141365e-09,7.427351552104755e-10,3.707175708921095e-05,730.1071739004338,0.0829840117718423,0.0505884228806661,230.50769777415064,111.21352904605668,0.009447775254641268,2.5850814543565957e-06
0.65,2.662521526333693,9.729875260332737,80.80598891274697,93.1983856994134,0.0004666959133956,4.56924644612494,80.59288859615366,2.7114933975115334,2.44913541669626,0.1636616999048197,0.0492577138192276,2.4798786848609104e-08,0.0001808780707849,0.3865105282749683,7.238693588297148,15.30085529628352,1.6855287352087107,24.611588148064342,1234.7209882977736,4512.144250715221,37473.06810627504,0.2475350114880585,2423.523410145104,42746.38159857618,1438.173187374494,1299.018795979509,86.80598994607783,26.126238533788644,1.3153249924125304e-05,0.0959375345798872,0.0285683223625884,0.1043996115095154,0.8670320661278962,5.154791550708186e-06,0.0504686505656681,0.8901717997913129,0.0299492300106029,0.0270514101155719,0.0018076908831399,0.0005440657175571,2.73909784178167e-10,1.997850686556453e-06,346.7079867686204,346.5894797909058,0.1776504268023483,-0.1776504268023483,3.117131645234048e-05,74.15877733910503,918.3457937429664,1749.133733150173,830.7879394072064,306.51418420068313,3356.2441709272503,77.8085986370683,4487413.909847405,257.3274988399382,41,0.05,kl_090,0.001597304814516,3.900928302940551e-09,2.1280021906390323e-09,7.457241859111618e-10,3.712953600343154e-05,732.6967978279961,0.0836839765232006,0.0505451357036904,230.5221872494101,111.265927151233,0.009554450632850474,2.608539714194917e-06
0.66,2.6520445364838854,9.729875260332737,80.83513673672888,93.2170565335455,0.0004609990135431,4.588731874316551,80.62395050261595,2.700564018658413,2.440579367357772,0.1622057035960181,0.048798466516555,2.4664545272034008e-08,0.0001820393360596,0.3760335384251602,7.267841412279062,15.30085529628352,1.6855287352087107,24.63025898219645,1229.6548253680794,4511.382783925712,37480.25893991663,0.2443317747786161,2432.050763445033,42731.09559295099,1431.3123893926818,1293.5192284501736,85.96983133266873,25.86343046339157,1.3072331921291257e-05,0.0964817553884507,0.0284502068087669,0.1043787008746762,0.8671710923165569,5.090229182186281e-06,0.0506675637250346,0.890228337968375,0.0298189136468755,0.0269482318881449,0.0017910324788238,0.0005388197610216,2.723393855967917e-10,2.0100302028741e-06,346.7789450896877,346.66519022205455,0.1715982727021017,-0.1715982727021017,3.119031196142851e-05,74.16325289472474,879.3199365404807,1700.4847857394925,821.1648491990118,309.6599762837766,3360.8598388116,78.4101322818829,4487413.909654262,259.7378731228102,41,0.05,kl_090,0.0015898490077958,3.906267048291998e-09,2.1308916410397054e-09,7.486121756353795e-10,3.718514803458344e-05,735.1953233338473,0.0843640660950171,0.050503471263224,230.5360994915968,111.31627798376957,0.009658391262259548,2.6313415398381574e-06
0.67,2.641927971960344,9.729875260332737,80.86321451217648,93.23501774446956,0.0004555501372236,4.607558533551011,80.65386063161039,2.6900149943125866,2.432301732469136,0.1608112590065861,0.0483594303474013,2.45350244556129e-08,0.0001831666770867,0.3659169739016185,7.295919187726665,15.30085529628352,1.6855287352087107,24.648220193120512,1224.765580218204,4510.651480717601,37487.19983718071,0.2412709676473506,2440.280476385617,42716.34098867522,1424.700527189276,1288.2090129083829,85.16974290814365,25.612387312406817,1.2994374511078136e-05,0.0970097423102442,0.0283362199726406,0.1043585928947805,0.8673051871325789,5.028505459204847e-06,0.0508596778847909,0.8902826392803578,0.0296932301824834,0.0268485102752802,0.0017750851722808,0.0005338065772254,2.7082530403498484e-10,2.0218512967383764e-06,346.8469754828071,346.7378309555125,0.1656352405738967,-0.1656352405738967,3.1208566912415e-05,74.16754821116926,841.6321653025225,1653.580779903768,811.9486146012455,312.72064343257125,3365.297625813047,78.99097220041726,4487413.909767971,262.0815846436636,41,0.05,kl_090,0.0015827055604355,3.911390726926605e-09,2.1336646948721487e-09,7.51400623963188e-10,3.723864512925758e-05,737.6043744361398,0.0850242224318021,0.0504633904458246,230.54945146121187,111.36463787463178,0.009759563125458871,2.6534841349389525e-06
0.68,2.6321663350779367,9.729875260332737,80.8902452428603,93.25228683827098,0.0004503406987162,4.625735352866307,80.68264479276418,2.6798400786512766,2.424299828815152,0.1594763170037502,0.0479398485603146,2.4410151232073452e-08,0.0001842601218958,0.356155337019212,7.322949918410478,15.30085529628352,1.6855287352087107,24.66548928692192,1220.0502979838454,4509.94948629001,37493.894856616615,0.2383473890800636,2448.217420885898,42702.109281370096,1418.3325817973812,1283.0853089505515,84.40446063680969,25.372651794112738,1.291932048291324e-05,0.0975215411146524,0.0282262926124583,0.1043392670595566,0.867434440327985,4.969519553038625e-06,0.0510450917467168,0.8903347666144455,0.0295720944339196,0.0267522021351133,0.0017598246790838,0.0005290172872878,2.6936655777774563e-10,2.033314513249948e-06,346.91217116934,346.80749630390426,0.15976934918653,-0.15976934918653,3.1226101241665044e-05,74.17166867951006,805.2619282185658,1608.388263094471,803.1263348759053,315.6954589620145,3369.562125163981,79.55143404083205,4487413.909777609,264.35820114035954,41,0.05,kl_090,0.0015758640922365,3.91630571585463e-09,2.1363248033161114e-09,7.540911121111552e-10,3.7290079598656975e-05,739.9256258385316,0.0856644214835489,0.0504248542233289,230.56225991637385,111.41106294387006,0.009857938363081778,2.674965898053964e-06
0.6900000000000001,2.622753578183433,9.729875260332737,80.91625294006037,93.26888177857654,0.000445362159762,4.643272373582202,80.71032977592681,2.6700324907840227,2.41657039596651,0.1581988407935179,0.0475389792636413,2.4289844305429057e-08,0.0001853197865561,0.3467425801247078,7.348957615610559,15.30085529628352,1.6855287352087107,24.68208422722749,1215.5057781374796,4509.275937270003,37500.34841702479,0.2355558965562772,2455.86690054318,42688.391177816,1412.2032674194695,1278.1449742324942,83.67273456098553,25.143777117928444,1.2847108644421283e-05,0.0980172372416564,0.028120349769068,0.1043207024121055,0.8675589478188264,4.913171477516033e-06,0.0512239149379209,0.8903847834935613,0.0294554155314155,0.0266592580501556,0.0017452269244832,0.000524443201715,2.679620789931708e-10,2.044421308746879e-06,346.9746251164236,346.8742797382527,0.1540078400383502,-0.1540078400383502,3.124293519190727e-05,74.17561970866147,770.1867260710804,1564.8717659693964,794.685039898316,318.58399124745284,3373.658021370973,80.09186502756326,4487413.909685174,266.5675127691053,41,0.05,kl_090,0.0015693143089742,3.921018425662182e-09,2.1388754357215203e-09,7.566853640111195e-10,3.733950505943616e-05,742.1608638364198,0.0862846991499137,0.050387822605311,230.57454167066575,111.45560983296396,0.00995349899172332,2.6957872635939697e-06
0.7000000000000001,2.6136831612305795,9.729875260332737,80.94126221839362,93.28482063995692,0.000440606003779,4.660180637399001,80.73694293955558,2.660584976499874,2.4091096464338606,0.1569768092172338,0.0471560995757181,2.4174013187352937e-08,0.0001863458713558,0.3376721631718542,7.373966893943793,15.30085529628352,1.6855287352087107,24.69802308860788,1211.1286057141408,4508.629979569165,37506.56525986528,0.2328913924831859,2463.2346099653514,42675.17669926827,1406.307074080747,1273.384600732848,82.97333075947715,24.925329205846428,1.2777673351752582e-05,0.0984969544022206,0.028018311481976,0.1043028779343025,0.8676788105837214,4.859361809797726e-06,0.0513962670093176,0.8904327535152068,0.0293430977236728,0.0265696229989799,0.0017312680834841,0.0005200758669012,2.6661070313304685e-10,2.055174016953396e-06,347.0344281921443,346.93827368930323,0.14835721062696,-0.14835721062696,3.1259088943516696e-05,74.17940664040626,736.3824297034909,1522.994072628873,786.6116429253822,321.3861068071378,3377.5900197005917,80.61264065566391,4487413.909861176,268.7095385699217,41,0.05,kl_090,0.001563046079255,3.925535159192355e-09,2.141320003101617e-09,7.591852030413312e-10,3.738697536142997e-05,744.3119583074783,0.0868851530303236,0.0503522550726887,230.5863133289926,111.49833470980964,0.010046236897894878,2.7159507264459443e-06
0.71,2.604948368865062,9.729875260332737,80.96529801216681,93.3001216413646,0.0004360640358287,4.676471598655758,80.76251187774318,2.65149012858726,2.401913533089717,0.1558082625406596,0.0467905091988609,2.40625675322633e-08,0.0001873386217287,0.3289373708063368,7.398002687716987,15.30085529628352,1.6855287352087107,24.71332409001555,1206.915294612503,4508.010756268348,37512.55021853575,0.2303489841189566,2470.32635921034,42662.45559685978,1400.638455222933,1268.8006733626137,82.30505624103316,24.71688874750048,1.2710949610453214e-05,0.0989608352347827,0.0279200961696298,0.1042857725066351,0.867794131323735,4.80799499577461e-06,0.0515622711271856,0.890478739473103,0.0292350439892699,0.0264832393834762,0.0017179250867869,0.0005159071044469,2.6531127259949946e-10,2.06557542420416e-06,347.0916711440833,346.999570136107,0.1428233053324211,-0.1428233053324211,3.127458273769992e-05,74.18303478524268,703.8241361731018,1482.7176302271266,778.8934940540248,324.1018271604795,3381.3628353220315,81.11414648545382,4487413.909709378,270.78440467261623,41,0.05,kl_090,0.001557049500657,3.929862255072295e-09,2.143661935898382e-09,7.615925350733332e-10,3.743254498435736e-05,746.3808226451871,0.0874659068920507,0.0503181111598872,230.59759139901155,111.53929386467762,0.010136149408970134,2.7354597418233968e-06
0.72,2.5965419411712247,9.729875260332737,80.98838596815315,93.31480316965713,0.0004317280194044,4.692157802358494,80.78706488050082,2.64274001014429,2.39497744782995,0.1546912427490338,0.0464415225728359,2.39554066332758e-08,0.0001882983750414,0.3205309431124996,7.421090643703334,15.30085529628352,1.6855287352087107,24.728005618308064,1202.8621190503638,4507.417418591877,37518.30849309489,0.2279237856517477,2477.1483923237647,42650.21687648654,1395.1916033531663,1264.3893885157863,81.66672550733989,24.518046456268543,1.264686728976882e-05,0.0994090643704572,0.0278256166543095,0.1042693648792539,0.8679050184664366,4.758975304146759e-06,0.0517220613463658,0.8905228045914844,0.0291311517397119,0.0264000435828392,0.0017051749502519,0.0005119289207032,2.640625195599007e-10,2.075629276666121e-06,347.1464425593204,347.0582592007501,0.1374111644127735,-0.1374111644127735,3.128943679662052e-05,74.18650939877188,672.4851367809646,1444.0028699054806,771.517733124516,326.73149561420865,3384.9812160602805,81.5967993431004,4487413.909798055,272.79248554607807,41,0.05,kl_090,0.001551314780469,3.934005934604032e-09,2.145904601007459e-09,7.63909369167657e-10,3.747626867734684e-05,748.3694595400148,0.0880271510740948,0.0502853496894378,230.6083922177324,111.57854312931958,0.010223244481486076,2.7543199799194553e-06
0.73,2.5884564876467344,9.729875260332737,81.01055180702262,93.3288835550021,0.0004275900093936,4.707252114635227,80.81063022920432,2.63432657651585,2.3882965691816587,0.1536238512349386,0.0461084772207453,2.3852429488934967e-08,0.000189225510191,0.3124454895880093,7.443256482572803,15.30085529628352,1.6855287352087107,24.74208600365304,1198.9653047192255,4506.849124974362,37523.84534811442,0.2256110973033674,2483.70703602814,42638.4493539489,1389.96070190206,1260.1468645700568,81.05719237507311,24.32840784916885,1.258535670180981e-05,0.0998418439488775,0.0277347846566841,0.1042536339202918,0.8680115814230239,4.712210514307599e-06,0.0518757745054275,0.8905650110343712,0.0290313176624024,0.0263199699650152,0.0016929954188222,0.0005081336008444,2.6286317865311226e-10,2.085339739255534e-06,347.19882989047096,347.1144304099208,0.1321251981329253,-0.1321251981329253,3.130367119490106e-05,74.18983566076075,642.3381701293519,1406.810065580164,764.4718954508122,329.2756059994514,3388.449879408488,82.06102355237122,4487413.90980702,274.73426174332155,41,0.05,kl_090,0.0015458323800192,3.937972373325039e-09,2.148051340601546e-09,7.661377677212875e-10,3.7518201178485446e-05,750.2798957735258,0.0885691015358334,0.0502539297765608,230.6187318864345,111.61613789384452,0.010307535302708616,2.772538032505535e-06
0.74,2.580684325363608,9.729875260332737,81.0318216482911,93.34238123398744,0.0004236422135855,4.721768019216857,80.83323655438122,2.626241507654995,2.381865733460883,0.1526042218978608,0.0457907277912794,2.3753531259528987e-08,0.0001901204672232,0.3046733273048821,7.464526323841278,15.30085529628352,1.6855287352087107,24.755583682638388,1195.220952409882,4506.305037461609,37529.16623474756,0.2234063279963725,2490.008835276308,42627.14144050053,1384.9398214855364,1256.0690607039105,80.4753345102209,24.14758969732891,1.2526346585542136e-05,0.1002594030935325,0.0276475090012374,0.1042385584308399,0.8681139325679227,4.667610353464859e-06,0.0520235533343683,0.8906054206733207,0.0289354357491459,0.0262429493604301,0.0016813646593061,0.0005045136397582,2.617119467391049e-10,2.0947116051214888e-06,347.2489194282818,347.16817168039535,0.1269691046963292,-0.1269691046963292,3.131730598887279e-05,74.19301870411918,613.354904332624,1371.0985786113995,757.7436742787755,331.7348646775764,3391.773550349384,82.50726022657642,4487413.909736197,276.6103709657161,41,0.05,kl_090,0.0015405929245496,3.941767697795964e-09,2.150105470351182e-09,7.68279869909996e-10,3.75583974961395e-05,752.1142092828989,0.0890920142247548,0.0502238103481079,230.6286263607425,111.65213327402196,0.010389042264284968,2.790121870641653e-06
0.75,2.5732175300460254,9.729875260332737,81.05222168562081,93.35531447599956,0.0004198769672134,4.735719516957084,80.85491250634325,2.618476262173454,2.375679481202197,0.1516305228659321,0.0454876490106884,2.3658602467844854e-08,0.00019098374255,0.2972065319873002,7.484926361170992,15.30085529628352,1.6855287352087107,24.768516924650523,1191.625064950232,4505.784335630679,37534.276757690575,0.2213049815095152,2496.060517655585,42616.28123095811,1380.1229551342033,1252.15180806221,79.92005439551781,23.97522157509641,1.246976374159105e-05,0.1006619960465265,0.0275636962340003,0.1042241174479055,0.8682121863180942,4.625086216021599e-06,0.0521655455553684,0.8906440946559968,0.0288433979780601,0.0261689096573094,0.001670261281274,0.0005010617749165,2.606074748290242e-10,2.103750250972064e-06,347.2967948776952,347.219569163589,0.121945923856863,-0.121945923856863,3.133036092801636e-05,74.19606354935902,585.5062099710041,1336.8270852890516,751.3208753180476,334.11018686656644,3394.956906045713,82.93596433594918,4487413.909869874,278.421608857293,41,0.05,kl_090,0.0015355872603388,3.9453978758052485e-09,2.1520702199821558e-09,7.703378557424266e-10,3.7596912061598864e-05,753.874506314468,0.0895961854646163,0.0501949504848496,230.63809124689232,111.6865833348754,0.01046779274425652,2.807080828379922e-06
0.76,2.566048099836311,9.729875260332737,81.07177819884562,93.36770155901466,0.0004162869049174,4.749120821057157,80.87568674575468,2.611022240000893,2.3697321992746847,0.150700978886372,0.0451986347703394,2.3567534977890723e-08,0.0001918158666924,0.2900371017775858,7.504482874395814,15.30085529628352,1.6855287352087107,24.78090400766563,1188.173618477983,4505.286201044484,37539.18255277896,0.2193027463869936,2501.868847371227,42605.85670547682,1375.5041086947012,1248.3908894653246,79.39029107712511,23.810945338394315,1.2415536220742295e-05,0.1010498909990909,0.0274832523130538,0.1042102900453515,0.8683064576415948,4.584553040272294e-06,0.0523019005440898,0.8906810931943898,0.0287550960820859,0.0260977773513461,0.0016596645793183,0.0004977709747887,2.595484336843247e-10,2.1124613924421968e-06,347.34253946558204,347.26870828155984,0.1170580896656898,-0.1170580896656898,3.1342855703551446e-05,74.19897516933361,558.7625411953798,1303.954283276406,745.1917420810262,336.4026058817681,3398.004604858072,83.34759530506504,4487413.909756998,280.16885032594547,41,0.05,kl_090,0.0015308064455816,3.948868871388654e-09,2.1539488172416195e-09,7.723139553455273e-10,3.763379948264905e-05,755.5629105789619,0.0900819291785594,0.0501673095404559,230.64714200297357,111.7195419579136,0.010543818334450946,2.8234249077411278e-06
0.77,2.5591678200495416,9.729875260332737,81.09051745371049,93.37956053409276,0.0004128647628191,4.761986600976984,80.89558786968674,2.6038706471896726,2.364018012166078,0.149813845160423,0.0449230979602228,2.3480215931794785e-08,0.0001926174229419,0.2831568219908167,7.523222129260676,15.30085529628352,1.6855287352087107,24.79276298274372,1184.8625042724182,4504.809835797684,37543.88939647173,0.2173953892143211,2507.440750050703,42595.85557887634,1371.077223796632,1244.7819774089558,78.88500572428356,23.654414823610026,1.2363590068752598e-05,0.1014233797624287,0.0274060812174757,0.104197055594199,0.8683968631883253,4.54592711645693e-06,0.0524327721013767,0.8907164757473204,0.0286704200716461,0.026029476363924,0.0016495542426171,0.0004946344361726,2.5853344706814755e-10,2.1208512929875915e-06,347.38623345670254,347.3156716995671,0.1123074139583413,-0.1123074139583413,3.135480963269865e-05,74.20175841172183,533.0936824676761,1272.4382794487906,739.3445969811145,338.6133536087994,3400.921241490661,83.74262477792027,4487413.909822357,281.8531218538565,41,0.05,kl_090,0.0015262417560956,3.9521864570560304e-09,2.1557443861861156e-09,7.742104239541312e-10,3.766911351437389e-05,757.1815635376842,0.0905495978169425,0.0501408471178292,230.65579369797177,111.75106172848444,0.010617157241493577,2.8391654018676574e-06
0.78,2.5525684346329998,9.729875260332737,81.10846561484485,93.39090930981058,0.0004096035414339,4.774331662669517,80.91464430168543,2.597012667310421,2.358530930352796,0.1489674301475032,0.0446604705912685,2.3396533373419862e-08,0.0001933890241188,0.2765574365742745,7.541170290395026,15.30085529628352,1.6855287352087107,24.80411175846153,1181.6876047735857,4504.354451433722,37548.40307466508,0.215578840163285,2512.783162933198,42586.26551351044,1366.8362747746498,1241.3207187482972,78.40319373429848,23.50529591981992,1.2313852343232905e-05,0.1017827662668483,0.0273320867469576,0.1041843936657186,0.8684835195873236,4.509127869718435e-06,0.0525583150088354,0.8907503006730753,0.0285892601298916,0.0259639296877529,0.0016399106038166,0.0004916455846861,2.5756115369399546e-10,2.1289265109843877e-06,347.42795589292626,347.3605412585724,0.1076951594237594,-0.1076951594237594,3.136624182004042e-05,74.20441804464696,508.469187410171,1242.2373351680665,733.7681477578955,340.7437702255224,3403.711362405143,84.12152677363247,4487413.909829854,283.47552417023104,41,0.05,kl_090,0.0015218846933425,3.955356341012591e-09,2.1574600161069086e-09,7.760295430966048e-10,3.770290760322511e-05,758.7326093508051,0.0909995601913202,0.0501155232641919,230.66406115357415,111.78119463125986,0.010687851495566027,2.8543142104782734e-06
0.79,2.5462416157526064,9.729875260332737,81.12564874264461,93.40176561872995,0.0004064964462121,4.786171000614333,80.93288429820441,2.5904394302195923,2.35326482949881,0.1481600868942813,0.0444102029133017,2.33163747400943e-08,0.0001941313162724,0.2702306176938817,7.558353418194783,15.30085529628352,1.6855287352087107,24.81496806738089,1178.6447799923426,4503.919272475693,37552.72941203107,0.2138491598028586,2517.903063339405,42577.074089744405,1362.775248921925,1238.002721232357,77.94387969169091,23.36326594778462,1.2266250281596167e-05,0.1021283685580479,0.0272611721939655,0.1041722840663473,0.8685665437396871,4.474077189873038e-06,0.0526786856323561,0.8907826253424136,0.0285115062492924,0.0259010591445512,0.0016307145398199,0.0004887980638048,2.566301903676197e-10,2.136693941775313e-06,347.46778400679887,347.403396634069,0.1032220493472385,-0.1032220493472385,3.13771710982057e-05,74.20695874214556,484.8583290687626,1213.309713723232,728.4513846544693,342.7953201258569,3406.379456089552,84.48477943262729,4487413.90977828,285.03724742077367,41,0.05,kl_090,0.0015177269761202,3.958384121652456e-09,2.159098736869766e-09,7.777736128883616e-10,3.773523463540614e-05,760.2181939301925,0.0914322059084934,0.0500912984557978,230.6719588990001,111.8099917662952,0.010755947411253209,2.8688839686771715e-06
0.8,2.5401790010927345,9.729875260332737,81.14209255279394,93.4121468142194,0.0004035368618509,4.797519723334875,80.95033570606273,2.584142051284151,2.348213485713709,0.1473902131988281,0.0441717653183527,2.3239626181845597e-08,0.0001948449745347,0.2641680030340095,7.574797228344117,15.30085529628352,1.6855287352087107,24.825349262870358,1175.7298870517332,4503.503546772619,37556.87424831007,0.2122025249716185,2522.807443719808,42568.26886975517,1358.8881710896453,1234.823576104821,77.50611741747669,23.228014635429627,1.2220710971891796e-05,0.1024605171995013,0.0271932407906726,0.1041607070618318,0.8686460521474955,4.440699146022207e-06,0.0527940412697888,0.8908135058376336,0.028437048718928,0.0258407858277377,0.0016219474743447,0.0004860857559029,2.55739184931576e-10,2.144160778905311e-06,347.50579216579933,347.44431523621114,0.0988883253474778,-0.0988883253474778,3.1387615814365216e-05,74.20938503611352,462.2303044219318,1185.613839318238,723.3835348963062,344.76958723476935,3408.9299125590355,84.83286287507961,4487413.909874672,286.5395706818997,41,0.05,kl_090,0.0015137605794753,3.961275205752782e-09,2.1606634746239287e-09,7.794449245108416e-10,3.776614630520137e-05,761.6404481238728,0.0918479455411142,0.0500681338428903,230.67950102162493,111.83750277409484,0.010821495348602213,2.882888027983231e-06
0.81,2.5343722287269044,9.729875260332737,81.1578226807048,93.42207016976444,0.000400718431566,4.808392988396121,80.96702622672863,2.578111661755546,2.343370610181068,0.1466562561836124,0.0439446439306657,2.316617590715777e-08,0.00019553069571,0.2583612306681792,7.590527356254967,15.30085529628352,1.6855287352087107,24.83527261841537,1172.938791025976,4503.1065268660695,37560.84340666286,0.210635268371609,2527.5032735298355,42559.83741967262,1355.1691137429502,1231.778871365063,77.08899178628742,23.09924160876648,1.217716305256488e-05,0.1027795512295362,0.0271281959832564,0.1041496430410055,0.8687221609757381,4.40892083206012e-06,0.052904539310606,0.8908429972783147,0.0283657783558105,0.0257830303939021,0.0016135914200723,0.0004835027311475,2.5488679209755064e-10,2.151334427652626e-06,347.54205410590487,347.4833735999406,0.0946937448944749,-0.0946937448944749,3.139759418739705e-05,74.21170140499326,440.55419846305495,1159.1084200931182,718.5542216300632,346.6682310961696,3411.3670857929087,85.16625719882141,4487413.909794966,287.9838212644479,41,0.05,kl_090,0.0015099776656292,3.9640349746228254e-09,2.162157141776838e-09,7.81045792803328e-10,3.779569418111624e-05,763.0015014598118,0.092247198832379,0.0500459909843961,230.68670144266468,111.86377693925616,0.010884548437620314,2.896340113863163e-06
0.8200000000000001,2.528812979319268,9.729875260332737,81.17286414196565,93.43155238161764,0.0003980349652268,4.818805915680361,80.98298287267168,2.5723394573008287,2.3387298873515454,0.1459567101553394,0.0437283468471547,2.3095910911313303e-08,0.0001961891955455,0.2528019812605428,7.60556881751583,15.30085529628352,1.6855287352087107,24.8447548302686,1170.2673913636077,4502.72749796944,37564.64267851952,0.20914383071879,2531.9974794710965,42551.767409106185,1351.6122326147188,1228.8642214596773,76.69161794266512,22.976659765057416,1.213553507586697e-05,0.1030858177965354,0.0270659420170011,0.1041390730680726,0.8687949849149262,4.378671368758369e-06,0.053010336623486,0.8908711531388203,0.0282975871880782,0.0257277136222675,0.0016056289614433,0.0004810433179749,2.5407165871753156e-10,2.1582224890852527e-06,347.576639711874,347.52064479924405,0.0906376861789344,-0.0906376861789344,3.1407123740602264e-05,74.21391213871463,419.7993567741185,1133.7526447589644,713.9532879848459,348.493005524894,3413.695185419124,85.48544005635469,4487413.909840664,289.37139892897966,41,0.05,kl_090,0.0015063706954904,3.966668539842786e-09,2.163582504721222e-09,7.825784889264122e-10,3.78239279616608e-05,764.3034444123539,0.0926304022652969,0.0500248324436968,230.69357349734472,111.88886146730158,0.010945162947254736,2.909254506087944e-06
0.8300000000000001,2.5234929583286125,9.729875260332737,81.18724174888013,93.44060996754148,0.0003954804987388,4.828773621432882,80.99823239226458,2.5668166734495266,2.334284965450326,0.1452901149384469,0.0435223974411028,2.3028719866179747e-08,0.0001968212072675,0.2474819602698871,7.619946424430293,15.30085529628352,1.6855287352087107,24.853812416192408,1167.711607203281,4502.365754828884,37568.27782462974,0.2077247891954807,2536.296949618533,42544.04655234865,1348.2117426677366,1226.0752525514424,76.31313957078014,22.859991485208383,1.2095756920756123e-05,0.1033796708541728,0.0270063836184845,0.1041289784357423,0.8688646379457732,4.349882524376774e-06,0.05311158971688,0.8908980258498659,0.028232368035146,0.0256747561776338,0.0015980432257744,0.0004787020261473,2.5329245417691914e-10,2.164832735496033e-06,347.60961776000266,347.55620100336785,0.0867191077943844,-0.0867191077943844,3.141622176994825e-05,74.21602145402672,399.9351427949471,1109.506065394375,709.5709225994278,350.2457296481372,3415.9183665445034,85.79088767660392,4487413.909848085,290.70374596020406,41,0.05,kl_090,0.0015029323208953,3.9691809480619e-09,2.164942294738021e-09,7.840452907467424e-10,3.7850896899379925e-05,765.5483564600589,0.0929980002735977,0.0500046212943368,230.70013029340836,111.91280294117998,0.011003397516603217,2.9216458007570533e-06
0.84,2.518403957917125,9.729875260332737,81.20097970110555,93.44925891935542,0.0003930492541326,4.838311096751821,81.01280085338415,2.561534652199719,2.330029511381195,0.1446550582556829,0.0433263390261133,2.2964491672429524e-08,0.0001974274751064,0.2423929598583997,7.633684376655735,15.30085529628352,1.6855287352087107,24.86246136800636,1165.2674104573928,4502.02062025765,37571.75454138337,0.2063748368093739,2540.408492133295,42536.66272051156,1344.9619615635197,1223.407639415297,75.95273042063819,22.74897115831953,1.2057759101379416e-05,0.1036614687049908,0.0269494267481612,0.1041193410504132,0.8689312322014255,4.322488283525946e-06,0.0532084536680162,0.8909236662391131,0.0281700153493825,0.0256240793165756,0.0015908179137569,0.0004764735992738,2.5254785538332406e-10,2.1711730502507767e-06,347.6410538400895,347.5901115557723,0.0829366458743086,-0.0829366458743086,3.142490495471985e-05,74.21803340300725,380.9312934421423,1086.328875274707,705.3975818325646,351.9282847866757,3418.04065233075,86.0830713104404,4487413.909814281,291.9823507999416,41,0.05,kl_090,0.0014996554686609,3.97157702265525e-09,2.166239122253149e-09,7.854484330009885e-10,3.787664860564263e-05,766.7382754403687,0.0933504468224518,0.049985321597073,230.70638442671887,111.9356461499032,0.011059312900298867,2.9335289188761777e-06
0.85,2.5135378735763507,9.729875260332737,81.21410047655658,93.45751361046568,0.0003907354246161,4.847433163776405,81.02671253228009,2.5564848710196726,2.3259572255366585,0.1440501656023606,0.0431397470127196,2.2903107394044592e-08,0.0001980087583219,0.2375268755176262,7.646805152106767,15.30085529628352,1.6855287352087107,24.87071605911662,1162.9308490575727,4501.691506889208,37575.07846431106,0.205090671621844,2544.3388558323118,42529.604038031976,1341.8573442723675,1220.8571311845355,75.60958988976195,22.64335182080737,1.2021468701709757e-05,0.1039315779242335,0.0268949790816484,0.1041101446469805,0.868994876271371,4.296422524808726e-06,0.0533010823188493,0.8909481221901405,0.0281104258590656,0.0255756053481855,0.0015839372045789,0.0004743531533187,2.518364609314965e-10,2.1772515000386308e-06,347.67100356559206,347.622440678047,0.0792887647164659,-0.0792887647164659,3.1433188133633166e-05,74.21995158640617,362.758439003201,1064.182014273805,701.4235752706039,353.5426879876545,3420.065718853961,86.36245627610727,4487413.909876889,293.20882585015653,41,0.05,kl_090,0.0014965335559209,3.9738608485258864e-09,2.167475197872833e-09,7.867899778533985e-10,3.790122549198286e-05,767.8751319267858,0.0936882288439562,0.0499668994538332,230.71234709018947,111.95743055424968,0.011112973824786316,2.9449197231589525e-06
0.86,2.508886663960652,9.729875260332737,81.22662812787686,93.46539005217024,0.0003885337753991,4.856154577833002,81.03999322978,2.551658861752814,2.32206182074692,0.1434741208404046,0.0429621885979229,2.2844464400984287e-08,0.0001985658141073,0.232875665901927,7.659332803427052,15.30085529628352,1.6855287352087107,24.87859250082121,1160.697980130134,4501.377732128393,37578.255150024925,0.203869301258529,2548.094665821843,42522.85860290461,1338.8923747008807,1218.4194807476858,75.28294994267904,22.542882818868165,1.198682145527593e-05,0.1041903596008051,0.0268429486311483,0.1041013711589042,0.8690556802099474,4.2716254611295484e-06,0.0533896274951676,0.8909714428158902,0.0280534966381811,0.0255292564607262,0.0015773859221516,0.0004723357151954,2.511570472370394e-10,2.183076069460081e-06,347.69953310786264,347.6532558530016,0.0757733916380224,-0.0757733916380224,3.1441087981936284e-05,74.22178002255988,345.38657995371,1043.0268286353182,697.6402486816082,355.0908533538944,3421.997546344275,86.62950426537104,4487413.909865429,294.3846619537877,41,0.05,kl_090,0.0014935598011914,3.976037323011546e-09,2.1686531721547155e-09,7.880721957515781e-10,3.792467544940645e-05,768.9609442382292,0.0940117931532314,0.0499493197656177,230.7180307747987,111.978201001305,0.011164442761880628,2.9558330598703436e-06
0.87,2.504442437707496,9.729875260332737,81.23857523686854,93.47289293490876,0.0003864371603737,4.864489744365519,81.05265717702571,2.5470484530037503,2.3183370629634656,0.1429255618094278,0.0427933757742301,2.2788378687307293e-08,0.0001990994707752,0.2284314396487705,7.6712799124187185,15.30085529628352,1.6855287352087107,24.88609538355972,1158.565099954507,4501.079255728881,37581.29019951428,0.2027067766200538,2551.682749733493,42516.415494191766,1336.061939033393,1216.0906903922917,74.97203401189482,22.447394177867388,1.1953712690657714e-05,0.1044382271843884,0.0267932483854062,0.104093015149411,0.8691137364651828,4.248016940708649e-06,0.0534742435794301,0.8909936623187684,0.0279991317778589,0.0254849588176691,0.0015711486111728,0.0004704179718721,2.505075304386952e-10,2.1886557802082363e-06,347.7266374906677,347.6825960008677,0.0723894038576232,-0.0723894038576232,3.144860838975248e-05,74.22351970252946,328.79086600037647,1022.8259996433104,694.0351336429338,356.5755603480734,3423.837847038571,86.88466835875717,4487413.909872544,295.5122245101818,41,0.05,kl_090,0.0014907298740031,3.978105973069651e-09,2.1697727877765313e-09,7.892960484380842e-10,3.79470093913382e-05,769.9970519393728,0.0943218431220647,0.0499325588031548,230.72343856125485,111.99796515139144,0.011213805158743111,2.966290706945481e-06
0.88,2.5001973822116685,9.729875260332737,81.24995654436192,93.48002918690632,0.0003844391382214,4.8724529744091445,81.0647207203575,2.542645533572542,2.314776752351049,0.1424031880359649,0.0426330026864334,2.2734687861793146e-08,0.0001996105473479,0.2241863841529437,7.682661219912097,15.30085529628352,1.6855287352087107,24.893231635557267,1156.528510883667,4500.79590754638,37584.18912049647,0.2015995245998384,2555.1097836198715,42510.263743307936,1333.3609402143886,1213.8667644186382,74.67609864689909,22.35670674326167,1.192204905584662e-05,0.104675584376349,0.0267457916301321,0.1040850687035899,0.869169139666278,4.225524560098889e-06,0.0535550823637377,0.8910148169256795,0.0279472355479798,0.0254426384978828,0.0015652104810821,0.0004685964097092,2.498860609526658e-10,2.1939994824041416e-06,347.75232616444464,347.7105048185137,0.069135097899875,-0.069135097899875,3.145575577170551e-05,74.22517219796916,312.9455428079342,1003.5426074374184,690.5970646294841,357.9994293442584,3425.5887557288297,87.12839711496014,4487413.910056688,296.5937042541766,41,0.05,kl_090,0.0014880390970497,3.980067423416064e-09,2.1708343818464492e-09,7.9046276716233e-10,3.796824563144568e-05,770.9849122151809,0.0946190261288552,0.0499165910349175,230.72857533503736,112.01673805587843,0.011261142615862932,2.9763129772658914e-06
0.89,2.496143746645236,9.729875260332737,81.26076347560071,93.48678248257868,0.0003825290177012,4.880058282003923,81.07617677775191,2.5384423358433805,2.3113746424854305,0.1419055342668438,0.0424810408752627,2.268305579287185e-08,0.0002001000236354,0.220132748586511,7.693468151150892,15.30085529628352,1.6855287352087107,24.899984931229632,1154.5848869571676,4500.5288428027525,37586.95769729806,0.2005418206721973,2558.3830966354685,42504.394050567375,1330.784918646252,1211.7440968140102,74.3943410524675,22.270794859876908,1.1891650297400264e-05,0.1049029516702955,0.0267004990476637,0.1040775498092032,0.8692219511431329,4.204030379958134e-06,0.0536323058491011,0.8910349136720995,0.027897723319885,0.0254022277182171,0.0015595553527598,0.0004668706899284,2.4928894606889243e-10,2.199118339960019e-06,347.7764617975138,347.7369701898233,0.0660109237314875,-0.0660109237314875,3.1462510286181065e-05,74.22673288128443,297.8345760659919,985.1410885292622,687.3065124632703,359.36692061087166,3427.2477937992367,87.36113554574814,4487413.910270492,297.63315487995794,41,0.05,kl_090,0.0014854875764287,3.981911189955708e-09,2.1718322763476e-09,7.915708848070163e-10,3.798832640400214e-05,771.9246176477034,0.0949045381467744,0.0499014133474651,230.73342671129183,112.03445836307536,0.011306585436232764,2.9859350076481527e-06
0.9,2.4922730951109084,9.729875260332737,81.27082812646537,93.492976481909,0.0003806651412794,4.887319538423581,81.08685854887258,2.5344322768519896,2.308123445057164,0.1414296854465925,0.042339299465874,2.263191462009488e-08,0.0002005700484005,0.2162620970521835,7.703532802015556,15.30085529628352,1.6855287352087107,24.906178930559967,1152.7329302783428,4500.2883681119965,37589.60446034064,0.1995121613467712,2561.5155646401327,42498.80709205804,1328.3329795900167,1209.721214899682,74.1253641644347,22.19064534764958,1.1861717062125764e-05,0.1051216923181635,0.0266573296614764,0.1040706545717418,0.8692720157667818,4.183083589006066e-06,0.0537061683312928,0.8910537648385793,0.0278505723668681,0.0253636917527244,0.0015541538534405,0.0004652614845962,2.486993957915665e-10,2.2040402099617246e-06,347.79789259695394,347.761602847826,0.0630333483589093,-0.0630333483589093,3.146867133600476e-05,74.22815450703425,283.5057542274186,967.5892422478466,684.083488020428,360.6954196234975,3428.780899382998,87.58336799596799,4487413.909896051,298.6477313062352,41,0.05,kl_090,0.0014831074150871,3.983549935954382e-09,2.172719179298521e-09,7.926003356916756e-10,3.8006669472721314e-05,772.8070115113488,0.0951834473313354,0.0498871732819282,230.73784582780172,112.05053826036466,0.011350605612534165,2.9952966206977133e-06
0.91,2.4885784739837664,9.729875260332737,81.280237923415,93.4986916577315,0.0003788568329668,4.894250217510426,81.09685505251531,2.530607253099048,2.3050177897232595,0.1409751897880394,0.0422066376395005,2.258169842864365e-08,0.0002010208904462,0.2125674759250411,7.712942598965183,15.30085529628352,1.6855287352087107,24.91189410638245,1150.968256329067,4500.070092126637,37592.13329807775,0.1985150753412083,2564.510828692743,42493.48801396019,1325.9987567701592,1207.793394159893,73.86880210884348,22.115620260271104,1.1832458002114224e-05,0.1053318133385516,0.0266161849953328,0.104064293176964,0.8693195218277031,4.162781943843944e-06,0.0537767691150172,0.891071493343372,0.0278056649992692,0.025326945696497,0.0015489993145535,0.0004637557351154,2.481219244323466e-10,2.2087661096992965e-06,347.817096446149,347.78461671136864,0.0601919618959432,-0.0601919618959432,3.1474328504052035e-05,74.22945819881133,269.90375236926525,950.8510822061024,680.9473298368371,361.9815757563784,3430.204626356072,87.79549370618423,4487413.91235751,299.6335639552663,41,0.05,kl_090,0.0014808794270798,3.9850197191802185e-09,2.173514613917177e-09,7.93560843141767e-10,3.802353407067436e-05,773.6376858900632,0.0954545891113509,0.0498737772756178,230.7418983471493,112.06523514604898,0.011393127027770653,3.0043690949099665e-06
0.92,2.4850451215919,9.729875260332737,81.28757816045747,93.50249854238211,0.0003768205451256,4.900864771977314,81.10475000499085,2.5269688563181605,2.30204163203726,0.1405275551528389,0.0420991138566761,2.2521204953479947e-08,0.0002014639359142,0.2090341235331741,7.720282836007654,15.30085529628352,1.6855287352087107,24.915700991033056,1149.304942883494,4499.956010125385,37594.57506952443,0.1974057628402775,2567.42622291663,42488.514099910186,1323.808431381653,1205.9753385020792,73.6184626445416,22.05455035103413,1.1798230487782978e-05,0.1055413311943928,0.0265773124818209,0.1040600562767042,0.8693626312414747,4.140073918774613e-06,0.0538451066014492,0.8910863925226542,0.0277634486519603,0.0252922051199567,0.0015439563300973,0.0004625369968175,2.474372866697062e-10,2.2134557084040024e-06,347.82497547068004,347.8026826098993,0.0576278813175379,-0.0576278813175379,3.1477865797805015e-05,74.23026303329482,257.56796567943366,934.9140679957954,677.3461023163618,363.34441183938895,3431.237733745429,87.99836021394677,4487413.911639025,300.71088106105793,41,0.05,kl_090,0.0014790846721778,3.985630973723793e-09,2.1738451940640957e-09,7.942864956090938e-10,3.803422940302712e-05,774.3350627677481,0.0957534711067351,0.0498625475634244,230.74440017110277,112.07383850576376,0.011437306634262682,3.0141149131718074e-06
0.93,2.4816599014198606,9.729875260332737,81.2917209935377,93.50325615529027,0.0003743352056009,4.907177417332269,81.10941455051781,2.5235167888606984,2.299181054139767,0.1400751754902068,0.0420293365842836,2.2441598362054242e-08,0.0002019085037552,0.2056489033611353,7.724425669087884,15.30085529628352,1.6855287352087107,24.916458603941248,1147.7534846974756,4500.011556510731,37596.955164567626,0.1960713944434292,2570.308922595129,42483.94427096114,1321.7817835193373,1204.277953604092,73.36936140211678,22.014361749338704,1.175458631341728e-05,0.1057567690373198,0.0265408928358421,0.1040592131270097,0.8693998940371481,4.112580766801058e-06,0.0539120103154655,0.891097105738251,0.027724260115761,0.0252596273104166,0.0015389160944733,0.0004617493591083,2.465514448524538e-10,2.218239205859224e-06,347.8142800264332,347.8131867551981,0.0554481640727406,-0.0554481640727406,3.1477993781320456e-05,74.23026536429845,246.90893544103324,919.7585567006668,672.8496212596335,364.8798089282231,3431.656224864382,88.19272174887024,4487413.803310507,301.9765791868448,41,0.05,kl_090,0.0014779450988519,3.984834097233716e-09,2.1734133213088133e-09,7.946448957533651e-10,3.803501711059969e-05,774.8341084576854,0.0961086120822936,0.0498545305358039,230.7444074170158,112.0725910647218,0.011485684356372004,3.025306293457778e-06
0.94,2.478392717521361,9.729875260332737,81.28827931473771,93.4965472925918,0.0003705606786338,4.913204778038584,81.10645352436285,2.5202717053038217,2.29639877699033,0.1395761972955135,0.042047182556883,2.2309136529225645e-08,0.0002023882133478,0.2023817194626356,7.720983990287888,15.30085529628352,1.6855287352087107,24.909749741242752,1146.3642292337363,4500.489722430602,37599.35824681216,0.1940835852106476,2573.323218511287,42480.03685054433,1320.0088311410557,1202.7539169961567,73.1039485383397,22.022487568654796,1.1684556538779753e-05,0.1060021538058072,0.0265078528489975,0.1040666799158227,0.8694254672351798,4.071266569977813e-06,0.0539802723754401,0.8910983055745746,0.0276896566006203,0.0252300152476144,0.0015334921884016,0.0004619629080362,2.45105449642837e-10,2.2235936370756683e-06,347.7569482736992,347.8057292298388,0.0540793667190653,-0.0540793667190653,3.146972100345239e-05,74.22828843089488,239.58780813603173,905.4087125932688,665.8209044572369,366.9498415138729,3430.588443296693,88.38030626187614,4487413.631717189,303.7985235973032,41,0.05,kl_090,0.0014783345070681,3.980504775062208e-09,2.1710687266276917e-09,7.941218702416621e-10,3.801140636881345e-05,774.8798224489798,0.0966283455209925,0.0498538506391572,230.73826212945053,112.04694570952488,0.011547809134702653,3.0408670745708326e-06
0.95,2.47509637439282,9.729875260332737,81.25104654723589,93.45601818196144,0.0003605934347845,4.9189865285950924,81.06960309453541,2.517393281929397,2.2934954498082463,0.138785907878517,0.0424544232712727,2.1925295634433343e-08,0.0002030996253832,0.1990853763340945,7.683751222786061,15.30085529628352,1.6855287352087107,24.869220630612386,1145.4525706637442,4502.899662612035,37602.26110770424,0.1889416238245569,2577.4215851689864,42478.37307588972,1319.048902753829,1201.7322355853148,72.72022246938936,22.24501862104735,1.1488287252036818e-05,0.1064189453171739,0.0264840769224057,0.1041118105565807,0.8694041125210135,3.963380436815593e-06,0.0540659177226638,0.8910580391384033,0.0276693536900688,0.0252084317706094,0.0015254336300384,0.0004666281036153,2.409868827501989e-10,2.232323177069132e-06,347.4854942071619,347.71778271844465,0.0560716227263335,-0.0560716227263335,3.142326031857924e-05,74.21731092634897,245.4473410985994,892.1608492713054,646.713508172706,371.69319303972287,3422.8217958644004,88.56956494448403,4487414.121171428,308.3615501528894,41,0.05,kl_090,0.0014855204803895,3.960002886060834e-09,2.159967132560002e-09,7.896550448552489e-10,3.787700495648743e-05,772.9466718630198,0.0979553893255459,0.0498853207406879,230.7041386116518,111.91010245001176,0.011679811963531137,3.078077698384407e-06
0.96,2.4715035621318138,9.729875260332737,81.13211491987623,93.33349374234078,0.0003363973951326,4.924596027639107,80.95081859632441,2.5152039706888187,2.290075262004809,0.1372594760147978,0.0438324267254214,2.0950008820757312e-08,0.0002044001683772,0.1954925640730887,7.564819595426399,15.30085529628352,1.6855287352087107,24.74669619099172,1145.5944521023923,4510.0040674313295,37606.46036025696,0.1765362937201453,2584.3539318894145,42481.77214027698,1319.9412164310577,1201.7970559347834,72.03170869996875,23.00259832813213,1.0994249551673036e-05,0.1072661342899649,0.0264803497976269,0.1042484843350375,0.8692711658673355,3.702275825439912e-06,0.0541984363939488,0.8909172992275546,0.0276814832441268,0.0252037929057557,0.0015106313164576,0.0004824048467197,2.3056870333155619e-10,2.2495590425143856e-06,346.6926970046705,347.43192537023987,0.0659202733749231,-0.0659202733749231,3.12840352593153e-05,74.18450650947817,280.51298196918844,880.5177669960774,600.004785026889,382.92684001504034,3398.761650553558,88.77584532515434,4487413.864420413,319.66810605697793,41,0.05,kl_090,0.0015095040651277,3.9005273972420206e-09,2.127763040336555e-09,7.75729746496823e-10,3.7474795069588434e-05,766.2527912739369,0.1012581657558645,0.0499953871726897,230.60216624641285,111.50302511719934,0.01197949676476871,3.167764027800058e-06
0.97,2.466789067947712,9.729875260332737,80.78930049693497,92.98596482521542,0.0002788872961901,4.930316102435074,80.60729191441679,2.514850203355528,2.2847089545421326,0.1336685228186765,0.0481327032907178,1.8497854467804122e-08,0.0002073379111376,0.1907780698889873,7.222005172485158,15.30085529628352,1.6855287352087107,24.39916727386637,1148.4886423314233,4530.039221022895,37613.9148856472,0.1470364123176287,2599.3869251029178,42498.196123125424,1325.8924177226947,1204.5561502981914,70.47341454254439,25.376774430742024,9.752535141168426e-06,0.1093137730100528,0.0265286172228734,0.1046381061767962,0.8688332766003303,3.0809652718876843e-06,0.0544669222963679,0.8904968797142155,0.0277824276917089,0.0252399770139284,0.0014766828119274,0.0005317387679777,2.0435225267803747e-10,2.290534249811852e-06,344.4564603735672,346.5720877237409,0.0961593739376538,-0.0961593739376538,3.088910340158429e-05,74.09178533927866,382.3081454947658,871.856276105593,489.5481306108272,411.0882196611631,3329.4346814808223,89.04652678143843,4487408.653035784,349.3937899199877,41,0.05,kl_090,0.0015827453118209,3.73614095566073e-09,2.038758115276279e-09,7.365025257265032e-10,3.634336639811137e-05,746.588887842812,0.1099012706313487,0.0503299101184746,230.31394295409805,110.35051918997836,0.012698146524286863,3.3947517124972285e-06
0.98,2.4590553419709456,9.729875260332737,79.95372590566319,92.14265650796688,0.0001759475912596,4.937303877569626,79.76730994629798,2.519894101374435,2.272677281388674,0.1254012252120593,0.0608008877789569,1.357932836261466e-08,0.0002138327951164,0.1830443439122207,6.386430581213362,15.30085529628352,1.6855287352087107,23.55585895661781,1157.2315926546564,4578.879885973313,37626.22824678896,0.0938334844412986,2633.081949353449,42540.1938337787,1343.8686046355645,1212.0269836978043,66.87692528563097,32.42533254692885,7.241904748537481e-06,0.114037800176485,0.0266874804261621,0.1055957753886927,0.8677167441851451,1.961866425817065e-06,0.0550523632754268,0.8894285289219038,0.028097546540473,0.0253410076441166,0.0013982598553273,0.0006779474475294,1.514134306075891e-10,2.384297383523501e-06,338.9444724895145,344.1936488327053,0.1625057585361603,-0.1625057585361603,2.9923247338460224e-05,73.86657649159656,571.2312824222738,867.3971540254013,296.1658716031275,466.2434172412201,3156.291950219607,89.49055664511982,4487515.681914911,414.8330540872572,41,0.05,kl_090,0.001787906472223,3.351987587561986e-09,1.8307759432321241e-09,6.450851271054276e-10,3.363164279359315e-05,698.5790757801951,0.1287063810140321,0.0512240359726575,229.6138823811169,107.52855050407248,0.013951517094037942,3.851312873120983e-06
0.99,2.446830739674115,9.729875260332737,78.5202969955751,90.69700299558194,7.668988123297724e-05,4.947361586138862,78.31678127792043,2.5390512196148864,2.243462454578985,0.1112185323921111,0.0920730628218022,7.720540899954504e-09,0.000224114720726,0.1708197416153903,4.953001671125277,15.30085529628352,1.6855287352087107,22.110205444232896,1172.7431744924845,4663.438551429284,37634.04671503669,0.0417151971481587,2691.100320028463,42600.14383244137,1381.108178714491,1220.323686549296,60.49693819672746,50.082825868228,4.19956167038025e-06,0.1219064315733143,0.0269780771013272,0.107278906016406,0.8657430168822667,8.690047013928127e-07,0.056060596374951,0.8874397773770465,0.0287710374751982,0.0254215991612341,0.0012602631009055,0.0010433178820646,8.748463593226897e-11,2.539536413815256e-06,329.2121800830471,339.0647243513005,0.231371658029404,-0.231371658029404,2.823830687735308e-05,73.48220252727485,745.8649208077279,864.5935397889958,118.72861898126791,500.28080542930144,2846.1718294074635,90.19242900363469,4487650.658520286,484.9719121281403,41,0.05,kl_090,0.002252135387532,2.743694014736302e-09,1.501401428237749e-09,5.029948578264072e-10,2.912969298896076e-05,617.8364246043097,0.1494958572613129,0.0530328268449594,228.4190578417101,102.5944875297185,0.014127082908561982,4.221509894237926e-06
1.0,2.432468815083184,9.729875260332737,76.95348624320873,89.11583031862465,2.8775921435101917e-05,4.960057400703541,76.71031420320381,2.580315742595106,2.189502117034088,0.0952963287022131,0.1476415934254474,3.934684736400673e-09,0.0002341139425953,0.1564578170244586,3.3861909187588983,15.30085529628352,1.6855287352087107,20.529032767275584,1189.253189716991,4757.012758867964,37623.16639255617,0.0159941572263754,2756.8861034603656,42636.925772047325,1434.1843326836204,1216.9633277010346,52.96735563436382,82.06176346862989,2.1869661568315734e-06,0.1301245979282005,0.0272955860522887,0.109182344209155,0.8635220697385562,3.3196580500981537e-07,0.0572203900275769,0.8849482462083403,0.0297671299458442,0.0252586119437096,0.0010993608855743,0.0017032281841937,4.539144954662532e-11,2.7007935642635115e-06,318.15,331.2746083631444,0.2418733899131862,-0.2418733899131862,2.6343355086291945e-05,73.06817248396845,816.925467495131,856.7436869083958,39.81821941326482,452.5461398792233,2489.54782985388,91.01701516526904,4487378.579217631,487.4937252885384,41,0.05,kl_090,0.0030081974362783,2.1535811461000033e-09,1.1816473514217948e-09,3.69569798538197e-10,2.445484533921531e-05,533.1077377388598,0.1538177041708415,0.0555047747956188,227.1320475295858,97.02510597640808,0.011921583655769123,4.052074399530687e-06
0.0,4.033913184107574,9.729875260332737,75.23794114125604,89.00172958569635,0.0009590005389949,2.153949815285257,74.47094250535083,4.309897762395941,3.266027682651534,0.4900550037310823,0.2768714971859668,2.6673433556139323e-08,7.210831482473549e-05,1.7417130263823344,1.6681384637478156,15.30085529628352,1.6855287352087107,20.39623552162238,1955.772302830356,4717.35996181657,36477.8007582736,0.5769928391399425,1295.9467369944307,44806.23190746344,2593.095671180677,1965.0401732805449,294.8467872957303,166.58267096041766,1.604835402209155e-05,0.0433847319209279,0.0453239864313364,0.1093223166069397,0.8453536969617238,1.1286505359837465e-05,0.0253498983019509,0.8764506979523429,0.0507233126757292,0.038437975211418,0.0057674716554619,0.0032585087389529,3.139204187644598e-10,8.486448637569711e-07,323.9363933238155,316.75,0.7012296070939141,-0.7012296070939141,2.6322625674605377e-05,72.97973795440807,8089.655425329516,9414.203359062049,1324.5479337325307,108.47972419435528,2295.605497820187,0.0,4487388.739690096,95.08160260523428,41,0.05,kl_110,0.0044089238237955,2.4474089022596142e-09,1.341023467458506e-09,2.991312925815492e-10,3.003179474275344e-05,290.3539033200413,0.0451230776683752,0.0601594891129026,226.8571492381885,97.28881847776115,0.0028554711732524467,1.1877578827507856e-06
0.01,3.993530965793313,9.729875260332737,75.5640385858974,89.28744481202345,0.0010407147340347,2.224605445209423,74.83643965233261,4.24030428225233,3.264965532870981,0.4797848451915052,0.2477398729967997,2.8590179131591423e-08,7.418678642276873e-05,1.701330808068074,1.994235908389172,15.30085529628352,1.6855287352087107,20.681950747949475,1929.580067387068,4701.246471184189,36510.76301036029,0.6220949989073746,1329.774506642729,44734.04029100118,2534.673529227258,1951.657513033868,286.79497174795887,148.08835791509924,1.7089992938482712e-05,0.0443457052248021,0.0447266799290861,0.1089724908223883,0.8463008292485256,1.2201363367758352e-05,0.0260813251693497,0.8773841317758545,0.0497134244818852,0.0382785306549094,0.0056250085091326,0.0029045079427263,3.3519191467716517e-10,8.697675824394041e-07,325.98359019807856,320.92204327096897,0.6466903821186665,-0.6466903821186665,2.669958497012586e-05,73.06384612062092,7605.566005707709,9079.71106872516,1474.1450630174515,107.99307358591292,2369.6462206039064,2.318534552051732,4487389.155417567,92.69807092250493,41,0.05,kl_110,0.0041015750916308,2.5584019895029304e-09,1.401173430998747e-09,3.2081062167947445e-10,3.110496492211384e-05,303.2738396562514,0.0435870846249338,0.0594273291996337,227.11859905082852,98.49768151806198,0.002883370244392137,1.1637570695434864e-06
0.02,3.956015088165352,9.729875260332737,75.84073527558182,89.52662562407991,0.0011002109762308,2.2891522558577937,75.14544602915265,4.181021153402058,3.259701851072884,0.4691829100746365,0.2260301160415982,3.007079628871605e-08,7.619024213781539e-05,1.6638149304401126,2.270932598073601,15.30085529628352,1.6855287352087107,20.921131560005943,1906.058502530732,4687.977941237179,36541.03310744576,0.6540156815538436,1360.7767102309506,44669.88710546483,2485.3900372828257,1937.7157416619884,278.9037624012064,134.36263006671462,1.787545548491734e-05,0.0452909616573955,0.0441881402385985,0.1086813581156095,0.8471305016457918,1.2857181031300028e-05,0.0267512737080691,0.8781575753629891,0.0488598523613596,0.0380932182215525,0.0054829207687855,0.0026414116776298,3.514104839818065e-10,8.903671724312667e-07,327.6305101477767,323.88734969726164,0.6063014588359634,-0.6063014588359634,2.700652820547509e-05,73.13407717202406,7195.715299148861,8785.455547730044,1589.7402485811826,108.3173769970231,2430.737203126685,4.472498899776955,4487388.98845694,91.42977658795762,41,0.05,kl_110,0.0038668902288254,2.6503471062875053e-09,1.450988855888527e-09,3.3951413504688084e-10,3.199478776150128e-05,314.56454360300006,0.0426605153922077,0.0588383056806734,227.33691192171432,99.45845195660269,0.002925276297013183,1.1521124121997614e-06
0.03,3.9206127337819296,9.729875260332737,76.08233110594043,89.7328191000551,0.0011431239293846,2.349442959135555,75.41467436514603,4.128541260419865,3.251891040777314,0.4585850277651067,0.2089935413101308,3.1231078285912764e-08,7.814048826019701e-05,1.62841257605669,2.5125284284322063,15.30085529628352,1.6855287352087107,21.127325035981126,1884.4577672957917,4676.702407040907,36569.26851539791,0.6762117147127226,1389.8063116148935,44611.33649298127,2442.2268602789177,1923.646911955302,271.2746710967346,123.62953595878692,1.8474655684456684e-05,0.0462237839630927,0.0436920713413708,0.10843162354549,0.847876305113139,1.3321050118375196e-05,0.0273785252888163,0.8788221740925762,0.0481107110367626,0.0378949319668332,0.0053439823814063,0.0024354432329202,3.639419562509723e-10,9.105866246267228e-07,329.00430453940305,326.12326046903195,0.5752825919614297,-0.5752825919614297,2.726562606208245e-05,73.19453479369149,6841.24587942397,8520.23284999476,1678.9869705707902,109.2226292011022,2482.9309135587514,6.505115860617849,4487388.835720121,90.91327533119892,41,0.05,kl_110,0.0036786875670362,2.7288827254816758e-09,1.4935315160629975e-09,3.560911247741558e-10,3.2756749269738e-05,324.7148588831838,0.0421358640217019,0.0583446655335868,227.5248441353071,100.25438112102894,0.00297802336531474,1.1488607122184775e-06
0.04,3.8868530654917577,9.729875260332737,76.29764322724523,89.91437155306973,0.0011732682436051,2.40658269668434,75.65428687867414,4.080889031088156,3.2424035325602376,0.4481470504393134,0.1951292142486053,3.214588444397851e-08,8.00517372788756e-05,1.594652907766518,2.7278405497370097,15.30085529628352,1.6855287352087107,21.30887748899576,1864.316152680265,4666.902325804136,36595.91095502166,0.691001512383304,1417.3675049574322,44556.926292329685,2403.4576131419126,1909.627876632598,263.93818405257025,114.92221228254188,1.8932460576478568e-05,0.0471468241215191,0.0432283849439757,0.1082126816021832,0.848558933453841,1.3638103982044098e-05,0.0279741868389099,0.8794076177911263,0.0474363720730648,0.037689792398137,0.0052092742699296,0.0022681876274772,3.7366469009222375e-10,9.305237083703356e-07,330.1797929974549,327.87887782422933,0.5508294814845638,-0.5508294814845638,2.7489910096627902e-05,73.24770887070457,6529.72199380916,8277.002435873237,1747.2804420640769,110.56694820783522,2528.620286282162,8.443418427045424,4487388.796356377,90.93642675149736,41,0.05,kl_110,0.0035225086303767,2.797427301042929e-09,1.5306569198933287e-09,3.7106434462209037e-10,3.3424179665624e-05,334.01784668201424,0.041894317600093,0.057919005450957,227.69013548688875,100.93280220445853,0.0030394754658919047,1.1516710243861327e-06
0.05,3.854418351910381,9.729875260332737,76.49200706724179,90.0763006794849,0.0011930330121403,2.4612720281482265,75.8704284068974,4.0368746059899445,3.2317286261945632,0.4379293076378412,0.1835673850703734,3.2860457183919944e-08,8.193487725056819e-05,1.5622181941851416,2.9222043897335666,15.30085529628352,1.6855287352087107,21.470806615410936,1845.3387781051963,4658.268637372827,36621.26265726123,0.6998357518565086,1443.7875086560664,44505.75781852014,2368.0393973047485,1895.739019703734,256.89028145239905,107.68102612398522,1.927601543766209e-05,0.0480631766601762,0.0427905933395889,0.108018148913044,0.8491912577473669,1.3836586170808933e-05,0.0285453982921884,0.8799318290320355,0.0468189587196107,0.0374810178444181,0.0050790267663951,0.0021289821118357,3.8110977886671447e-10,9.502662356662456e-07,331.2012158208669,329.29494350767226,0.5313214952400195,-0.5313214952400195,2.768709216296856e-05,73.29509542880507,6253.19336084424,8051.233771902438,1798.040411058199,112.27476767396227,2569.2320037785976,10.305649063785015,4487388.872124099,91.38292779998612,41,0.05,kl_110,0.003389914138504,2.858007618874748e-09,1.563465055475045e-09,3.8474239569440347e-10,3.401687727677892e-05,342.6483184419607,0.0418700295181964,0.0575450414936657,227.8374363649709,101.52136634680352,0.003108561840164876,1.1592593661365178e-06
0.06,3.823029643046429,9.729875260332737,76.670145608218,90.22305051159717,0.0012048871131486,2.514111800632096,76.06841752742538,3.995582952408022,3.220180507292618,0.4279698175445127,0.1736744310990737,3.342117538424267e-08,8.379879391742057e-05,1.5308294853211897,3.1003429307097594,15.30085529628352,1.6855287352087107,21.617556447523175,1827.2697637206693,4650.52812245847,36645.55390115148,0.7041774594908465,1469.3333851157756,44456.998848607705,2335.156067242722,1881.9842157673752,250.12027730109688,101.5013094050551,1.953248409618495e-05,0.0489748966232711,0.0423730922571169,0.1078424549509337,0.8497844527919494,1.3945254857321688e-05,0.0290981033965871,0.8804090088083119,0.0462445169898882,0.0372700789731453,0.004953284097548,0.00201009221316,3.868136718190743e-10,9.698796884471657e-07,332.10703049190727,330.4878102621646,0.5153651991920608,-0.5153651991920608,2.786384799212905e-05,73.33803775775674,6003.9730577619375,7839.060799845779,1835.0877420838417,114.26616907938778,2606.001821487863,12.107823611973856,4487388.802473909,92.14546174712667,41,0.05,kl_110,0.003274615669906,2.9125298971823594e-09,1.592989830734197e-09,3.9743522942015076e-10,3.455292431664719e-05,350.7714985108383,0.0420054823552734,0.0572096299608516,227.97092237904383,102.04406053200042,0.003183895165870977,1.1704343751833967e-06
0.07,3.792516988639866,9.729875260332737,76.83487897762262,90.35727122659524,0.0012102303989296,2.565452951108262,76.25144010259189,3.9564687425675262,3.207953566656946,0.4182768229976713,0.1650763685863168,3.385323354550057e-08,8.564959350885188e-05,1.5003168309146269,3.2650763001143965,15.30085529628352,1.6855287352087107,21.75177716252125,1809.9549777286124,4643.522023202202,36668.96472323999,0.7048599041281911,1494.1658404572374,44410.20718690076,2304.318401718265,1868.369729798056,243.61192845423764,96.14343966115248,1.971673077491314e-05,0.0498838603977087,0.0419724604025403,0.1076822609652791,0.8503452786321805,1.3980441462903456e-05,0.0296358154947387,0.8808478086149776,0.0457046688830444,0.0370579082247696,0.0048318854363435,0.0019069430994055,3.9106863480827054e-10,9.894141887619424e-07,332.9186342780815,331.50903928005937,0.5022026826532653,-0.5022026826532653,2.8023933174629677e-05,73.37729944593866,5777.5622983312405,7638.128993251367,1860.566694920127,116.50469388865235,2639.6262349769727,13.859699721549712,4487388.840148854,93.17094738477134,41,0.05,kl_110,0.0031728986537316,2.962025272241225e-09,1.619790504150783e-09,4.0930515180251756e-10,3.504225134239567e-05,358.4750885797412,0.0422711028233349,0.0569051947525444,228.09296713975257,102.51345905236396,0.0032649197560662797,1.1846025607390371e-06
0.08,3.762725563232544,9.729875260332737,76.98865902854877,90.48125985211404,0.0012103872313429,2.6156083935133325,76.4222347221081,3.9190884703310855,3.1951783964883163,0.408850943749329,0.1574858357635498,3.4180724759910174e-08,8.749274706526587e-05,1.470525405507304,3.418856351040536,15.30085529628352,1.6855287352087107,21.875765788040063,1793.2583659350275,4637.112092518983,36691.63604014136,0.7026592632158126,1518.4243678843025,44364.9682949495,2275.126294900691,1854.878868334164,237.3479292087732,91.42436276509844,1.984274309415248e-05,0.0507916702999218,0.0415856893392342,0.1075347013982299,0.8508796092625358,1.3957458429606856e-05,0.0301616247059109,0.8812553012873293,0.0451925739053819,0.0368448778121049,0.0047146234721554,0.0018160320507369,3.941515843660611e-10,1.008913799181952e-06,333.65471957573527,332.40536808505874,0.4911815326444755,-0.4911815326444755,2.8170613033281903e-05,73.41355852379463,5569.805922384288,7446.407198026644,1876.601275642356,118.95477776816762,2670.7130666061994,15.57016665588744,4487388.851981904,94.41157176663532,41,0.05,kl_110,0.0030818564738833,3.0074446631679162e-09,1.644382657318152e-09,4.205094635428638e-10,3.5493837781348487e-05,365.8416150203623,0.0426411975920543,0.0566254385156062,228.20567830132936,102.94073573868594,0.0033510290129670946,1.2012286766414738e-06
0.09,3.7335415761332498,9.729875260332737,77.13332597089524,90.59674280736122,0.0012063580651949,2.6648035868464057,76.5828474771417,3.8831255824155697,3.1819460910707584,0.3996880605628307,0.1507010664344626,3.4421581568490945e-08,8.933233463649353e-05,1.4413414184080102,3.5635232933870133,15.30085529628352,1.6855287352087107,21.99124874328725,1777.0795551297035,4631.195889080546,36713.6815827281,0.6981587370054297,1542.2087025708722,44320.99027106014,2247.291356082241,1841.4959274983653,231.3125096184433,87.21561967611356,1.9920891323177133e-05,0.0516995340960243,0.0412105497442882,0.1073976277604337,0.851391822495278,1.388782930402042e-05,0.030677738567515,0.8816366749340642,0.044703298971145,0.0366311839265103,0.0046012868982266,0.0017349000657092,3.9626795972915514e-10,1.0284112574493004e-06,334.3287384866874,333.2051362903754,0.4818370586286206,-0.4818370586286206,2.8306250623004903e-05,73.44731267098173,5377.5798663389205,7262.400197612282,1884.8203312733613,121.59152297964812,2699.701703022164,17.245757677900475,4487388.829585138,95.83396753019008,41,0.05,kl_110,0.0029994315583449,3.049478993194429e-09,1.6671408366758412e-09,4.311628373746928e-10,3.591419839745785e-05,372.9302514600545,0.0430977970878841,0.0563658610777297,228.31060289849103,103.3336524075997,0.00344180012309478,1.2199370456690584e-06
0.1,3.70487883853842,9.729875260332737,77.27020959383172,90.70496369270288,0.0011988727321255,2.7132041285886443,76.73476004459367,3.8483495090026194,3.1683216227414714,0.3907799369309074,0.1445784061366273,3.458864209107836e-08,9.117164562671248e-05,1.4126786808131797,3.700406916323492,15.30085529628352,1.6855287352087107,22.0994696286289,1761.3441148657705,4625.700130837733,36735.190232626206,0.6917825207940222,1565.593362171168,44278.065814423375,2220.6034493037705,1828.208666469811,225.4907652845656,83.42571448117853,1.995859725175755e-05,0.0526085456333329,0.0408453814180455,0.1072694907116256,0.8518851278703288,1.3779943016565572e-05,0.0311857941901593,0.8819957218724896,0.0442332497193955,0.0364169525668695,0.0044916571364315,0.0016617962395861,3.9756473248865264e-10,1.0479344869535508e-06,334.9502134180783,333.9270697197411,0.473846547422799,-0.473846547422799,2.8432526431704423e-05,73.47891802283617,5198.572877286491,7084.9983483064425,1886.4254710199516,124.3996200536646,2726.905370281296,18.891421295308508,4487388.868687622,97.41657332786936,41,0.05,kl_110,0.0029241523233495,3.088615714132218e-09,1.688329273310757e-09,4.4134560012672063e-10,3.630794396109113e-05,379.78256857790507,0.0436290121454354,0.0561232416427292,228.40884797614325,103.69763705729376,0.003536995485269805,1.2404830410142454e-06
0.11,3.6766596738760455,9.729875260332737,77.40051721715007,90.80705215135885,0.0011886099625195,2.760958447445532,76.8793050270875,3.814564890850491,3.154351922036712,0.3821182938105965,0.1390008480691795,3.469409928979944e-08,9.30135589226336e-05,1.3844595161508064,3.83071453964184,15.30085529628352,1.6855287352087107,22.20155808728488,1745.985426871982,4620.558310177697,36756.23720457898,0.6839207780436363,1588.642960320105,44236.00320337456,2194.8833261654554,1814.999780222036,219.86913205208944,79.98045713724304,1.9962827275572014e-05,0.0535195796711374,0.0404887019980311,0.1071488946047362,0.8523624033972326,1.364155163586148e-05,0.0316872299685737,0.8823357050053918,0.0437793604022761,0.0362021655370681,0.0043855315035175,0.0015952981265147,3.9818053175177027e-10,1.0675068415114623e-06,335.5277261647701,334.58742767493646,0.4669186971993502,-0.4669186971993502,2.855095086556531e-05,73.50869993552865,5030.664910666831,6913.229314916517,1882.564404249686,127.36333195141916,2752.605951868847,20.51161728827221,4487388.846208851,99.1387639175678,41,0.05,kl_110,0.0028548012248786,3.1253118294417523e-09,1.7081956384300852e-09,4.5113590260913154e-10,3.667933802002224e-05,386.437960262885,0.0442238508122115,0.0558947956268867,228.50142490231005,104.03757001596492,0.0036363442326196537,1.2626329916255412e-06
0.12,3.648830784518261,9.729875260332737,77.52508234208415,90.90378838693516,0.0011760449461465,2.8081653567443863,77.01740758867761,3.7816350228528735,3.140074880735474,0.3736944009688249,0.1338854578812788,3.4746226206872364e-08,9.486013224398312e-05,1.3566306267930217,3.955279664575923,15.30085529628352,1.6855287352087107,22.29829432286117,1730.9573649243302,4615.724936636533,36776.88009423888,0.674846531235633,1611.4015508884552,44194.680251195816,2170.004884535688,1801.860250348357,214.43599673831795,76.82711203353888,1.993832829779892e-05,0.0544333202631102,0.0401394798749958,0.1070348709661822,0.852825649158822,1.347807766609328e-05,0.032183013839267,0.8826589532336093,0.0433394750003709,0.0359868670483863,0.0042827293090671,0.0015343959477034,3.982095556418708e-10,1.087145720059071e-06,336.0670482873803,335.19572768612807,0.4608594287405482,-0.4608594287405482,2.8662547574201067e-05,73.53687898914181,4872.361731736465,6746.406586483435,1874.0448547469696,130.47398646026346,2776.9941283029552,22.109405726220988,4487388.85836198,100.98824226953396,41,0.05,kl_110,0.0027905168000911,3.159868237388819e-09,1.7269030027897924e-09,4.605835823159951e-10,3.703121036735938e-05,392.9214737221919,0.0448754659759662,0.0556785991399186,228.5890193490715,104.356651772756,0.0037397168441129667,1.2862451784505725e-06
0.13,3.6213434092759376,9.729875260332737,77.64465213409669,90.99587080370536,0.0011616075433979,2.854914500498128,77.14989256483261,3.749441779673608,3.125518980160999,0.3654995221458816,0.129163299438722,3.4752675293448496e-08,9.671324195736984e-05,1.3291432515506985,4.07484945658847,15.30085529628352,1.6855287352087107,22.3903767396314,1716.2184111195354,4611.159222543407,36797.16791734809,0.6648045610541645,1633.908278349237,44153.9836353908,2145.858995752164,1788.7790807506424,209.1805883723129,73.92199807560145,1.9889451626954505e-05,0.0553503674567374,0.0397967883299653,0.1069265580338457,0.8532766536361889,1.3294402100423267e-05,0.0326740141691285,0.8829674872470807,0.0429117277641773,0.0357710367248624,0.0041830802860542,0.0014782521421415,3.9773849786224265e-10,1.1068667161507288e-06,336.5733597471544,335.7606770851806,0.4554941115172556,-0.4554941115172556,2.8768232329631285e-05,73.56365482689277,4722.310717659305,6583.923745105584,1861.6130274462791,133.72313240307125,2800.241058055264,23.68758622013487,4487388.862251598,102.95355763060594,41,0.05,kl_110,0.0027305738594773,3.192563074198425e-09,1.744602081190723e-09,4.697361167114251e-10,3.736615061541082e-05,399.2566328597839,0.0455776293514275,0.0554729753392434,228.67225190636623,104.65777375313247,0.0038469781408175994,1.3111878302156884e-06
0.14,3.594160251627847,9.729875260332737,77.75982440853325,91.08385992049384,0.0011456485587565,2.90127331743624,77.27741966708524,3.717893472567651,3.110708470328844,0.3575258028324666,0.1247803299204994,3.4719674567402355e-08,9.857428501505254e-05,1.3019600939026077,4.190021731025023,15.30085529628352,1.6855287352087107,22.47836585641986,1701.7361094318055,4606.8285528660535,36817.13997007925,0.6539936697687107,1656.1923544263393,44113.82783319411,2122.360105417217,1775.7484461893025,204.093663841543,71.23087202957711,1.9819731984960124e-05,0.0562711469491053,0.0394599027178377,0.1068232645040059,0.8537168327781562,1.3094496396691417e-05,0.0331608787970888,0.8832629218113305,0.0424946571160175,0.0355546738522402,0.0040864367184253,0.0014262101305267,3.968377999013879e-10,1.1266811362613678e-06,337.0507604009553,336.2885645739857,0.4506832516260179,-0.4506832516260179,2.8868731304698238e-05,73.58918648669814,4579.417144250408,6425.302590008675,1845.885445758268,137.10412276961736,2822.482129545807,25.248300140071056,4487388.855099211,105.02574136532928,41,0.05,kl_110,0.0026744015039186,3.2236170928154554e-09,1.761412485996033e-09,4.786308905802268e-10,3.768620939541447e-05,405.46158566432985,0.0463254357470928,0.0552766034110296,228.75161694276008,104.943191807975,0.003958022081002443,1.3373565571558847e-06
0.15,3.567252771839277,9.729875260332737,77.87106209428833,91.16819012646036,0.0011284468541832,2.9472919543929565,77.40050175133142,3.686918845220809,3.0956644607189685,0.3497657537341676,0.1206941105443709,3.4652138653827626e-08,0.0001004443310701,1.275052614114037,4.301259416780113,15.30085529628352,1.6855287352087107,22.562696062386376,1687.4853216917477,4602.707667177033,36836.82729354362,0.642571227486261,1678.275766265764,44074.14955700419,2099.4413332211234,1762.7634877403566,199.16703110691176,68.72681905696687,1.9731959185556223e-05,0.0571959918807936,0.0391282613693559,0.1067244534177581,0.854147285212886,1.2881509629426646e-05,0.0336440919220088,0.8835465356087371,0.0420871221640288,0.035337802052792,0.003992665589937,0.001377754159559,3.9556303081066717e-10,1.1465977445944776e-06,337.50242136503977,336.78415644147583,0.4463182973260262,-0.4463182973260262,2.8964606783274413e-05,73.61359730215601,4442.80880530323,6270.167124969606,1827.358319666376,140.61234377299425,2843.822196669158,26.793186087468456,4487388.867679625,107.19830519055547,41,0.05,kl_110,0.0026215508326895,3.253199858790587e-09,1.7774260936636035e-09,4.872960583949946e-10,3.7992963032574216e-05,411.5498292960878,0.0471152380350624,0.0550884526241143,228.82749784012384,105.2146445879492,0.004072781246259383,1.364674343185957e-06
0.16,3.540595411172921,9.729875260332737,77.97879286557105,91.2492635370767,0.001110258711802,2.993015128871159,77.5196099078941,3.6564555781247687,3.080404553336808,0.342212463216477,0.1168681359199633,3.4554714902106165e-08,0.0001023242862725,1.2483952534476812,4.408990188062827,15.30085529628352,1.6855287352087107,22.643769473002735,1673.4433606073728,4598.773161869899,36856.256655949845,0.6306806863094363,1700.177459132204,44034.890480433816,2077.0437457129046,1749.8188819936613,194.39324264765804,66.38675777655037,1.9628750558791292e-05,0.0581251472350688,0.0388013587609317,0.1066296305655032,0.854569010673565,1.26583230769282e-05,0.0341240758326426,0.883819470705966,0.0416881178524741,0.0351204234015777,0.003901645512256,0.0013324413545669,3.9396650565530016e-10,1.1666234729669925e-06,337.93127200946805,337.2517575123621,0.4422973491283121,-0.4422973491283121,2.9056376489337116e-05,73.63700198689263,4311.687187066678,6118.182374745201,1806.4951876785224,144.24277986768584,2864.3578706201038,28.3237115105759,4487388.859918109,109.46469853266694,41,0.05,kl_110,0.0025716313260322,3.2814721651960384e-09,1.7927300176715934e-09,4.957589890155916e-10,3.828789165717482e-05,417.53421944786845,0.0479434782560123,0.0549076005664083,228.90025118518903,105.47373581599312,0.004191172517704056,1.3930637544150411e-06
0.17,3.514171574755373,9.729875260332737,78.08333136491244,91.32737820000057,0.0010912839448729,3.038470390803217,77.63509321771984,3.626458477105317,3.064946392424201,0.3348598923443268,0.1132740060538391,3.4430971191572575e-08,0.0001042146600809,1.2219714170301337,4.513528687404211,15.30085529628352,1.6855287352087107,22.72188413592657,1659.5942828749498,4595.007674392985,36875.44775899557,0.6184335110776388,1721.9092436191656,43996.01360126766,2055.1236543983628,1736.913264083949,189.7659907071175,64.19268019732728,1.9512122856619814e-05,0.0590587247639977,0.0384788400150892,0.1065384274913158,0.8549827324935949,1.2427178384979527e-05,0.0346010896076977,0.8840826046088885,0.0412969022521052,0.0349025895029457,0.0038132730126645,0.0012899266833584,3.920884413044195e-10,1.1867618663689603e-06,338.3394795774716,337.69437815947043,0.4385431870931522,-0.4385431870931522,2.9144423681102105e-05,73.65948521716678,4185.439946095295,5969.101326283745,1783.6613801884494,147.99195497051076,2884.160298946877,29.840829199730003,4487388.864145274,111.82029901845516,41,0.05,kl_110,0.0025243405569735,3.3085504833898277e-09,1.8073873608904987e-09,5.040384600500373e-10,3.857206853241643e-05,423.4232351041012,0.0488075606293558,0.0547333536730746,228.9701401936813,105.72163841754828,0.004313140237055151,1.422468225823024e-06
0.18,3.487966612766243,9.729875260332737,78.18496387841515,91.40280575151412,0.0010717029247544,3.083681654352561,77.7472683569833,3.5968880677097594,3.049305538270413,0.3277022952998449,0.1098870762828575,3.428422201114448e-08,0.0001061158580073,1.1957664550410032,4.615161200906916,15.30085529628352,1.6855287352087107,22.797311687440143,1645.923839922327,4591.395339576141,36894.41736625184,0.6059295295890059,1743.4810814314478,43957.48546937282,2033.6425743646168,1724.045187989685,185.2794212367873,62.12899386762451,1.9383937503294564e-05,0.0599967868325578,0.0381603888861854,0.1064505097008092,0.8553891014130054,1.2190090672903109e-05,0.0350753535374918,0.8843367214466881,0.0409128226422562,0.034684342220508,0.0037274515177225,0.0012499111392974,3.899660673796861e-10,1.207015396770307e-06,338.72902739071924,338.1148093474633,0.4349840159689781,-0.4349840159689781,2.922909768630715e-05,73.68112484284887,4063.51268824832,5822.704538380425,1759.191850132105,151.85624666678464,2903.2944661491274,31.345380270554802,4487388.86533409,114.26055232538718,41,0.05,kl_110,0.0024794137622842,3.334543490883783e-09,1.8214569993530318e-09,5.121522847747467e-10,3.884648706632587e-05,429.2247884664544,0.049704993612842,0.0545650921148376,229.03740686153225,105.95942869520673,0.004438621068099403,1.4528321138070318e-06
0.19,3.461970723819661,9.729875260332737,78.28392611346608,91.47577209761847,0.0010516699119252,3.1286638197816075,77.85639654537543,3.567713892873405,3.0334975476777224,0.3207346611916494,0.1066868450497675,3.4117332464544434e-08,0.0001080280218301,1.1697705660944218,4.714123435957858,15.30085529628352,1.6855287352087107,22.87027803354451,1632.421218077218,4587.922917697998,36913.1781337005,0.5932536083919597,1764.898928346259,43919.28271712687,2012.569834562111,1711.2150360121252,180.92843860103704,60.18271995427158,1.9245801713816166e-05,0.0609392862070725,0.0378457666378067,0.1063655986412389,0.8557886347209543,1.1948777684142217e-05,0.0355469981665198,0.8845824750335403,0.0405353615836843,0.0344657457549944,0.003644096991576,0.0012121459203758,3.8763153359454435e-10,1.2273839936554398e-06,339.1015673435061,338.5152669650485,0.4315581555010419,-0.4315581555010419,2.931068847402741e-05,73.70198564210673,3945.441382712212,5678.818095927191,1733.3767132149792,155.8322071197928,2921.814024719333,32.83792746706838,4487388.862629566,116.78137230899829,41,0.05,kl_110,0.0024366305013834,3.359541538028257e-09,1.8349878791152327e-09,5.201147917309009e-10,3.911196783184593e-05,434.9449117249188,0.0506335671422089,0.0544023050614679,229.10225255135128,106.1879947160258,0.004567549277108364,1.4841047128340355e-06
0.2,3.436178130691875,9.729875260332737,78.38040528804372,91.54645867906832,0.0010313139631251,3.17342415697103,77.96268656014232,3.538913029575539,3.017538073786165,0.3139524472501768,0.1036562956947017,3.393272080791627e-08,0.0001099510825143,1.1439779729666353,4.810602610535495,15.30085529628352,1.6855287352087107,22.94096461499436,1619.0785691564436,4584.57970320597,36931.73916397513,0.5804762894657776,1786.1655571475992,43881.390759102185,1991.8814033362744,1698.4248900162263,176.70850794673123,58.34306918748066,1.909907222274888e-05,0.0618860974278568,0.0375348012394229,0.1062834696254332,0.8561817291351439,1.170467152657737e-05,0.0360160811352679,0.8848204040123148,0.0401641168968428,0.034246886239744,0.0035631344104882,0.0011764243830188,3.851119690614565e-10,1.2478656847835535e-06,339.4584411176264,338.8975526971448,0.4282139024534853,-0.4282139024534853,2.938943034247388e-05,73.72212002890387,3830.844528351306,5537.306754556457,1706.4622262051512,159.9167517906947,2939.7621525172685,34.318802487068645,4487388.867415036,119.37926765856233,41,0.05,kl_110,0.0023958081639843,3.3836171950904253e-09,1.848019314629717e-09,5.279368493041948e-10,3.936916626754172e-05,440.5878700856918,0.0515913927627925,0.0542445777366342,229.16484019168115,106.40805471675792,0.004699862237347307,1.5162416438733013e-06
0.21,3.410584496015497,9.729875260332737,78.47457534525054,91.61503510159878,0.0010107533035398,3.217967334232683,78.06633169726923,3.5104659128402687,3.0014420132597817,0.30735141045589,0.1007803189988239,3.373268500889506e-08,0.0001118848596341,1.1183843382902574,4.904772667742325,15.30085529628352,1.6855287352087107,23.00954103752481,1605.889093925059,4581.355654455711,36950.10777318843,0.5676616532356782,1807.2824007711883,43843.79725311374,1971.5561420688537,1685.676939537081,172.6154237366063,56.60048035077747,1.894503008119285e-05,0.0628370386418763,0.0372273447500537,0.1062039134683793,0.8565687417815668,1.1459078473912147e-05,0.0364826314000802,0.8850509990484368,0.0397987364813433,0.0340278477887599,0.0034844941086484,0.0011425632545438,3.8243306581232806e-10,1.2684572804260976e-06,339.8009066035609,339.2633302969603,0.4249019434086087,-0.4249019434086087,2.9465541834867023e-05,73.74157734577787,3719.374375202579,5398.051555139543,1678.677179936964,164.10637818085257,2957.179105490892,35.78825435937494,4487388.864230567,122.05052218436396,41,0.05,kl_110,0.0023567833295774,3.406839835706217e-09,1.8605888859827102e-09,5.356289612867656e-10,3.961870269061331e-05,446.15766498864105,0.0525765358661793,0.054091532983982,229.22532316355225,106.62028051909591,0.00483548335165642,1.5491961170972927e-06
0.22,3.38518996384291,9.729875260332737,78.56656596869033,91.68163119286598,0.0009900858498407,3.262289630458313,78.1674776872586,3.482360171160221,2.9852254587142,0.3009279215191432,0.0980464977705422,3.351914268083543e-08,0.0001138289049337,1.0929898061176702,4.996763291182106,15.30085529628352,1.6855287352087107,23.076137128792,1592.8490121007692,4578.242982467943,36968.28784323598,0.5548624082953518,1828.2474001665917,43806.49913025455,1951.578998359175,1672.9755178232317,168.64556874970577,54.94706937447809,1.878474703468959e-05,0.0637918220276958,0.0369233173515604,0.1061267686202538,0.8569499140281857,1.121307647452255e-05,0.0369465972210948,0.8852746509494701,0.0394389748296395,0.033808746350267,0.0034081163748134,0.001110411665551,3.796162830739377e-10,1.289153073179418e-06,340.1299455426306,339.6138642969166,0.4215819030521615,-0.4215819030521615,2.953919183012579e-05,73.7603956943057,3610.756540603851,5260.970393477387,1650.213852873536,168.39774613615995,2974.095610375413,37.246274813257266,4487388.86597314,124.79184774004064,41,0.05,kl_110,0.0023194227713064,3.42926226430479e-09,1.872725198750541e-09,5.431981459750507e-10,3.986104394606853e-05,451.6564799705976,0.0535873037845003,0.0539428771646764,229.2838199055255,106.82518967348685,0.004974333326876852,1.58292564614958e-06
0.23,3.359995730460392,9.729875260332737,78.6564951068312,91.74636609762432,0.0009693998494012,3.3063853404555914,78.26625704232181,3.454585837803215,2.9689040820739265,0.2946784907294263,0.0954437578076376,3.329389188779216e-08,0.0001157826784797,1.0677955727351518,5.086692429322982,15.30085529628352,1.6855287352087107,23.14087203355036,1579.9553389901653,4575.234493873785,36986.28193591889,0.5421256051342496,1849.0575943545489,43769.49510242787,1931.9370009847469,1660.3251208198817,164.79552292628506,53.37581286990316,1.861922229314585e-05,0.0647501179968714,0.0366226573691772,0.1060518871121226,0.8573254555187001,1.0967632377629432e-05,0.0374079064849234,0.8854917146350318,0.0390846228307064,0.0335896983651717,0.0033339445615875,0.001079835167109,3.7668168286944656e-10,1.30994641070671e-06,340.4464678231387,339.95033988722366,0.4182159661334951,-0.4182159661334951,2.961053576117905e-05,73.7786104942315,3504.7447514199284,5125.993034092374,1621.2482826724456,172.78720844820424,2990.539954796946,38.69279516425037,4487388.8664023345,127.59981507183043,41,0.05,kl_110,0.0022836070180919,3.450934086238012e-09,1.8844551242657118e-09,5.506509375552862e-10,4.009662405819077e-05,457.0862376525767,0.0546219848695472,0.0537983451070721,229.34044051969775,107.02326168906748,0.0051163218148298495,1.6173862363263082e-06
0.24,3.3350055716130624,9.729875260332737,78.74445943069138,91.80934026263718,0.0009487725387347,3.35024397535112,78.3627790891732,3.427137048918376,2.952494236063239,0.2886000255571134,0.0929625374539774,3.305855354172872e-08,0.0001177454486216,1.0428054138878224,5.174656753183145,15.30085529628352,1.6855287352087107,23.203846198563195,1567.2067469174815,4572.3240418106725,37004.09053363577,0.5294920550888863,1869.7079596374997,43732.78868055772,1912.6205333925568,1647.7313337673345,161.06222976766006,51.88063839666619,1.844935507557915e-05,0.065711513584904,0.0363253407776668,0.1059791436524723,0.8576955155698609,1.0723588572908929e-05,0.0378664395772279,0.885702492509624,0.0387355305883793,0.0333708366956425,0.0032619282387037,0.001050717599478,3.7364733118197166e-10,1.33082872427488e-06,340.7512545210369,340.2737424132116,0.4147707189823893,-0.4147707189823893,2.967970551005782e-05,73.79625197431942,3401.1329105540144,4993.069771707092,1591.9368611530772,177.2708337294968,3006.5358787788373,40.127598628931096,4487388.865207508,130.4709446214833,41,0.05,kl_110,0.0022492331871661,3.471897596569527e-09,1.895801573686215e-09,5.579923249305617e-10,4.032580706668355e-05,462.44801894485255,0.0556788931416742,0.0536577147668347,229.3952789720308,107.21490320133604,0.0052613461406138895,1.6525331515708684e-06
0.25,3.3102254748281448,9.729875260332737,78.83053446713093,91.8706352022918,0.0009282701346085,3.3938508640320544,78.4571304177973,3.400011491862966,2.9360129044377143,0.2826896965933724,0.0905946036645488,3.2814562610278866e-08,0.0001197163173445,1.0180253171029052,5.260731789622694,15.30085529628352,1.6855287352087107,23.265141138217828,1554.6033779902782,4569.506537291874,37021.71229823648,0.5169963706061641,1890.1917811058229,43696.38768059534,1893.622918347548,1635.200744971918,157.44290556989088,50.45630527672247,1.8275940526403084e-05,0.0666755282346245,0.0360313768108742,0.1059084356923006,0.8580601874968251,1.048166339394265e-05,0.0383220369154984,0.8859072388887713,0.0383916003160771,0.0331523096965345,0.0031920215184741,0.0010229588408764,3.7052921006170825e-10,1.351789844770568e-06,341.0449597144794,340.5849028099788,0.4112174575676359,-0.4112174575676359,2.9746809776570546e-05,73.81334523085015,3299.752665627685,4862.168806476605,1562.4161408489197,181.8445243329616,3022.102725821904,41.55034143498264,4487388.867329107,133.40179955203712,41,0.05,kl_110,0.0022162131766003,3.492187622048553e-09,1.906783413019976e-09,5.652256961319784e-10,4.0548886839667504e-05,467.7420853707339,0.0567564039402246,0.0535208037326054,229.4484132741871,107.40045124209732,0.0054092944742435605,1.6883219516120602e-06
0.26,3.2856622229199317,9.729875260332737,78.91478982790947,91.93032731116216,0.0009079527394584,3.43718983669443,78.54939083658375,3.373208417993597,2.9194770056447075,0.2769447784525171,0.088332486085625,3.2563288393938365e-08,0.0001216942884111,0.9934620651946916,5.344987150401247,15.30085529628352,1.6855287352087107,23.32483324708817,1542.1458994338427,4566.777172058254,37039.145012795125,0.5046696039366757,1910.50167938746,43660.30107096948,1874.938730093077,1622.7400833878198,153.93489724732942,49.09806296103599,1.809973266499221e-05,0.0676416355882379,0.0357407867351407,0.1058396673319723,0.8584195459328868,1.0242505161966771e-05,0.0387745232929217,0.8861061882945112,0.0380527566383004,0.0329342673919305,0.0031241805873857,0.0009964681038806,3.6734252232607826e-10,1.3728185653981556e-06,341.3282027537005,340.8845983178798,0.4075292938160915,-0.4075292938160915,2.98119506101683e-05,73.82991413217205,3200.4537347558557,4733.265839309213,1532.8121045533585,186.5037386419664,3037.2586194941323,42.96063414888817,4487388.865820846,136.38867844274534,41,0.05,kl_110,0.0021844666609978,3.51183765293073e-09,1.91741878333146e-09,5.72354227792348e-10,4.07661420910394e-05,472.9685785589241,0.0578528185153816,0.0533874454181339,229.49991762080788,107.58022353490168,0.0055600402450060385,1.7247053682395864e-06
0.27,3.2613250497904875,9.729875260332737,78.99727505359161,91.98847536371484,0.0008878713640611,3.4802401164123444,78.63961868453194,3.346730624080541,2.9029045198398493,0.2713628587937765,0.0861697997928032,3.2305937731700526e-08,0.0001236781672471,0.9691248920652475,5.42747237608338,15.30085529628352,1.6855287352087107,23.382981299640857,1529.836509158275,4564.132116720208,37056.38464610157,0.4925377646940034,1930.628418620962,43624.54244058976,1856.5653622140528,1610.357267050717,150.53583356931216,47.801835144168486,1.7921396049912802e-05,0.0686092270829766,0.0354536265210992,0.1057727636191556,0.858773609859745,1.000666060267206e-05,0.0392236793193223,0.886299531612666,0.0377189746615568,0.0327168793451489,0.0030583664909517,0.0009711676439059,3.641006652737757e-10,1.3939017448896172e-06,341.60148507366534,341.17344736501155,0.4036840231344212,-0.4036840231344212,2.9875208506759385e-05,73.84597770198171,3103.1203501848686,4606.354234206461,1503.2338840215923,191.24367336576995,3052.0175137341994,44.35794660856439,4487388.866648165,139.42785805467923,41,0.05,kl_110,0.0021539257666549,3.53087396368536e-09,1.927721917624181e-09,5.793794336660319e-10,4.09777837594e-05,478.12677534241976,0.058966473044613,0.053257509394448,229.54985114695845,107.75447181533488,0.0057134446174009635,1.7616356771160204e-06
0.28,3.2372237646258326,9.729875260332737,79.07803423552575,92.04513326048432,0.0008680714489716,3.522979790455357,78.72786625264192,3.320582060868829,2.8863134090085496,0.2659415511046852,0.0841007330636255,3.204364992506055e-08,0.0001256666719923,0.9450236069005932,5.50823155801752,15.30085529628352,1.6855287352087107,23.43963919641034,1517.6778040912147,4561.567810215928,37073.42651498615,0.4806236697034608,1950.5623381411424,43589.126253479786,1838.5011251514047,1598.0603257891976,147.2434145483953,46.56391244945696,1.774155414962616e-05,0.0695776564520565,0.0351699611913712,0.1057076557518532,0.8591223830567755,9.774613194216998e-06,0.0396692746703479,0.8864874442503681,0.0373902462327238,0.0325003168388511,0.0029945412873533,0.0009469867209903,3.6081624815491786e-10,1.4150253548656478e-06,341.86527613600737,341.4520345149538,0.3996615922971814,-0.3996615922971814,2.9936657921931395e-05,73.86155382909129,3007.652158786086,4481.432872637614,1473.7807138515282,196.05914633821465,3066.3922872563344,45.741715622149506,4487388.866818575,142.5154062709595,41,0.05,kl_110,0.0021245285516664,3.549321392370976e-09,1.937706270298961e-09,5.863025568015714e-10,4.1184007750248574e-05,483.2158373746242,0.0600956520974774,0.0531308778407014,229.59826945992168,107.92343081997817,0.00586935559639302,1.7990629794375799e-06
0.29,3.2133695187039817,9.729875260332737,79.15710170909975,92.10034648813648,0.0008485926775767,3.5653844084541557,78.81417527296244,3.2947686718341305,2.869722180044449,0.2606786267747363,0.0821201192072193,3.1777477320988704e-08,0.0001276583779844,0.9211693609787424,5.587299031591519,15.30085529628352,1.6855287352087107,23.49485242406249,1505.6732000024904,4559.0811556458975,37090.264888469,0.4689469140140169,1970.2927680129064,43554.069286051366,1820.7458559019356,1585.857851439727,144.05549423841398,45.38099078424308,1.7560780712109647e-05,0.0705462160889704,0.0348898743732511,0.1056442850797097,0.8594658405470391,9.546781825412558e-06,0.0401110544206399,0.8866700785462596,0.0370665909644951,0.0322847607295696,0.00293266963306,0.0009238623927169,3.5750089643923467e-10,1.4361739324500157e-06,342.1199889598613,341.72086018954576,0.3954449697820305,-0.3954449697820305,2.9996362879033668e-05,73.87665816660929,2913.969121788437,4358.510292279385,1444.541170490948,200.94457620017485,3080.3938086001995,47.11130094191931,4487388.86620708,145.64720427337414,41,0.05,kl_110,0.0020962202307523,3.567201551967512e-09,1.947383548703271e-09,5.93124082545306e-10,4.138497856066289e-05,488.2345391103411,0.0612386022517454,0.0530074520449794,229.6452212173068,108.08730331394742,0.006027606426274077,1.8369353353481633e-06
0.3,3.189774558968168,9.729875260332737,79.2345019983776,92.1541518176785,0.0008294688664828,3.6074274023758384,78.89857700084848,3.269298082138873,2.8531497758180224,0.2555719424752768,0.0802233718083875,3.1508377155777066e-08,0.0001296517371748,0.8975744012429285,5.66469932086937,15.30085529628352,1.6855287352087107,23.548657753604527,1493.826815126978,4556.669539814545,37106.89316134513,0.4575238327370178,1989.8082714712773,43519.390305736095,1803.3007016193208,1573.7589119409931,140.97003442352445,44.25012924293754,1.7379595620943264e-05,0.0715141485234869,0.0346134655471513,0.1055826033707381,0.8598039310821106,9.3235198005308e-06,0.0405487441109674,0.8868475655032898,0.0367480524397576,0.0320704001122005,0.0028727179071012,0.0009017387219032,3.54165165402918e-10,1.4573308144148263e-06,342.36597897134334,341.9803577535639,0.391020414743928,-0.391020414743928,3.005437684568644e-05,73.8913040930772,2822.0103166638173,4237.603220839711,1415.5929041758934,205.8940755041096,3094.0309616386007,48.46599941281622,4487388.867294013,148.81902023712465,41,0.05,kl_110,0.0020689525352057,3.584532642109417e-09,1.9567636113951463e-09,5.998437028913161e-10,4.158082834865388e-05,493.18128172874464,0.0623935614253789,0.0528871510905935,229.69074800624287,108.24626054352944,0.006188018135494728,1.8751996078228222e-06
0.31,3.1664515001049383,9.729875260332737,79.31025698828147,92.20658374871914,0.0008107300218229,3.6490814717540823,78.98109969084831,3.244178639575256,2.8366151490033946,0.2506193654666007,0.0784062556131253,3.1237263569134644e-08,0.0001316451162736,0.8742513423796987,5.740454310773244,15.30085529628352,1.6855287352087107,23.60108968464517,1482.1430054006212,4554.330473732121,37123.304319618175,0.446368600931843,2009.0971684639655,43485.10850725869,1786.167332577763,1561.7726016802887,137.98504128194926,43.1686130774358,1.7198491804882453e-05,0.0724806591452569,0.0343408395731711,0.1055225653609349,0.8601365950658939,9.10513741995581e-06,0.0409820622927322,0.8870200275147411,0.0364346842143579,0.0318574248442538,0.0028146530919684,0.0008805640752472,3.508191010132214e-10,1.4784784602430173e-06,342.6035862374908,342.23093683684107,0.3863761946457181,-0.3863761946457181,3.011075034924061e-05,73.90550451491991,2731.725119014817,4118.731681204224,1387.0065621894064,210.90133050506407,3107.3121166987985,49.80508676589606,4487388.866450707,152.0263702307742,41,0.05,kl_110,0.0020426807687718,3.6013323250397038e-09,1.965856025346076e-09,6.064609999455617e-10,4.177168277793412e-05,498.0544403267807,0.0635586992400332,0.0527699011757462,229.73488994628696,108.40046526767502,0.006350397311160667,1.9138001253391085e-06
0.32,3.143413957769902,9.729875260332737,79.38437965025436,92.257668868357,0.0007924010681858,3.6903173794459194,79.06176212966022,3.2194201770532644,2.820137703833552,0.2458188383128011,0.0766650145553711,3.0964962360641695e-08,0.0001336367611321,0.8512138000446622,5.814576972746132,15.30085529628352,1.6855287352087107,23.652174804283025,1470.6267620328945,4552.061911450772,37139.49062053165,0.4354926069084619,2028.1471093595565,43451.24493010917,1769.3485558374314,1549.9084615005904,135.0986148581853,42.13402579558889,1.701791267411049e-05,0.0734449053905164,0.0340721155902525,0.1054641351735902,0.8604637492361571,8.891888542847543e-06,0.0414107099841404,0.887187568370619,0.0361265608241695,0.0316460327285794,0.0027584436717305,0.0008602925865848,3.4747176032292544e-10,1.4995981617426751e-06,342.8330973339222,342.4729364777557,0.3815039774122455,-0.3815039774122455,3.016552425289748e-05,73.91927022879305,2643.079766730193,4001.922877552274,1358.8431108220807,215.9597379249836,3120.243809575628,51.12778126183648,4487388.866912964,155.26467161545833,41,0.05,kl_110,0.0020173657267122,3.617614990642571e-09,1.9746685851499856e-09,6.129747725523733e-10,4.1957636880590175e-05,502.8520309732601,0.0647321828090418,0.0526556442804501,229.7776805987889,108.55005058556388,0.006514538712025477,1.9526802304691436e-06
0.33,3.120675739922312,9.729875260332737,79.45688054671253,92.30743154696758,0.0007745034866299,3.731105476601442,79.1405804378733,3.1950330005973515,2.8037367831339406,0.2411682832931714,0.0749961700085731,3.069225436581283e-08,0.0001356248453475,0.8284755821970724,5.887077869204303,15.30085529628352,1.6855287352087107,23.7019374828936,1459.283225002262,4549.861931224404,37155.44406280182,0.4249053191738537,2046.9456765196792,43417.82079881607,1752.847521444931,1538.175996987036,132.30887679173566,41.14412924461579,1.683827427842342e-05,0.074406015202165,0.0338074160186599,0.1054072797527901,0.8607853042285498,8.683988489571593e-06,0.04183438495954,0.8873502849817977,0.0358237635852559,0.0314364213626268,0.0027040583190662,0.0008408817886026,3.4413167691659283e-10,1.52067048919695e-06,343.0547839204687,342.7066803270834,0.376397661758538,-0.376397661758538,3.0218736656346943e-05,73.93261156612468,2556.049121818913,3887.206151506012,1331.157029687099,221.06233914551476,3132.832114870382,52.433290120251506,4487388.866978695,158.52914490865902,41,0.05,kl_110,0.0019929710511228,3.6333944049585687e-09,1.9832087471743442e-09,6.19383690680344e-10,4.2138779056200446e-05,507.5720558628045,0.0659121335439815,0.0525443281013694,229.81915207894096,108.69514182822684,0.006680224611274366,1.9917814060235486e-06
0.34,3.098251003942891,9.729875260332737,79.52776643962736,92.35589270390298,0.0007570551915603,3.771415411914472,79.21756663733304,3.171028064079721,2.7874317843385428,0.2366656261263308,0.0733965382864625,3.041986479534499e-08,0.0001376074617871,0.806050846217651,5.9579637621191255,15.30085529628352,1.6855287352087107,23.750398639829005,1448.117778744284,4547.728809422092,37171.15635191777,0.4146142491469681,2065.480280254421,43384.85790301547,1736.6678605063062,1526.584784300664,129.613985835058,40.19687197297397,1.665996025372759e-05,0.075363084596644,0.0335468686754619,0.1053519702476066,0.8611011610769315,8.481612958765925e-06,0.0422527791727475,0.887508265240539,0.0355263830441132,0.0312287899314086,0.0026514661861181,0.0008222927960852,3.4080675006047237e-10,1.5416752227946026e-06,343.2688929231898,342.9324541576386,0.3710537729964389,-0.3710537729964389,3.027042128130754e-05,73.9455379792442,2470.6179381967268,3774.6138779511352,1303.9959397544085,226.20186722513247,3145.082308283577,53.720800498812494,4487388.866597445,161.81486277173946,41,0.05,kl_110,0.0019694635781845,3.648682980332039e-09,1.9914832343420567e-09,6.25686114449585e-10,4.23151847626138e-05,512.2124131173954,0.0670966478792906,0.0524359081216384,229.8593337692616,108.8358506639726,0.006847225815523153,2.0310437978696763e-06
0.35,3.076154051957526,9.729875260332737,79.59704023021615,92.40306954250642,0.0007400704442864,3.8112165010421473,79.29272865555133,3.147416739940887,2.7712420193497005,0.2323087562511534,0.0718632059227376,3.014845639915924e-08,0.0001395826430138,0.7839538942322863,6.0272375527079225,15.30085529628352,1.6855287352087107,23.79757547843244,1437.1359602492353,4545.661039461049,37186.61904186981,0.4046249187780114,2083.7383509705737,43352.37833051367,1720.813542266167,1515.144383416976,127.01211398891616,39.290373077456415,1.6483318332693584e-05,0.0763151886801202,0.0332906045999095,0.1052981822844844,0.861411213115606,8.284897209450217e-06,0.0426655829831671,0.8876615887578428,0.0352345163450666,0.0310233376431576,0.0026006364411047,0.000804490003361,3.3750417168927444e-10,1.5625915864106044e-06,343.4756447415052,343.1505135499615,0.3654715976777653,-0.3654715976777653,3.032060724528768e-05,73.9580579757468,2386.7800324050104,3664.18043856088,1277.40040615587,231.37084460135551,3156.998857148212,54.98949124468477,4487388.867273213,165.11682271785122,41,0.05,kl_110,0.0019468130942242,3.6634916035532782e-09,1.999497943163686e-09,6.318800764309686e-10,4.248691557707491e-05,516.7709101543124,0.0682838252513851,0.0523303470163947,229.8982521155679,108.9722747858175,0.007015304507168189,2.070407046653105e-06
0.36,3.0543991821829204,9.729875260332737,79.66470405733855,92.4489784998542,0.0007235611496865,3.850478050984501,79.36607348754951,3.124210580163189,2.7551866291850438,0.2280955512232616,0.0703934406355532,2.9878660223046714e-08,0.0001415483624384,0.7621990244576806,6.094901379830332,15.30085529628352,1.6855287352087107,23.84348443578024,1426.3433339517153,4543.657161353372,37201.82360126628,0.3949415654580095,2101.707409078449,43320.40397830562,1705.2886516705105,1503.8642151125953,124.50145245242732,38.42286951783531,1.630867667147431e-05,0.0772613784939649,0.0330387553410093,0.1052458925800686,0.8617153520789219,8.093950424496488e-06,0.0430724873340447,0.8878103315434538,0.0349482632704687,0.0308202616966378,0.002551538435209,0.0007874400373219,3.342307622520678e-10,1.5833982086266354e-06,343.675253534539,343.3611034111372,0.3596525059264665,-0.3596525059264665,3.0369322569909555e-05,73.9701799349095,2304.5346322024225,3555.940975474428,1251.4063432720054,236.56146760993343,3168.586071260346,56.23854142947855,4487388.866684777,168.42983617681566,41,0.05,kl_110,0.0019249911730676,3.6778310431274173e-09,2.007258705756097e-09,6.37963602153657e-10,4.265403137906861e-05,521.2454073328754,0.0694717232981972,0.0522276103604876,229.9359331648004,109.1045086703726,0.00718421151745728,2.109809174330452e-06
0.37,3.0330004212363906,9.729875260332737,79.73075753630374,92.49363321787288,0.0007075357801713,3.8891698133633694,79.43760548623578,3.101421079396991,2.7392843675723744,0.2240237969052596,0.0689847209785898,2.9611042643191672e-08,0.00014350257322,0.7408002635111507,6.160954858795515,15.30085529628352,1.6855287352087107,23.888139153798893,1415.7454078610483,4541.715893749055,37216.76167828894,0.3855665762293549,2119.375346572579,43288.95644510055,1690.0972933681385,1492.7534755454317,122.0801700597354,37.59273159784534,1.6136326459352345e-05,0.0782007036070707,0.0327914507811799,0.1051950812377926,0.8620134679810273,7.908843949154787e-06,0.0434731896360165,0.8879545644080981,0.0346677242691966,0.0306197554987869,0.0025041408509289,0.0007711120884424,3.309926112571549e-10,1.6040735885117974e-06,343.8679103139073,343.5644373474232,0.3536005514072713,-0.3536005514072713,3.0416591605660455e-05,73.9819114782216,2223.88748524468,3449.9304575231404,1226.0429722784602,241.76586397312465,3179.84765243019,57.467145718612024,4487388.867005673,171.74873423247,41,0.05,kl_110,0.0019039716456893,3.6917107218921903e-09,2.014770625197212e-09,6.439344798333034e-10,4.281658075399042e-05,525.63374661013,0.0706584372589399,0.0521276686930092,229.9724006083203,109.2326348960539,0.007353693548660192,2.1491888295993573e-06
0.38,3.011971644101567,9.729875260332737,79.79519961811397,92.53704652254828,0.0006920007543101,3.927261823423741,79.50732820460745,3.0790597345349218,2.7235537023740712,0.2200912636267288,0.0676346773464633,2.9346136953624477e-08,0.000145443187332,0.7197714863763273,6.225396940605752,15.30085529628352,1.6855287352087107,23.931552458474307,1405.3476493127955,4539.836008082364,37231.42494696748,0.3765012446820898,2136.730278835446,43258.05693698003,1675.2435821526658,1481.821157730627,119.74645140628924,36.798428391888,1.5966539083710982e-05,0.0791321985127744,0.0325488197137094,0.1051457294777814,0.8623054508085092,7.729626658701425e-06,0.0438673910352856,0.8880943551356362,0.0343930003826669,0.030422009185903,0.0024584124917209,0.0007554772185054,3.277954266867301e-10,1.6245958275714858e-06,344.0537992614382,343.7607222770985,0.347321870976488,-0.347321870976488,3.046243758197497e-05,73.99326005732964,2144.8485416124404,3346.183875817237,1201.335334204797,246.97593078367788,3190.787151896883,58.67450748351206,4487388.867027027,175.06822822822627,41,0.05,kl_110,0.0018837298467924,3.705139851028953e-09,2.0220386897046758e-09,6.49790489200785e-10,4.2974610252752566e-05,529.9338340502649,0.071842045203156,0.0520304948381885,230.00767760953343,109.3567328455326,0.007523488875747959,2.188483817762564e-06
0.39,2.9913262112981664,9.729875260332737,79.85802910798516,92.57923057961608,0.000676960090703,3.964725059725951,79.57524499397131,3.0571376662135954,2.7080125343931885,0.2162956408389917,0.0663410759752876,2.9084431727340898e-08,0.0001473681152708,0.6991260535729267,6.288226430476939,15.30085529628352,1.6855287352087107,23.973736515542097,1395.1553177514145,4538.016335109116,37245.80540709449,0.3677455872292427,2153.7608572716963,43227.7258306702,1660.7314105248215,1471.0758778265244,117.4984589901722,36.03851730256892,1.5799559784523296e-05,0.0800549025465487,0.0323109858719952,0.1050978194506084,0.8625911946773963,7.55632113674765e-06,0.0442548034686729,0.8882297700671127,0.0341241888294548,0.0302272063497278,0.0024143215310677,0.0007405081651209,3.246444055266914e-10,1.6449430617794704e-06,344.2330954613855,343.95014882847335,0.3408247224382567,-0.3408247224382567,3.0506882575412607e-05,74.00423292971159,2067.4308937799688,3244.734554985041,1177.3036612050726,252.18349609601856,3201.407989897029,59.85985963341718,4487388.866729244,178.38302458091005,41,0.05,kl_110,0.001864242417847,3.7181272534072684e-09,2.0290676768864863e-09,6.555294157009268e-10,4.312816379772034e-05,534.1436751088302,0.0730206502763327,0.0519360631319342,230.0417867282737,109.47687767724032,0.007693332302858262,2.2276324035603517e-06
0.4,2.9710768110803496,9.729875260332737,79.91924448610096,92.62019655751403,0.0006624153517531,4.001531741040653,79.64135885120498,3.035665454347098,2.6926780649449835,0.2126345186261659,0.0651018121574987,2.882636500060609e-08,0.000149275287317,0.67887665335511,6.349441808592728,15.30085529628352,1.6855287352087107,24.014702493440065,1385.173398348961,4536.255787667043,37259.89549157439,0.3592983240430524,2170.456412816798,43197.9824803508,1646.564360586723,1460.525806598017,115.33432305558864,35.31163934900856,1.563560476906075e-05,0.0809678707054361,0.0320780663560286,0.1050513346113534,0.862870599032618,7.388923160546551e-06,0.044635152975824,0.8883608741790349,0.0338613812677065,0.0300355226751765,0.0023718353073344,0.0007261792565208,3.215441722834806e-10,1.6650936981377328e-06,344.4059624360879,344.1328950651456,0.3341194728752398,-0.3341194728752398,3.054994714890589e-05,74.01483705760556,1991.6502263296,3145.613472078416,1153.9632457488162,257.38042533885675,3211.713410637964,61.022473675517794,4487388.867253369,181.6879002754138,41,0.05,kl_110,0.0018454872558716,3.730681166770657e-09,2.0358620472259914e-09,6.611490313360965e-10,4.32772814224053e-05,538.2613794215639,0.0741924080201145,0.0518443492878702,230.07474960662344,109.5931394565416,0.007862958391264992,2.2665741438645593e-06
0.41,2.9512358167223907,9.729875260332737,79.97884465197015,92.65995572902528,0.0006483668310088,4.037654721360577,79.70567307853952,3.014653471325055,2.6775670676471024,0.209105494852394,0.0639148873918939,2.8572351011864588e-08,0.0001511626141214,0.6590356589971509,6.409041974461929,15.30085529628352,1.6855287352087107,24.054461664951308,1375.406745206107,4534.553283491308,37273.68778354002,0.35115753389958,2186.8066145285525,43168.84556311592,1632.7458900159784,1450.1788237111623,113.2521998125172,34.61650590775205,1.547487601028012e-05,0.0818701516703117,0.0318501751215269,0.105006258461711,0.863143566416762,7.227414967313001e-06,0.0450081724887111,0.8884877310754475,0.0336046672622289,0.0298471287782983,0.0023309214953086,0.0007124661405821,3.1849907718623826e-10,1.6850259568328283e-06,344.57256206772206,344.3091347075284,0.3272181903954514,-0.3272181903954514,3.059165176349553e-05,74.02507942075401,1917.524183864401,3048.8507602528,1131.3265763883992,262.5584340990867,3221.706690513218,62.161639201492555,4487388.8667540075,184.97755460284503,41,0.05,kl_110,0.0018274432415534,3.742809939888149e-09,2.042426321122944e-09,6.666472016391317e-10,4.342200436573623e-05,542.2851694461451,0.0753554694344052,0.0517553297097138,230.1065879410769,109.70558781794276,0.008032096183527949,2.305248279412055e-06
0.42,2.931814309065349,9.729875260332737,80.036829844359,92.69851941375708,0.0006348122885746,4.073069253444424,79.76819241373845,2.9941108843144786,2.662695122573832,0.2057059864375391,0.0627783877654052,2.8322746484094096e-08,0.0001530280950418,0.6396141513401096,6.467027166850778,15.30085529628352,1.6855287352087107,24.09302534968312,1365.859637823307,4532.907782751325,37287.17575520405,0.3433199621356012,2202.8023197344987,43140.33186187966,1619.2787284264225,1440.04204882872,111.25016441217932,33.95188483031117,1.5317542564162024e-05,0.0827608424427387,0.0316274124722454,0.1049625746113994,0.8634100129163552,7.071751142027274e-06,0.0453736209317477,0.8886104064965104,0.0333541228589765,0.0296621814240721,0.0022915459746025,0.0006993455283788,3.1551281914210465e-10,1.7047190568791203e-06,344.73304789305706,344.4790292114441,0.3201346805616929,-0.3201346805616929,3.063201638416079e-05,74.03496691456525,1845.070152286949,2954.471246448305,1109.4010941613556,267.7095155014225,3231.3911700921576,63.27672000773658,4487388.8670240445,188.24691278156172,41,0.05,kl_110,0.0018100899218734,3.754521542173059e-09,2.048764813198682e-09,6.720219197821587e-10,4.356237318245431e-05,546.2134778315773,0.0765080915229533,0.0516689796573116,230.13732316597628,109.81428963655382,0.00820048226503532,2.3435971130519793e-06
0.43,2.912822953132668,9.729875260332737,80.09320064259636,92.73589885606177,0.0006217484561988,4.107751436848631,79.82892182159675,2.974046541999164,2.648077281484939,0.2024334275213183,0.0616904956702161,2.8077883435841e-08,0.0001548697303569,0.620622795407428,6.523397965088123,15.30085529628352,1.6855287352087107,24.13040479198778,1356.5361828165896,4531.318263177727,37300.3530998756,0.335781859471935,2218.4348058476157,43112.45736382279,1606.1654324545268,1430.122270087346,109.32632326576476,33.3166076109493,1.5163759260075508e-05,0.0836390432765766,0.0314098745907854,0.1049202669123288,0.8636698584968856,6.921875545715283e-06,0.0457312662944606,0.8887289647262194,0.0331098209020711,0.0294808313476738,0.002253675063645,0.0006867953255458,3.1258881753915326e-10,1.724152249420569e-06,344.88757040528,344.6427376022364,0.3128842334837751,-0.3128842334837751,3.067106067418114e-05,74.04450637218055,1774.3066834347037,2862.498524085054,1088.1918406503503,272.82562219608377,3240.7701903899383,64.36710376470532,4487388.867029997,191.49089394929032,41,0.05,kl_110,0.0017934077506237,3.765823927418418e-09,2.054881829482169e-09,6.772712678313686e-10,4.369842888750229e-05,550.0448507608911,0.0776485505870645,0.0515852749555157,230.16697652210695,109.91931084133378,0.008367851211847306,2.381563406318079e-06
0.44,2.894271271712745,9.729875260332737,80.1479596355167,92.7721061675622,0.0006091704815559,4.14167954721282,79.88786831919612,2.954468214771833,2.6337274983480805,0.1992851471039733,0.0606494557791406,2.783805467753656e-08,0.0001566855995533,0.6020711139875051,6.578156958008484,15.30085529628352,1.6855287352087107,24.166612103488216,1347.4399674483022,4529.783691043036,37313.214271867626,0.3285386715507783,2233.696375035826,43085.23627667285,1593.407907653195,1420.4255782780838,107.47874276854404,32.7095488623521,1.5013658375165289e-05,0.0845038955218304,0.0311976454052385,0.1048793183886428,0.8639230362061185,6.777715033722271e-06,0.046080899488605,0.8888434724152336,0.0328718219976239,0.0293032164242225,0.0022172741103183,0.0006747942335804,3.0973004669497633e-10,1.7433056522172123e-06,345.0362785428215,344.80041304245043,0.3054833608140869,-0.3054833608140869,3.070880482382574e-05,74.05370475054472,1705.2510101422924,2772.9515293621657,1067.7005192198733,277.89893245004055,3249.8473138035183,65.43224372398184,4487388.866762224,194.704588680834,41,0.05,kl_110,0.0017773775895173,3.7767251369464776e-09,2.060781723118502e-09,6.82393548933151e-10,4.383021548273288e-05,553.7780615574841,0.0787752046353014,0.0515041895403518,230.19556963509697,110.02071792821904,0.008533944077357828,2.419092384102403e-06
0.45,2.876167560257332,9.729875260332737,80.20111102472302,92.80715384531308,0.0005970718901885,4.174834202215884,79.94504058062232,2.9353825123676627,2.6196585457491874,0.196258364893265,0.0596535777246949,2.760350899274365e-08,0.0001584738793288,0.5839674025320924,6.63130834721479,15.30085529628352,1.6855287352087107,24.201659781239112,1338.574029818497,4528.303050497379,37325.75454354927,0.3215850268811733,2248.580432617862,43058.68095049504,1581.0073789410023,1410.9573364578812,105.70544784804656,32.12962745591244,1.4867347345130552e-05,0.0853545905968771,0.0309907958717406,0.1048397117807326,0.8641694923475267,6.639179117070339e-06,0.046422336251388,0.8889539981000191,0.0326401738165432,0.0291294609520166,0.002182307456039,0.0006633217774886,3.0693898586420956e-10,1.7621604492371674e-06,345.17931646793903,344.95220451483993,0.2979496889350531,-0.2979496889350531,3.074526901530072e-05,74.06256898930074,1637.9188440596758,2685.8442502092166,1047.9254061495408,282.9219499019477,3258.626237398648,66.47166360436336,4487388.867229375,197.883328712369,41,0.05,kl_110,0.0017619807739196,3.7872330550872295e-09,2.06646876201372e-09,6.873872508718983e-10,4.395777813457158e-05,557.4120994506151,0.0798865171216528,0.0514256957407779,230.2231240767917,110.11857654111348,0.008698511460068815,2.4561324596006427e-06
0.46,2.858519602180998,9.729875260332737,80.2526600670732,92.84105492958692,0.0005854457589494,4.207197086701224,80.00044821883581,2.916795605302084,2.605882568329428,0.1933503446085126,0.0587012434841147,2.7374478381459505e-08,0.0001602327703922,0.5663194444557583,6.682857389564967,15.30085529628352,1.6855287352087107,24.235560865512955,1329.941182833133,4526.875310798167,37337.96947681402,0.3149153842062637,2263.08085204594,43032.80278725797,1568.9648351764183,1401.722529640415,104.00450789508804,31.57581101681833,1.4724924120063216e-05,0.0861903322026872,0.0307893916581298,0.1048014293645427,0.8644091789773274,6.5061730902317966e-06,0.0467554031306269,0.889060609717081,0.0324149193786568,0.0289596820596886,0.0021487401520105,0.0006523583865477,3.0421792605378485e-10,1.780698079989541e-06,345.3168287753888,345.098259636165,0.2903017440292012,-0.2903017440292012,3.0780473800053506e-05,74.07110608302645,1572.3255730135418,2601.189017442866,1028.863444429324,287.8872274886929,3267.1107733353465,67.48491652312865,4487388.866771183,201.0224848530364,41,0.05,kl_110,0.0017471992679314,3.797355775333688e-09,2.0719473272372e-09,6.922510303638657e-10,4.408116469938216e-05,560.9460960591739,0.0809809815425947,0.0513497655395312,230.24966158980112,110.2129531947898,0.008861305263085753,2.492632980674453e-06
0.47,2.8413333035106736,9.729875260332737,80.30261526926117,92.87382383310458,0.0005742833356274,4.238753441300183,80.05410426191528,2.898711818402625,2.5924100006299264,0.1905581548161587,0.0577908647289619,2.715114249102137e-08,0.0001619606497571,0.5491331457854344,6.732812591752942,15.30085529628352,1.6855287352087107,24.268329769030604,1321.5433788096109,4525.4994234744,37349.85592118478,0.3085232694118183,2277.193135879178,43007.61043281437,1557.2801643620862,1392.725087828701,102.37390028518706,31.047090211726825,1.4586457119540856e-05,0.0870104112015591,0.0305934781862388,0.1047644520141374,0.8646420697996238,6.378582544320246e-06,0.0470799639011228,0.8891633804564065,0.0321960806779771,0.028793977035175,0.0021165352441583,0.0006418848991649,3.015685686967994e-10,1.7989018822550178e-06,345.44895800281466,345.23872239878386,0.2825585875712419,-0.2825585875712419,3.081444066276982e-05,74.07932320824818,1508.4823591425816,2518.990196667321,1010.50783752474,292.7879154390947,3275.305099194672,68.4716633872789,4487388.867016703,204.1178423824693,41,0.05,kl_110,0.0017330150098592,3.807101418747342e-09,2.07722181446942e-09,6.969838766293562e-10,4.420042727165784e-05,564.3795065444667,0.0820572541798344,0.0512763669069072,230.2752044823215,110.30391570199188,0.009022095847074052,2.5285483898743274e-06
0.48,2.8246140221539005,9.729875260332737,80.35098591894359,92.90547520143022,0.0005635755779039,4.269489658374785,80.1060223918588,2.881134999597025,2.579250602360925,0.1878789201965797,0.0569209240184952,2.693366358159536e-08,0.0001636559361924,0.5324138644286608,6.781183241435364,15.30085529628352,1.6855287352087107,24.29998113735625,1313.382335086471,4524.174343569699,37361.41104059573,0.3024021318581733,2290.913278110389,42983.111574973176,1545.9530189184018,1383.9685595519418,100.81165370926962,30.54250298522128,1.4452005383407495e-05,0.0878141387529694,0.0304030953614929,0.1047287604873361,0.864868144151171,6.256290677436333e-06,0.0473958939925037,0.8892623824485191,0.0319836748523647,0.0286324357033655,0.0020856566235255,0.0006318830344146,2.9899242440816227e-10,1.816755636778936e-06,345.5758451087884,345.3737361917858,0.2747398635583867,-0.2747398635583867,3.084719111078921e-05,74.08722749236202,1446.3996866442085,2439.250431370238,992.8507447260296,297.6173100090869,3283.213443718964,69.43159657394746,4487388.867021327,207.16528752469125,41,0.05,kl_110,0.0017194105888209,3.8164781525890375e-09,2.0822966443671688e-09,7.015849270392982e-10,4.4315619423621314e-05,567.71191464293,0.0831140398633008,0.0512054676877412,230.29977490982776,110.3915318091472,0.009180658039729303,2.563834671652993e-06
0.49,2.8083656980578824,9.729875260332737,80.3977841751213,92.93602513351192,0.0005533125167242,4.299394879346264,80.15621921469364,2.8640676119733217,2.56641276901315,0.1853096805609862,0.0560899359673223,2.6722170826646324e-08,0.000165317186711,0.5161655403326424,6.827981497613074,15.30085529628352,1.6855287352087107,24.330531069437946,1305.4591179154004,4522.898988392021,37372.63294598301,0.2965449859208108,2304.2384826423718,42959.31174521449,1534.9822460136625,1375.4556700788678,99.3157663200538,30.06111152193182,1.4321609455855409e-05,0.0886008924864408,0.0302182678248115,0.1046943340470478,0.8650873981281405,6.1391710747826935e-06,0.0477030970465195,0.8893576913460972,0.0317777033921878,0.0284751321563364,0.0020560674056541,0.0006223349410485,2.9649063275411666e-10,1.8342445907952103e-06,345.6976322487734,345.50344290347005,0.2668653481816591,-0.2668653481816591,3.087874780496358e-05,74.09482627411029,1386.0843488361377,2361.966562926388,975.8822140902508,302.3691688982096,3290.840379782546,70.36448987209127,4487388.866775457,210.1610140414588,41,0.05,kl_110,0.0017063686542818,3.825494392040138e-09,2.087176371629214e-09,7.0605364565391e-10,4.4426799865756126e-05,570.9431759802378,0.084150162911936,0.0511370325479129,230.3233956847636,110.47587162275568,0.009336781310404253,2.5984516583042716e-06
0.5,2.7925908505225623,9.729875260332737,80.44302446263485,92.96549057349014,0.0005434832238618,4.328461004203378,80.20471364344652,2.847510738395052,2.553903517734305,0.182847395058604,0.0552964545057965,2.6516756580920553e-08,0.000166943107307,0.5003906927973225,6.873221785126633,15.30085529628352,1.6855287352087107,24.359996509416185,1297.7741520275815,4521.6722718079545,37383.52069691654,0.2909443989430129,2317.1671726455,42936.21436477072,1524.3659121237497,1367.188334988114,97.8842089652872,29.60200612182684,1.419528969180327e-05,0.0893701219845993,0.0300390051544448,0.1046611511466308,0.8652998436989244,6.027087405535952e-06,0.0480015052137453,0.8894493854476594,0.0315781524709431,0.0283221248621339,0.0020277299896434,0.0006132232788245,2.9406392434507616e-10,1.8513555806588809e-06,345.8144590732194,345.6279834553739,0.2589548358917932,-0.2589548358917932,3.090913389073561e-05,74.10212693636888,1327.5396043224737,2287.129716511941,959.5901121894674,307.0377850767888,3298.19070473813,71.2701986367599,4487388.867200633,213.10157597751493,41,0.05,kl_110,0.0016938720465181,3.8341585209816785e-09,2.0918655338484e-09,7.103897654952496e-10,4.4534030144642e-05,574.0733903913701,0.0851645841433343,0.0510710235789709,230.3460897567616,110.55700580255493,0.009490272008453367,2.632363534035139e-06
0.51,2.77729143664224,9.729875260332737,80.48672241503533,92.99388911201032,0.000534076875026,4.356681134675715,80.2515256665361,2.831464955609553,2.5417291700474665,0.1804891000223037,0.0545390896974569,2.6317502858290602e-08,0.000168532462372,0.4850912789170001,6.916919737527114,15.30085529628352,1.6855287352087107,24.388395047936346,1290.3276154157882,4520.49308809195,37394.07367776474,0.2855930737356866,2329.6982414330982,42913.821883723554,1514.1018412526123,1359.1680902530748,96.51501358983482,29.16431508981318,1.4073061174910571e-05,0.0901213031377504,0.0298653111850932,0.1046291896515177,0.865505499163389,5.919905284649968e-06,0.0482910623521055,0.8895375424583971,0.0313850030544685,0.0281734646256281,0.0020006078282112,0.0006045314081502,2.9171291912232787e-10,1.86807604164262e-06,345.92646617992455,345.74749847458725,0.2510281046161892,-0.2510281046161892,3.093837299051852e-05,74.10913689819057,1270.7672233422832,2214.729253266657,943.962029924374,311.61765560993933,3305.269338562464,72.14861050189363,4487388.866788874,215.983652820974,41,0.05,kl_110,0.0016819040888003,3.842479134213338e-09,2.096368782815033e-09,7.145932203810789e-10,4.463737479096392e-05,577.1027962982795,0.0861563151162929,0.0510074022658844,230.3678801879102,110.63500618082703,0.009640943259691248,2.6655362125565186e-06
0.52,2.762467465803864,9.729875260332737,80.52889721643687,93.02123994257347,0.0005250814614229,4.3840521118991616,80.29667896308477,2.8159289070847278,2.529894241348845,0.1782316783609401,0.0538164646326539,2.6124447693469133e-08,0.0001700842340815,0.4702673080786244,6.959094538928651,15.30085529628352,1.6855287352087107,24.415745878499504,1283.118792989301,4519.360301802377,37404.29260297044,0.2804831364974877,2341.8322246258394,42892.13392692281,1504.1867406110146,1351.3954004345876,95.20614198492856,28.747179065257544,1.395491474498362e-05,0.0908540158982064,0.0296971688133728,0.1045984257610354,0.8657044054255918,5.817477818107324e-06,0.0485717508389734,0.8896222454122373,0.0311982142921954,0.0280291815889291,0.0019746628123928,0.0005962428922952,2.8943774658355686e-10,1.884395720804843e-06,346.0337935372557,345.8621277017388,0.2431043634082536,-0.2431043634082536,3.096648992125811e-05,74.11586377699045,1215.7633505553904,2144.7463869119465,928.983036356556,316.1040445631519,3312.081603040962,72.99972492854326,4487388.867007584,218.80443100348327,41,0.05,kl_110,0.0016704479163752,3.85046492282674e-09,2.1006908222243843e-09,7.186643296048771e-10,4.473690347650198e-05,580.0319599254409,0.0871245507439489,0.0509461256436742,230.3887906569059,110.7099467183106,0.009788632710033768,2.6979415225066342e-06
0.53,2.748118410893458,9.729875260332737,80.5695688414567,93.04756251268287,0.0005164851498914,4.410571935890192,80.34019785948823,2.80090075725634,2.5184025671862043,0.1760720985804635,0.0531272599768948,2.5937618290032804e-08,0.0001715974735002,0.4559182531682188,6.999766163948464,15.30085529628352,1.6855287352087107,24.44206844860891,1276.146741649718,4518.272779263152,37414.17849594029,0.2756068882979897,2353.570101910196,42871.14923236764,1494.6171100972308,1343.870380725812,93.955621407618,28.34977696669018,1.3840836020705165e-05,0.0915678712566055,0.0295345556259883,0.1045688355243749,0.8658966088496368,5.719660856265737e-06,0.0488435643517669,0.8897035761398588,0.0310177406396504,0.0278892986311054,0.0019498579781875,0.0005883420062597,2.872384231559048e-10,1.900305076380079e-06,346.1365797922532,345.97201070846745,0.2352025341951722,-0.2352025341951722,3.099350954980258e-05,74.12231511652797,1162.522673606516,2077.1607497209616,914.6380761144457,320.49248255333106,3318.632860603713,73.82357218082049,4487388.86701567,221.56126274519863,41,0.05,kl_110,0.0016594872063112,3.858124608335531e-09,2.104836372274667e-09,7.226035746855049e-10,4.483268733704607e-05,582.8615606332436,0.0880685473381619,0.0508871505623766,230.4088446134872,110.78190138769963,0.009933186818656604,2.729553362962561e-06
0.54,2.734242409831903,9.729875260332737,80.60875995830784,93.07287762847248,0.0005082757018115,4.4362412346323365,80.38210939287568,2.786377359853633,2.507256665846765,0.1740072881946154,0.0524701800887113,2.575701675869397e-08,0.0001730713918468,0.4420422521066636,7.038957280799614,15.30085529628352,1.6855287352087107,24.467383564398503,1269.4099088835535,4517.229351448268,37423.73326737427,0.270956477966122,2364.913955280234,42850.8645503875,1485.388723127198,1336.5923909279522,92.76147134636614,27.97130601445854,1.3730797122458685e-05,0.0922625547598882,0.0293774349681808,0.104540393595354,0.8660821714364652,5.6263064066288216e-06,0.049106523075572,0.8897816193919272,0.0308435220002737,0.0277538237453378,0.0019261560544407,0.0005808133446826,2.851146885215602e-10,1.915796244599861e-06,346.2349647651202,346.0772865071567,0.2273407730293506,-0.2273407730293506,3.1019457817107625e-05,74.12849862385275,1111.0356733647195,2011.9466652105148,900.9109918457953,324.7790617175407,3324.9287804753544,74.62025916951326,4487388.866800637,224.2518583535985,41,0.05,kl_110,0.0016490056552166,3.865467125689039e-09,2.108810268616702e-09,7.26411764276493e-10,4.492480231286068e-05,585.5925219396422,0.088987687716505,0.0508304309157758,230.42806601497904,110.85094639697428,0.010074470404827047,2.7603498253640733e-06
0.55,2.720836327334776,9.729875260332737,80.64649521718258,93.09720680485007,0.0005004404387135,4.461063147721838,80.42244258385503,2.772354328097229,2.4964577845136677,0.1720341409613074,0.0518439614210958,2.558261742593032e-08,0.0001745053626794,0.4286361696095365,7.076692539674346,15.30085529628352,1.6855287352087107,24.491712740776112,1262.9061715249702,4516.22884882572,37432.95967435354,0.2665238862778142,2375.866926577547,42831.27477967656,1476.496686724559,1329.5600818500031,91.62170814839938,27.61098626143553,1.362475549546831e-05,0.0929378280404258,0.0292257568268205,0.1045130739607306,0.8662611692124488,5.537262284372442e-06,0.0493606727297703,0.8898564618027552,0.0306754847776708,0.0276227508117646,0.0019035195533322,0.0005736419162836,2.8306597878515506e-10,1.930863072675296e-06,346.3290857646362,346.178093495365,0.2195364192807471,-0.2195364192807471,3.10443610346761e-05,74.13442200043987,1061.2890381902332,1949.073495455491,887.7844572652577,328.9604748730452,3330.9752070021427,75.38996590616048,4487388.867169429,226.8743169855496,41,0.05,kl_110,0.0016389871286774,3.872501343861714e-09,2.1126173110965908e-09,7.300899627966291e-10,4.5013326690247504e-05,588.2259738511214,0.0898814906781368,0.0507759184027248,230.44647880137816,110.91715828705853,0.010212367748097312,2.7903134469469537e-06
0.56,2.707896545116022,9.729875260332737,80.68280027438409,93.12057207983284,0.0004929670878303,4.485041878288596,80.46122731557845,2.758826838573292,2.486006543470847,0.1701496474320692,0.0512473871252824,2.5414389705982367e-08,0.0001758988342,0.4156963873907821,7.112997596875871,15.30085529628352,1.6855287352087107,24.51507801575888,1256.6331983897703,4515.270086805164,37441.860748597486,0.2623013847649277,2386.432531594576,42812.3740220664,1467.9359290887498,1322.7717934619627,90.5344174904736,27.26806908694058,1.352266667978614e-05,0.0935934850991337,0.0290794663803667,0.1044868501451135,0.8664336834745197,5.452381505914263e-06,0.0496060690340595,0.8899281890997125,0.0305135511152694,0.0274960670515735,0.0018819122286226,0.0005668133080001,2.8109168307131065e-10,1.9455001645756173e-06,346.41908070576983,346.27456980869687,0.2118060945694032,-0.2118060945694032,3.1068245875072365e-05,74.14009294391961,1013.2677297430946,1888.5092379783457,875.2415082352511,333.03368984990595,3336.7780693176105,76.13290013371412,4487388.866822348,229.4268987856292,41,0.05,kl_110,0.001629415915936,3.879236286414706e-09,2.1162623833115172e-09,7.33639422696872e-10,4.509834119584748e-05,590.7631561021457,0.0907495293233932,0.0507235643167111,230.46410690072963,110.98061447327724,0.01034677256093947,2.8194286900662695e-06
0.5700000000000001,2.6954178451026296,9.729875260332737,80.71770354494464,93.14299665038,0.000485842754782,4.508184742912273,80.49849629957602,2.745788483726772,2.4759020336936906,0.1683507134851464,0.0506792551690105,2.5252270448467053e-08,0.0001772514621843,0.4032176873773903,7.147900867436406,15.30085529628352,1.6855287352087107,24.537502586306022,1250.5879316674393,4514.351865448304,37450.4406092831,0.2582809700924787,2396.61560719944,42794.15409738111,1459.7005024059904,1316.224998360188,89.49765158936711,26.941818231883623,1.3424468810681792e-05,0.0942294171368856,0.0289384918033086,0.1044616944938397,0.8665998137028516,5.371510785473136e-06,0.0498427994059943,0.8899968906225503,0.0303576256099196,0.0273737425264804,0.0018612970232172,0.000560313317551,2.791908322940159e-10,1.959704310690785e-06,346.5050859263581,346.3668523431061,0.2041651860988422,-0.2041651860988422,3.109113979361441e-05,74.14551923972908,966.9516633880723,1830.21540457604,863.2637411879674,336.99642332946803,3342.3435759857634,76.84936144647762,4487388.867005216,231.90834666750197,41,0.05,kl_110,0.0016202762318038,3.885680970211116e-09,2.119750365091729e-09,7.370617185437928e-10,4.517993016744149e-05,593.2055630392472,0.0915915417961338,0.0506733166066343,230.4809745140257,111.04139355039612,0.010477602907684552,2.8476854298962733e-06
0.58,2.683394591001356,9.729875260332737,80.75123398351056,93.16450383484464,0.0004790549525229,4.530499994719819,80.53428263926996,2.733232485729425,2.4661427798834907,0.1666343443676374,0.0501384117977015,2.5096191074065927e-08,0.0001785629790849,0.3911944332761166,7.18143130600233,15.30085529628352,1.6855287352087107,24.559009770770675,1244.7671409335303,4513.472990539448,37458.70360981814,0.2544549273093939,2406.42131087522,42776.60616379113,1451.7843304053467,1309.9169072043455,88.50953269558534,26.631529143371804,1.3330098022914482e-05,0.0948455487703694,0.028802757279299,0.1044375793336608,0.8667596633870401,5.294502025550384e-06,0.0500709600693438,0.8900626542200271,0.0302076094940278,0.0272557414856555,0.0018416381442969,0.000554128334177,2.7736240649524406e-10,1.973473083775573e-06,346.5872362190475,346.4550775715582,0.1966282283516684,-0.1966282283516684,3.111307018030524e-05,74.15070857029883,922.3193028418618,1774.1524490737145,851.8331462318527,340.8466907538801,3347.677937460812,77.53967345076036,4487388.867016304,234.3175816096702,41,0.05,kl_110,0.0016115527741248,3.8918443948967955e-09,2.123086127016009e-09,7.403585639871363e-10,4.525817882422448e-05,595.5547686425282,0.0924073240955573,0.0506251232913329,230.49710552206304,111.09957383104644,0.010604787010150267,2.875075559759285e-06
0.59,2.671820143154733,9.729875260332737,80.78342243190441,93.18511783539188,0.0004725911620944,4.551997899898612,80.56862129398465,2.7211510881525425,2.45672627228158,0.1649975518677094,0.0496237278433455,2.4946066701495093e-08,0.0001798332626281,0.3796199854294931,7.213619754396173,15.30085529628352,1.6855287352087107,24.57962377131789,1239.1671444735784,4512.632249337892,37466.65476424941,0.2508155830637248,2415.85560404458,42759.71991717167,1444.1808301167605,1303.8441719463883,87.56819952445949,26.33651500731133,1.3239482171338246e-05,0.0954418707713935,0.028672176472153,0.1044144761132373,0.8669133474146096,5.221207343532447e-06,0.0502906672172231,0.8901255692003962,0.0300633934442527,0.0271420167847339,0.0018229000001999,0.0005482450646788,2.756052103827825e-10,1.986805566325062e-06,346.665666273982,346.53938070795044,0.1892085334208952,-0.1892085334208952,3.1134065051233874e-05,74.15566867486734,879.3456776671551,1720.2770416886312,840.9313640214762,344.5830282292169,3352.787549120583,78.20421736076743,4487388.866841231,236.65384794384184,41,0.05,kl_110,0.0016032303572736,3.897735648418572e-09,2.126274587432892e-09,7.435319261255839e-10,4.5333175478242906e-05,597.8125193354695,0.0931967789055667,0.0505789304940847,230.51252398222576,111.15523477348484,0.010728270416439596,2.9015945770113744e-06
0.6,2.6606869502917143,9.729875260332737,80.81430093131983,93.20486314194429,0.0004664387939659,4.572690560487912,80.60154837747123,2.7095356550625125,2.44764904478231,0.1634373606802636,0.0491341060351733,2.4801794264620762e-08,0.0001810623313859,0.3684867925664746,7.2444982538116145,15.30085529628352,1.6855287352087107,24.59936907787032,1233.783860029702,4511.8284415175785,37474.29968704659,0.2473552855609585,2424.925186334116,42743.48376138591,1436.8829830747002,1298.00294541819,86.67181106155066,26.05611065446553,1.3152540016208447e-05,0.0960184385683082,0.0285466536895148,0.10439235606746,0.867060990243025,5.151478656442607e-06,0.0505020554242079,0.8901857253602783,0.0299248589021588,0.0270325109655826,0.0018050472775879,0.000542650615296,2.739178547078489e-10,1.999702313972534e-06,346.74050746426025,346.61989544252486,0.1819182214310592,-0.1819182214310592,3.115415241230972e-05,74.16040720119834,838.002897949521,1668.5425135683963,830.5396156188754,348.2045023949747,3357.678869628182,78.84342673076009,4487388.867139299,238.91672549497767,41,0.05,kl_110,0.0015952940466855,3.9033636613858355e-09,2.129320579480832e-09,7.465839533589223e-10,4.540500928007884e-05,599.9806952414386,0.0939599192526339,0.0505346831861796,230.527253667549,111.2084552663676,0.010848016138265509,2.927241645044871e-06
0.61,2.649987131361569,9.729875260332737,80.84390214788812,93.22376453958242,0.0004605857718818,4.59259084032803,80.63310048765918,2.6983772597046736,2.438907160300032,0.1619508967874429,0.0486684885022085,2.4663269793405167e-08,0.0001822502760508,0.3577869736363295,7.27409947037988,15.30085529628352,1.6855287352087107,24.61827047550844,1228.6130688321914,4511.060360059068,37481.64417057088,0.244066717507284,2433.636989421374,42727.885575036766,1429.8836841650225,1292.38917322033,85.81859490529608,25.789676885246696,1.3069190732658994e-05,0.0965753380934467,0.0284260901117804,0.104371190204419,0.8672027196838005,5.085174129893364e-06,0.050705266111459,0.8902432112429924,0.029791884750757,0.0269271617881211,0.0017880459209403,0.0005373325746934,2.7229894879204975e-10,2.012164607588676e-06,346.81189111760034,346.69675480530174,0.1747683662384453,-0.1747683662384453,3.117336042197148e-05,74.16493175335226,798.2616879415235,1618.9014627612437,820.63977481972,351.71044524299043,3362.358387907718,79.45775404921444,4487388.866867367,241.1059443944497,41,0.05,kl_110,0.0015877292966213,3.9087374422887935e-09,2.1322289785435887e-09,7.495169392221023e-10,4.54737708822089e-05,602.0612464620658,0.0946968031673846,0.0504923263205274,230.5413182152164,111.25931453291302,0.010963996473731804,2.9520175759453703e-06
0.62,2.639711766221634,9.729875260332737,80.87226023592117,93.24184726247556,0.0004550198332807,4.611713665505105,80.66331570335305,2.687665959129889,2.43049563569774,0.1605352707658153,0.0482258399247977,2.453036884599636e-08,0.0001833973471074,0.3475116084963944,7.302457558412936,15.30085529628352,1.6855287352087107,24.63635319840156,1223.65009010197,4510.326805880305,37488.69470930189,0.2409425131191781,2441.998785726197,42712.91179103647,1423.175306334629,1286.998244379648,85.00678158070554,25.536590317361664,1.2989343068587468e-05,0.0971127288954626,0.0283103761210441,0.1043509491284869,0.8673386747504689,5.022150367763808e-06,0.0509004614463673,0.8902981166860863,0.0296643389975993,0.0268258956157129,0.0017718618182038,0.0005322788195138,2.707468815876828e-10,2.024195401729104e-06,346.8799453668605,346.77008909190994,0.1677686695540699,-0.1677686695540699,3.119171736563487e-05,74.1692498787821,760.0893857942751,1571.302515796392,811.2131300021169,355.10077875429204,3366.832691750269,80.04771146379943,4487388.867009669,243.221608958456,41,0.05,kl_110,0.0015805216919425,3.913865841825316e-09,2.1350045745101664e-09,7.523333758326808e-10,4.553955207619983e-05,604.0562712775906,0.0954076104713803,0.0504518032380814,230.55474108644785,111.30789141212672,0.011076203127220718,2.9759272203538804e-06
0.63,2.6298516803097605,9.729875260332737,80.89940955024294,93.25913649088542,0.0004497291876595,4.630074570586671,80.69223216491055,2.677391595690509,2.4224090940555554,0.1591876919580771,0.0478051651084704,2.4402965472145104e-08,0.0001845038629018,0.3376515225845206,7.329606872734701,15.30085529628352,1.6855287352087107,24.653642426811448,1218.8901450263563,4509.626590712684,37495.45792925768,0.2379756142127086,2450.018522302865,42698.54845662753,1416.7501842348524,1281.8253914815468,84.23466790309466,25.296253481865342,1.2912905935831865e-05,0.0976307993865965,0.0281993998579086,0.1043316035987924,0.867468996543299,4.9622697224406816e-06,0.0510878090297754,0.8903505298198487,0.0295420880275867,0.0267286349933281,0.0017564620791009,0.0005274777130401,2.6926003475645643e-10,2.035798337474849e-06,346.9447965242358,346.8400277192181,0.160927789607504,-0.160927789607504,3.120925131837647e-05,74.17336900245063,723.4523026435742,1525.6938777388395,802.2415750952654,358.37568578494995,3371.108328680272,80.61382572961244,4487388.867021495,245.2639742148268,41,0.05,kl_110,0.0015736572494801,3.918757645447494e-09,2.1376521220274634e-09,7.550358514257895e-10,4.5602444793875005e-05,605.9679100391584,0.0960925651899699,0.0504130576791,230.5675453617028,111.35426409617448,0.011184636844058021,2.998977016841245e-06
0.64,2.6203971192135427,9.729875260332737,80.92538533298591,93.2756577125322,0.0004447022434263,4.64769029459183,80.71988882795702,2.66754345927028,2.414641506470625,0.1579054141668332,0.0474054963326591,2.4280925409698127e-08,0.0001855702484289,0.3281969614883032,7.355582655477675,15.30085529628352,1.6855287352087107,24.670163648458207,1214.3282026198706,4508.958527683582,37501.94083071611,0.2351591170003197,2457.70459205749,42684.78079825728,1410.60040446117,1276.8655272772749,83.50058564791877,25.068087295126645,1.283978451581858e-05,0.0981297855074122,0.0280930436029664,0.1043131241199006,0.8675938322771328,4.905397205575597e-06,0.0512674881237657,0.8904005386620559,0.0294249926198618,0.0266352955790067,0.0017418144136876,0.0005229179584241,2.67836705153148e-10,2.046978155693357e-06,347.00656932778304,346.90669770469896,0.1542531486126741,-0.1542531486126741,3.122599044813742e-05,74.17729649648354,688.3146658625134,1482.0218107449214,793.707144882408,361.535738380025,3375.191891375101,81.15665689370239,4487388.866888871,247.2335315233664,41,0.05,kl_110,0.0015671222259659,3.92342158951492e-09,2.1401763491725204e-09,7.57627102969803e-10,4.566254198511904e-05,607.798392082385,0.0967519643393749,0.0503760327674106,230.57975395719697,111.39851062333942,0.01128931151331497,3.0211759142998527e-06
0.65,2.611337837954251,9.729875260332737,80.95022314546381,93.2914362437508,0.0004399275668104,4.664578606052018,80.74632488624835,2.6581103819169574,2.40718627236376,0.156685739358047,0.0470258986656443,2.416410473543754e-08,0.0001865970279664,0.3191376802290115,7.380420467955574,15.30085529628352,1.6855287352087107,24.68594217967681,1209.9590270103834,4508.321455697777,37508.15073016025,0.2324862496575681,2465.065770295866,42671.59337738049,1404.717868325809,1272.113299801863,82.80290362861439,24.851533848669607,1.276987965770108e-05,0.0986099678719694,0.0279911848621493,0.1042954814728184,0.8677133336650322,4.851400034626597e-06,0.0514396880718098,0.890448230351316,0.0293129091508599,0.026545787184394,0.0017278871766512,0.0005185886578304,2.6647509134324313e-10,2.0577406287607806e-06,347.06538444184986,346.97022341741666,0.1477510186708305,-0.1477510186708305,3.1241962510274175e-05,74.18103956482292,654.6390951050563,1440.2310379391135,785.5919428340572,364.5818910116983,3379.0899203336344,81.67679316885608,4487388.867113395,249.1310097036124,41,0.05,kl_110,0.0015609032201828,3.927866168852981e-09,2.1425818532677957e-09,7.601099541753192e-10,4.571993580591661e-05,609.5500028755584,0.0973861784323133,0.0503406716167661,230.59138926634824,111.44070752030277,0.011390253770912347,3.0425353356012037e-06
0.66,2.6026634283666885,9.729875260332737,80.97395877527397,93.3064974639734,0.0004353942236596,4.680757695220445,80.77157963266329,2.649081064745065,2.400036500367224,0.1555260639041193,0.0466654698716869,2.4052361153619333e-08,0.0001875847827091,0.3104632706414488,7.404156097765731,15.30085529628352,1.6855287352087107,24.70100339989941,1205.777321858614,4507.714215197196,37514.0950182759,0.2299505522739536,2472.110925196342,42658.97050367812,1399.0944774975392,1267.5632535916566,82.14005226605747,24.64605634617986,1.2703093955353765e-05,0.0990716505597827,0.0278936997862512,0.1042786464478483,0.8678276537659005,4.80015137541584e-06,0.0516046016868203,0.8904936905439577,0.0292056931983164,0.0264600168818283,0.0017146498712988,0.0005144793091331,2.6517341801894344e-10,2.068092096307285e-06,347.12136187548725,347.0307281251013,0.141426629676022,-0.141426629676022,3.12571952085857e-05,74.18460533842479,622.3873886963357,1400.266171805204,777.8787831088683,367.5153045238464,3382.808936167005,82.17483213716878,4487388.866914351,250.9572505598402,41,0.05,kl_110,0.0015549871838213,3.932099886334732e-09,2.1448732360752768e-09,7.624873205081476e-10,4.577471896117031e-05,611.2250598387385,0.0979956080960471,0.0503069176975181,230.60247345569752,111.48093112423672,0.011487497615644684,3.0630678518422056e-06
0.67,2.594363014699152,9.729875260332737,80.99662825293012,93.320866527962,0.0004310913844292,4.696246725886129,80.79569253516189,2.640443770763655,2.3931847636829517,0.1544238224282386,0.0463233372035326,2.3945542375457854e-08,0.0001885341909424,0.3021628569739125,7.426825575421912,15.30085529628352,1.6855287352087107,24.71537246388805,1201.7775958951534,4507.135675490025,37519.78139755726,0.2275456624869445,2478.8492905251114,42646.89587416863,1393.7219549711624,1263.2096863334248,81.51049231643304,24.451136889547826,1.2639325442903048e-05,0.0995151815345117,0.0278004599745309,0.1042625901616263,0.8679369498638427,4.751525953210765e-06,0.0517624313700285,0.8905370041128149,0.0291031961155712,0.0263778862816375,0.0017020725223568,0.0005105797677987,2.639298073918535e-10,2.078039909140624e-06,347.1746171141409,347.0883309096748,0.1352840859516536,-0.1352840859516536,3.127171576882585e-05,74.18800076999564,591.5198486206692,1362.0703296922875,770.5504810716183,370.33751353740365,3386.355391924153,82.65139822709331,4487388.8670180235,252.71332986017612,41,0.05,kl_110,0.001549361383422,3.936130961147202e-09,2.147054945758377e-09,7.647621852398044e-10,4.58269829624068e-05,612.8259264035698,0.098580725882331,0.050274714527178,230.6130281376981,111.51925596983578,0.011581089461875381,3.0827884400767886e-06
0.68,2.5864256225952764,9.729875260332737,81.01826750595494,93.33456838888296,0.0004270086607224,4.711065148630414,80.81870283740935,2.632186696489094,2.386623415213226,0.1533765383040343,0.0459986604172936,2.3843497070828637e-08,0.0001894459807429,0.2942254648700371,7.448464828446716,15.30085529628352,1.6855287352087107,24.72907432480898,1197.9543292756025,4506.584720472783,37525.21760582439,0.2252654938139358,2485.290146809851,42635.35304710435,1388.5920603857735,1259.0468335381609,80.9127421024176,24.26627819714765,1.2578473543896386e-05,0.0999409293734727,0.0277113364023799,0.1042472840265649,0.868041379571055,4.70540375216226e-06,0.0519133817790583,0.8905782541569022,0.0290052692071817,0.0262992950867647,0.0016901262321202,0.000506880279561,2.6274240056850744e-10,2.087591917015697e-06,347.22526368495807,347.1431495935214,0.1293265385713492,-0.1293265385713492,3.12855510947613e-05,74.19123268336743,561.9962805363601,1325.5867598657844,763.5904793294243,373.0502413249886,3389.735668793253,83.10712152844347,4487388.867028647,254.40042887762343,41,0.05,kl_110,0.0015440134618402,3.939967514260807e-09,2.149131377383675e-09,7.669375821433952e-10,4.5876818829972216e-05,614.3549762826198,0.099142032057111,0.0502440062848096,230.62307452419745,111.5557556726566,0.011671082385885961,3.1017131095612088e-06
0.6900000000000001,2.578840085176038,9.729875260332737,81.03891247000952,93.3476278155183,0.0004231359774533,4.725232867378787,80.84064969434694,2.624297874730585,2.380344518223364,0.1523818026384422,0.0456906283367764,2.37460717251367e-08,0.0001903209412981,0.2866399274507983,7.469109792501296,15.30085529628352,1.6855287352087107,24.742133751444324,1194.3019301096213,4506.060251637511,37530.411495178174,0.2231041639409117,2491.442903644109,42624.32533165025,1383.69652894436,1255.0688240356624,80.34536529384768,24.091001423142497,1.2520437309544615e-05,0.1003492890023804,0.0276261983890213,0.1042326997271078,0.8681411018838708,4.661668570375948e-06,0.0520576616484841,0.8906175224262437,0.0289117625864955,0.0262241402729502,0.0016787829395461,0.0005033714395079,2.6160932213136357e-10,2.096756592700184e-06,347.27341243390714,347.1952986819747,0.1235561680448312,-0.1235561680448312,3.129872774164299e-05,74.19430776671675,533.7757574467585,1290.7583864923777,756.9826290456192,375.6554422752862,3392.956077888816,83.54264318467145,4487388.866934442,256.0198653384288,41,0.05,kl_110,0.0015389313935787,3.943617511671438e-09,2.1511068421496112e-09,7.690165940536227e-10,4.592431683728354e-05,615.8146002159003,0.0996800652615233,0.0502147376192142,230.63263340535883,111.5905026376882,0.01175753741244067,3.1198592238896234e-06
0.7000000000000001,2.5715951105804438,9.729875260332737,81.058598679173,93.36006905008618,0.0004194635328133,4.738770105051606,80.86157175839782,2.6167652454401558,2.374339909840973,0.1514372750766614,0.0453984621300011,2.3653109621189448e-08,0.0001911599156281,0.2793949528552036,7.488796001664778,15.30085529628352,1.6855287352087107,24.75457498601221,1190.8147695749628,4505.561205360604,37535.37098863967,0.2210559724138903,2497.3170530276684,42613.79590278061,1379.0271159686629,1251.269720852066,79.80697124552108,23.924847828685312,1.2465114935869196e-05,0.1007406788197277,0.0275449144023321,0.104218809597418,0.8682362760002498,4.620207572651489e-06,0.0521954825907482,0.8906548888026354,0.0288225260530884,0.0261523168841873,0.0016680154300855,0.0005000442281906,2.6052866969295784e-10,2.1055429630532382e-06,347.3191697686136,347.2448892241908,0.1179742865473072,-0.1179742865473072,3.1311271557989974e-05,74.19723249206429,506.8169791087746,1257.528099648326,750.7111205395515,378.1552902462439,3396.02279161212,83.95861151503658,4487388.867093429,257.5730905635825,41,0.05,kl_110,0.0015341035514703,3.947088628173525e-09,2.152985493632653e-09,7.710023064552654e-10,4.5969565213831217e-05,617.2071821697722,0.1001954020304321,0.050186854072913,230.64172489942612,111.6235671000772,0.01184052298399066,3.1372454418368395e-06
0.71,2.5646793822457923,9.729875260332737,81.07736157641806,93.3719162189966,0.0004159819530862,4.751697216199687,80.88150748297797,2.60957674993208,2.3686012942009684,0.1505406966718377,0.0451214094199015,2.356445696329886e-08,0.000191963783927,0.272479224520553,7.507558898909819,15.30085529628352,1.6855287352087107,24.7664221549226,1187.4872203703233,4505.086525601108,37540.10399889948,0.219115479076088,2502.922072045577,42603.74790070749,1374.5756408540235,1247.643565949423,79.29622097058015,23.767375407223508,1.2412406928651033e-05,0.1011155319801169,0.0274673529911342,0.1042055861583912,0.8683270608504745,4.580912953633037e-06,0.0523270569022016,0.8906904316143559,0.0287374099971734,0.0260837189452506,0.0016577974652906,0.0004968899428552,2.5949858004087985e-10,2.1139604203880377e-06,347.36264103203973,347.2920308710365,0.1125813612590518,-0.1125813612590518,3.1323208191530155e-05,74.20001324251923,481.07836312135737,1225.8391518417884,744.760788720431,380.5520918226627,3398.941927155279,84.35567625704033,4487388.866955985,259.0616250902408,41,0.05,kl_110,0.0015295186185774,3.950388496716878e-09,2.154771462827571e-09,7.728978480945501e-10,4.601265199247996e-05,618.53510888972,0.1006886344869973,0.0501603018079913,230.6503688482623,111.6550187272192,0.011920112399883566,3.1538910605570997e-06
0.72,2.5580815717322967,9.729875260332737,81.09523590799773,93.38319274006275,0.0004126821318638,4.764034650788468,80.90049452056046,2.602720350436172,2.3631202591080944,0.1496898796416079,0.0448587508507319,2.3479957655640925e-08,0.0001927334649636,0.2658814140070571,7.525433230489508,15.30085529628352,1.6855287352087107,24.777698675988795,1184.3136711456364,4504.635198771399,37544.6184406011,0.2172774186012129,2508.26743182474,42594.1645052589,1370.334006295706,1244.1843978664333,78.81182180668434,23.6181623432586,1.2362213418939112e-05,0.1014742982843652,0.02739338307754,0.1041930027753107,0.8684136141471492,4.543680172363025e-06,0.0524525975609247,0.8907242269668303,0.0286562657730591,0.0260182397956636,0.0016481036749984,0.00049390027108,2.5851717292926364e-10,2.122018754122605e-06,347.4039263539497,347.336828201265,0.1073771424287282,-0.1073771424287282,3.133456239701625e-05,74.20265614689099,456.5184031424888,1195.635216913509,739.1168137710206,382.8483242181915,3401.7194171824285,84.73448783010411,4487388.8670274615,260.4870945958786,41,0.05,kl_110,0.0015251657089439,3.95352439394236e-09,2.156468687847092e-09,7.747063107462043e-10,4.605366236058373e-05,619.8007360093823,0.1011603835307501,0.0501350282518517,230.6585843032405,111.68492445202266,0.011996384703808026,3.169816349850384e-06
0.73,2.551790370068053,9.729875260332737,81.11225610735646,93.39392173775724,0.0004095553319703,4.7758028951186615,80.91857011057097,2.5961840539564265,2.357888311257647,0.1488827107662576,0.0446097927121813,2.3399457850118612e-08,0.0001934699076161,0.2595902123428141,7.54245342984823,15.30085529628352,1.6855287352087107,24.788427673683277,1181.2885333902923,4504.20622758382,37548.92219241409,0.2155367505783433,2513.3625594966497,42585.0289365555,1366.294200593089,1240.886261668575,78.35252819557229,23.476802801954268,1.2314436454887828e-05,0.1018174394694204,0.0273228741505606,0.104181033190291,0.8684960926591483,4.50840903181485e-06,0.0525723174032044,0.890756349265267,0.028578945806419,0.0259557723430005,0.0016389095819371,0.0004910672055065,2.5758259965391115e-10,2.129728050870596e-06,347.4431239381564,347.37938433201714,0.1023606524503781,-0.1023606524503781,3.134535854974544e-05,74.2051672096247,433.0955471184217,1166.860477631096,733.7649305126744,385.0465782105777,3404.3611056758755,85.0956955359057,4487388.867035931,261.85118535587395,41,0.05,kl_110,0.0015210342539229,3.956503483461809e-09,2.158081045675634e-09,7.764307993172164e-10,4.609268060390856e-05,621.0064075201323,0.1016112834330008,0.0501109816374041,230.6663899291484,111.71335015819848,0.012069423052363156,3.185042111907219e-06
0.74,2.545794560690469,9.729875260332737,81.12845600229215,93.40412582331535,0.0004065931633557,4.787022328535334,80.93577078104661,2.589955988111216,2.352896943686185,0.148117154015839,0.0443738698250891,2.332280551894944e-08,0.0001941740818201,0.2535944029652298,7.558653324783928,15.30085529628352,1.6855287352087107,24.798631759241385,1178.4062775023708,4503.798642330893,37553.02305746413,0.2138886468496035,2518.216784165214,42576.32457765038,1362.448343019615,1237.7432500538316,77.91714298930216,23.342908410057756,1.2268979812678148e-05,0.1021454253460918,0.0272556970931469,0.1041696517639693,0.8685746511428838,4.475003427860631e-06,0.052686427761448,0.8907868708181764,0.0285053044895034,0.025896209866141,0.0016301916305609,0.0004883830754453,2.566930387693431e-10,2.1370986038611737e-06,347.48032872960897,347.4197986028733,0.0975302997502985,-0.0975302997502985,3.135562039526739e-05,74.2075522523445,410.7685464805311,1139.459936630577,728.6913901500459,387.1495370254189,3406.872692324,85.4399433704665,4487388.866972557,263.1556345550273,41,0.05,kl_110,0.0015171140592871,3.959332713053125e-09,2.1596122964917554e-09,7.78074392797201e-10,4.612978908735529e-05,622.1544342658359,0.1020419790982103,0.0500881113887158,230.67380382247532,111.7403598705027,0.012139313919172555,3.199589560985292e-06
0.75,2.5400830598862307,9.729875260332737,81.14386855553865,93.4138268757576,0.0004037875463042,4.797713141068962,80.95213208899962,2.584024443239905,2.3481376760238675,0.1473912491395307,0.0441503471765392,2.3249849633289697e-08,0.000194846973278,0.247882902160991,7.574065878030412,15.30085529628352,1.6855287352087107,24.80833281168363,1175.6614537472806,4503.411512005766,37556.92873797428,0.2123284708826533,2522.83931067336,42568.03504334714,1358.7887090085555,1234.749527902433,77.50451651546842,23.2161090423244,1.2225748580091016e-05,0.1024587317535992,0.027191724660468,0.1041588337160587,0.8686494416234732,4.44337093610434e-06,0.0527951377547613,0.8908158615394257,0.0284351986938771,0.025839446508718,0.0016219271710009,0.0004858405645708,2.558466873852168e-10,2.1441408631236347e-06,347.515631287865,347.45816655600794,0.0928839685727102,-0.0928839685727102,3.136537082136263e-05,74.20981686325113,389.4966827798184,1113.3795795338465,723.8828967540281,389.159967183358,3409.259689691324,85.76786770230099,4487388.867079532,264.4022279434415,41,0.05,kl_110,0.0015133953419607,3.9620187267361015e-09,2.161066036063361e-09,7.79640113639632e-10,4.616506742199753e-05,623.2470791124125,0.102453125862232,0.0500663683743204,230.6808433541154,111.7660151454036,0.012206146679535337,3.2134802844766448e-06
0.76,2.534644853154,9.729875260332737,81.15852643589133,93.42304654937809,0.0004011307421421,4.807895451631878,80.96768920994192,2.5783777994713484,2.343602009229507,0.1467031025290272,0.0439386106533257,2.3180442514612324e-08,0.0001954895866055,0.2424446954287599,7.588723758383098,15.30085529628352,1.6855287352087107,24.817552485304088,1173.0486549180937,4503.043916567464,37560.64687022745,0.2108517896128371,2527.239260781085,42560.14405567685,1355.3076745332792,1231.899293350885,77.11354045020066,23.096047537716096,1.2184650226810446e-05,0.1027578414118175,0.0271308306330422,0.104148554555969,0.8687206148109887,4.413423102357981e-06,0.0528986553028444,0.8908433898517504,0.0283684867582649,0.0257853765957424,0.0016140943434838,0.0004834326043107,2.550417850562205e-10,2.1508654589467244e-06,347.5491209209397,347.4945822253516,0.0884189531789787,-0.0884189531789787,3.1374632432251074e-05,74.21196653754392,369.2393521133673,1088.5660384736684,719.3266863603011,391.0807026255269,3411.52753638524,86.0801009261362,4487388.866989069,265.59278296727894,41,0.05,kl_110,0.0015098685823752,3.9645680985858635e-09,2.1624458223495367e-09,7.81130991533479e-10,4.6198594551923726e-05,624.2865891684999,0.1028453834958462,0.0500457042124625,230.687525605868,111.79037676694092,0.012270013296222394,3.2267361045360753e-06
0.77,2.529469211709948,9.729875260332737,81.17246105418089,93.43180552622356,0.0003986153462198,4.817588893868453,80.98247594284499,2.573004755400902,2.33928161106338,0.1460509060698589,0.043738079230492,2.311443900360359e-08,0.0001961029211175,0.2372690539847082,7.602658376672652,15.30085529628352,1.6855287352087107,24.82631146214959,1170.562625683158,4502.694984219757,37564.18489099263,0.2094543720996937,2531.4255117595662,42552.63579424276,1351.9978610027028,1229.1868982371402,76.74315882606656,22.98238642577956,1.2145594377760995e-05,0.1030432335310451,0.0270728923353621,0.1041387909131419,0.8687883167514959,4.385075394347268e-06,0.0529971831715039,0.8908695212012125,0.0283050312775102,0.0257338969269556,0.0016066722985018,0.0004811525116844,2.5427660698480183e-10,2.157282960395297e-06,347.5808816463826,347.5291343240102,0.0841322277408023,-0.0841322277408023,3.138342673430764e-05,74.21400648539652,349.95707397065235,1064.9675733004567,715.0104993298044,392.9145950243863,3413.6814245609626,86.37725903230262,4487388.867036215,266.72912661879275,41,0.05,kl_110,0.001506524736366,3.966987025498306e-09,2.163755009145867e-09,7.825499520105775e-10,4.623044570385958e-05,625.2751333924392,0.1032194099407444,0.0500260724831022,230.69386677353197,111.81350237487489,0.012331006405787985,3.2393787894338175e-06
0.78,2.524545499497063,9.729875260332737,81.18570339883051,93.44012415866032,0.0003962342441327,4.826812976444119,80.99652558456216,2.5678941218626887,2.335168162025928,0.1454329115552045,0.0435481916717968,2.305169666232769e-08,0.0001966879896584,0.2323453417718235,7.615900721322282,15.30085529628352,1.6855287352087107,24.83463009458633,1168.1981643235133,4502.3638593488895,37567.55015852205,0.2081321608147818,2535.406844592841,42545.49458566857,1348.8519991418314,1226.6067424136018,76.3923527150565,22.87480036478537,1.2108492660140304e-05,0.1033153920947218,0.0270177883669162,0.1041295198175412,0.8688526918155425,4.358246662341428e-06,0.0530909224930296,0.8908943195024297,0.0282446965439612,0.0256849048229835,0.0015996408961759,0.000478993837143,2.5354946354976877e-10,2.1634040650066536e-06,347.61099571716125,347.5619100765083,0.080020283057792,-0.080020283057792,3.1391774846261025e-05,74.21594180424358,331.6106236116992,1042.53315121903,710.9225276073308,394.6645488101294,3415.726453923597,86.65995268724483,4487388.867042437,267.8131111602812,41,0.05,kl_110,0.001503355019534,3.969281591284186e-09,2.1649968890755197e-09,7.838999085191341e-10,4.626069501367338e-05,626.2148568534172,0.103575866237082,0.0500074276044599,230.69988270245716,111.8354485558544,0.012389220656048775,3.251430272420927e-06
0.79,2.5198633440056843,9.729875260332737,81.1982835146136,93.44802211895204,0.000393980653753,4.835586758095,81.00987038555398,2.563034999155933,2.331253503081801,0.144847447271513,0.0433684129986212,2.29920770278397e-08,0.0001972457974538,0.2276631862804448,7.628480837105386,15.30085529628352,1.6855287352087107,24.84252805487806,1165.950205320577,4502.049718098904,37570.74984274568,0.2068812947068856,2539.1918096802005,42538.7051616647,1345.8630365561498,1224.1533649259966,76.06014950496002,22.77297970108386,1.2073259481673825e-05,0.1035747962851042,0.0269654005174994,0.1041207190875304,0.8689138803949702,4.332859611347698e-06,0.0531800695331883,0.8909178462709528,0.0281873506339083,0.0256382998786728,0.0015929808941404,0.0004769504372866,2.5285871523368835e-10,2.1692393805497435e-06,347.63954200774594,347.5929928996317,0.0760793173781669,-0.0760793173781669,3.139969712892085e-05,74.21777739278534,314.1617202043243,1021.2132067479288,707.0514865436044,396.3334620572792,3417.667544788772,86.92877742590478,4487388.867001678,268.8465799521856,41,0.05,kl_110,0.0015003510216717,3.971457642649288e-09,2.166174626441356e-09,7.85183702715044e-10,4.628941410699185e-05,627.1078432836152,0.1039154057237712,0.0499897255454713,230.70558862022867,111.85626977129256,0.012444750670655213,3.2629122667553437e-06
0.8,2.5154126531333665,9.729875260332737,81.21023035470597,93.45551826817209,0.0003918480921228,4.843928811049125,81.02254140415647,2.5584167945171465,2.327529654766463,0.1442929152026682,0.0431982350721127,2.2935444875954688e-08,0.0001977773392346,0.223212495408127,7.64042767719774,15.30085529628352,1.6855287352087107,24.85002420409809,1163.8138284088398,4501.75177522569,37573.790915515056,0.2056980906960682,2542.7887182057043,42532.252689779314,1343.0241474083932,1221.8214549167865,75.74562121091341,22.67663070051924,1.2039811638968976e-05,0.1038219194666077,0.0269156139706523,0.1041123674731833,0.8689720185561642,4.308840429223959e-06,0.0532648154141993,0.8909401604824597,0.0281328656196804,0.0255939841951061,0.0015866739156685,0.0004750164808547,2.5220276461818566e-10,2.174799399078253e-06,347.66659531348125,347.62246245611243,0.0723053016540076,-0.0723053016540076,3.140721304831917e-05,74.21951792088859,297.57314288371504,1000.959700377586,703.386557493871,397.9242226800564,3419.509413595717,87.18431268371715,4487388.867070754,269.8313675873338,41,0.05,kl_110,0.001497504723418,3.973520734235868e-09,2.167291227467927e-09,7.864040860348758e-10,4.631667159584151e-05,627.956107084629,0.1042386746160346,0.049972923954083,230.71099904310407,111.87601799006327,0.012497690838799331,3.2738462615402184e-06
0.81,2.511183455167412,9.729875260332737,81.22157249225462,93.46263120775475,0.0003898303387865,4.851857520067656,81.03456924980749,2.5540290513870163,2.3239886888780625,0.143767770125405,0.0430371658251594,2.2881668335878143e-08,0.0001982836148987,0.2189832974421719,7.651769814746399,15.30085529628352,1.6855287352087107,24.8571371436808,1161.784177020437,4501.469256886124,37576.68025410315,0.2045790198208563,2546.205764424559,42526.12251866864,1340.3286197610207,1219.6057636903324,75.44787197845551,22.58546943212557,1.2008068162655246e-05,0.1040572360499093,0.0268683154188692,0.1041044440392924,0.8690272405418382,4.286118336324086e-06,0.0533453490221561,0.8909613197855789,0.0280811154481442,0.0255518607500276,0.0015807022040024,0.00047318632552,2.5158005537838184e-10,2.1800946541403423e-06,347.69222924502566,347.6503969734707,0.0686938449350838,-0.0686938449350838,3.141434177396708e-05,74.2211679731241,281.8080159384588,981.7253581808671,699.9173422424084,399.4397377411616,3421.2567000042563,87.42713098397064,4487388.867013727,270.7693131594943,41,0.05,kl_110,0.0014948083201394,3.975476346173569e-09,2.168349658084605e-09,7.87563796102544e-10,4.634253524923357e-05,628.7616380847234,0.1045463161624192,0.0499569812370509,230.71612822219865,111.8947443887239,0.012548136439504627,3.2842537071354553e-06
0.8200000000000001,2.5071662174632667,9.729875260332737,81.23233693406658,93.46937841186258,0.000387921497969,4.859390478323268,81.04598284828057,2.549861783407187,2.3206229986022806,0.1432705526829078,0.042884744680111,2.2830619965922957e-08,0.0001987655923966,0.2149660597380265,7.662534256558359,15.30085529628352,1.6855287352087107,24.863884347788616,1159.8566158393287,4501.201441445188,37579.42443417077,0.2035207440242735,2549.450780198206,42520.300668608645,1337.7700643946034,1217.5012773153203,75.16605713128467,22.49923036047828,1.1977951173953576e-05,0.1042812049932598,0.0268233967109068,0.1040969291296568,0.8690796741594363,4.264626313174642e-06,0.0534218510918973,0.8909813785557825,0.0280319799583384,0.0255118366850279,0.0015750490036604,0.000471454692648,2.509890871284901e-10,2.185135342915089e-06,347.71651201041254,347.67686942943385,0.065240543124587,-0.065240543124587,3.1421101257486346e-05,74.22273183298589,266.83116069728464,963.4651169581113,696.6339562608265,400.8828422652023,3422.9137653788275,87.65777964097066,4487388.867043632,271.6622111711726,41,0.05,kl_110,0.0014922544870908,3.9773295627566584e-09,2.169352669960208e-09,7.886654253261563e-10,4.636706859191055e-05,629.5263231914892,0.1048389554674038,0.0499418580904456,230.720989472732,111.91249675495008,0.012596180379203849,3.2941554354703963e-06
0.8300000000000001,2.503351535217001,9.729875260332737,81.24255025118347,93.4757770467332,0.0003861158971665,4.866545070618218,81.05681062788572,2.5459051466687894,2.3174250430457266,0.142799850384444,0.0427405258896673,2.2782175161257737e-08,0.0001992242414587,0.2111513774917609,7.672747573675242,15.30085529628352,1.6855287352087107,24.87028298265923,1158.026576483864,4500.9476211504,37582.02993413825,0.2025200563573193,2552.5314787590764,42514.773354232624,1335.3422057141854,1215.5030491246182,74.89936042492577,22.41765691450469,1.19493847092484e-05,0.1044942850166131,0.0267807512738348,0.1040898034521636,0.8691294452740014,4.244299920595665e-06,0.0534944999891786,0.8910003898731915,0.0279853409070806,0.0254738201621923,0.0015696981090272,0.0004698164773087,2.5042839452477307e-10,2.189931671835045e-06,347.7395103909324,347.7019514507346,0.0619407094719124,-0.0619407094719124,3.142750910766335e-05,74.22421369085552,252.6078058109265,946.1346781545676,693.5268723436411,402.2563814012657,3424.4848871659733,87.87679862908658,4487388.867049075,272.51185693212256,41,0.05,kl_110,0.001489836103724,3.979085372525703e-09,2.170302962962232e-09,7.897115420536748e-10,4.639033410297753e-05,630.252021371514,0.1051172141438957,0.0499275159862486,230.72559582048416,111.92932195954111,0.01264191609010398,3.303572204879481e-06
0.84,2.499730343351242,9.729875260332737,81.25223779453796,93.48184339822194,0.0003844081261223,4.873338071069044,81.06707970383826,2.542149661493545,2.3143875277701444,0.1423543189588312,0.0426040884961407,2.2736212883499943e-08,0.000199660508501,0.2075301856260026,7.682435117029736,15.30085529628352,1.6855287352087107,24.876349334147967,1156.2896620767226,4500.707128968096,37584.50299741893,0.2015739039226068,2555.455291825448,42509.52730980231,1333.039019731064,1213.6063143835274,74.64700630090945,22.34050702273146,1.192229528957436e-05,0.1046969234592252,0.0267402765337294,0.1040830487144394,0.8691766747518311,4.225077754968063e-06,0.0535634677763276,0.8910184042464737,0.0279410846303428,0.0254377225544003,0.0015646341101674,0.0004682668610352,2.4989655722241427e-10,2.194493601170742e-06,347.76128698025707,347.72571075743264,0.0587896148144272,-0.0587896148144272,3.143358198287512e-05,74.22561750250516,239.1044845968644,929.6914640050288,690.5869794081644,403.5631482247032,3425.974126458907,88.08470841737585,4487388.8670253055,273.32001299392743,41,0.05,kl_110,0.0014875464260803,3.9807484575234395e-09,2.171203071059113e-09,7.907046033893807e-10,4.6412390977276266e-05,630.9405118486188,0.1053817000013519,0.0499139181780921,230.7299595619531,111.94526424151798,0.012685435304988389,3.3125243064872463e-06
0.85,2.496293911218892,9.729875260332737,81.26142267958798,93.4875918511396,0.0003827928216104,4.879785640877439,81.07681486443958,2.538586218191,2.311503401264294,0.1419326699694108,0.0424750471635782,2.269260762425973e-08,0.0002000753227466,0.2040937534936522,7.691620002079759,15.30085529628352,1.6855287352087107,24.88209778706564,1154.6416593684437,4500.479396896401,37586.84965088331,0.2006792767564703,2558.229407275831,42504.54985091772,1330.8547535120028,1211.8065036703406,74.40825415102319,22.267559013054395,1.189660784806818e-05,0.1048895611383308,0.0267018741395515,0.1040766487581114,0.869221477102337,4.206899120093808e-06,0.0536289208154114,0.8910354684245881,0.0278991023986824,0.025403458675014,0.001559842271584,0.0004668014352689,2.4939211410888966e-10,2.198830938559492e-06,347.7818937426572,347.7482090218167,0.0557826296449198,-0.0557826296449198,3.143933444284184e-05,74.22694671980183,226.2894470106344,914.0946157859108,687.8051687752763,404.8059608229824,3427.385128609698,88.2820102736689,4487388.867065789,274.0884761996694,41,0.05,kl_110,0.0014853792802555,3.982322704075795e-09,2.172055097418011e-09,7.916468351968052e-10,4.643329104248209e-05,631.5934460978326,0.1056330311761437,0.0499010306370208,230.73409142725015,111.96036187785816,0.012726829986769673,3.32103219535792e-06
0.86,2.4930336575405496,9.729875260332737,81.27012940372094,93.49303832159424,0.0003812651729564,4.885903701569166,81.08604223045789,2.5352058474110866,2.3087657113524824,0.1415336729170612,0.0423530080980434,2.2651250878896327e-08,0.0002004695967066,0.2008334998153093,7.700326726212713,15.30085529628352,1.6855287352087107,24.88754425752025,1153.0784038230702,4500.263765251459,37589.07578639968,0.1998334605617659,2560.860823151236,42499.8283911484,1328.7837275986224,1210.0990975607278,74.18239496075182,22.19858716127648,1.1872256293652714e-05,0.1050726268456897,0.0266654469925888,0.1040705857356377,0.8692639672717735,4.189709406869464e-06,0.053691021765216,0.8910516301933116,0.027859286765913,0.0253709441754243,0.0015553084909676,0.0004654156975881,2.489137891845073e-10,2.202953258489981e-06,347.80139294453784,347.7695108417816,0.05291473686053,-0.05291473686053,3.1444782789842704e-05,74.22820519654888,214.1306741114868,899.304020620987,685.1733465095002,405.98748379466656,3428.721819575966,88.46919688988861,4487388.867059872,274.8189104049998,41,0.05,kl_110,0.00148332830522,3.98381278724251e-09,2.1728615723261366e-09,7.925406460645408e-10,4.645309241822035e-05,632.2125323459297,0.1058717758443415,0.0498888183549658,230.7380033959037,111.97465829640188,0.012766188243318075,3.329114995000234e-06
0.87,2.4899414279416687,9.729875260332737,81.2783704095859,93.49818709786032,0.0003798186007489,4.891707296902224,81.09477574024186,2.5320001565456787,2.3061678068848326,0.1411560769153775,0.0422377255407124,2.261195775136496e-08,0.0002008442760021,0.1977412702164289,7.7085677320776815,15.30085529628352,1.6855287352087107,24.89269303378634,1151.596098064606,4500.0602258010285,37591.18715419101,0.1990328585042675,2563.3565190034487,42495.35171135705,1326.8208241955344,1208.479968831684,73.9687246183196,22.13344800520425,1.184913687417436e-05,0.1052465842591871,0.0266309059590167,0.1040648547564769,0.8693042392845064,4.173435195951629e-06,0.0537499305219075,0.8910669214586903,0.0278215404633826,0.0253401014959373,0.0015510186661722,0.0004641068394779,2.4845950183279523e-10,2.206870776523377e-06,347.81977516388093,347.78965136914496,0.0501822165409487,-0.0501822165409487,3.144993026949137e-05,74.22939370313927,202.60215198573,885.282026617704,682.679874631974,407.1111072107876,3429.985781053013,88.64673644732669,4487388.867062275,275.5136237806381,41,0.05,kl_110,0.0014813896742385,3.985217957395732e-09,2.173622088793858e-09,7.933870675804817e-10,4.647180694014914e-05,632.7988759542045,0.106098730124846,0.0498772584513514,230.74169786267623,111.98815909541774,0.012803615933714697,3.3367976641079903e-06
0.88,2.4870092175781093,9.729875260332737,81.2861602046631,93.50304468257394,0.0003784472051264,4.897211233106843,81.10303135532499,2.528960883333176,2.303703143892716,0.1407986912288086,0.0421289352514591,2.2574565677931444e-08,0.000201200283299,0.1948090598528696,7.716357527154882,15.30085529628352,1.6855287352087107,24.89755061849998,1150.190982443443,4499.868639663689,37593.189363368416,0.1982742326625291,2565.723266753095,42491.10864277543,1324.9609768129085,1206.9450294526105,73.76657056815537,22.071988369108848,1.1827157465692865e-05,0.105411881081988,0.0265981629370579,0.10405944847426,0.8693423885886822,4.158010504473458e-06,0.0538058029602324,0.8910813760863074,0.027785767144954,0.0253108537775942,0.001546959335979,0.0004628718430073,2.480274129423294e-10,2.2105933935511628e-06,347.8370456026922,347.80867039517415,0.0475809152648488,-0.0475809152648488,3.1454782646639534e-05,74.23051359568173,191.6772769643384,871.9916625891996,680.3143856248612,408.1800101382616,3431.179011459265,88.81508854202565,4487388.867183638,276.17474504395386,41,0.05,kl_110,0.0014795592126625,3.98653857597606e-09,2.1743368414750336e-09,7.941873880699974e-10,4.6489455426341565e-05,633.3536701309598,0.106314623832293,0.0498663263699482,230.7451790430252,112.00087728103614,0.01283921349960214,3.3441033848040196e-06
0.89,2.484229250203758,9.729875260332737,81.29348989262401,93.50759440316052,0.0003771409844482,4.902429701310173,81.1108015090785,2.526080272133728,2.3013652868888346,0.1404601755536051,0.0420266467768685,2.2538743754742323e-08,0.0002015386762945,0.1920290924785186,7.723687215115785,15.30085529628352,1.6855287352087107,24.90210033908653,1148.859740968842,4499.690183717208,37595.08818794919,0.1975522693917667,2567.9683539150897,42487.08989755354,1323.19984038833,1205.4906623036018,73.5752081688432,22.01420632616593,1.1806141898110554e-05,0.1055690696953801,0.0265671389159359,0.1040543853409608,0.8693784757431031,4.143325410971694e-06,0.0538588018659884,0.8910949985680545,0.0277518832831142,0.0252831319487731,0.0015431158070827,0.0004617108209103,2.4761389926112235e-10,2.214133051613224e-06,347.8530640472852,347.8265520552204,0.0451091094933472,-0.0451091094933472,3.1459319567456405e-05,74.23156006925068,181.33945112414403,859.3978886886365,678.0584375644925,409.19908504511767,3432.298903232703,88.97469964513172,4487388.867323294,276.8058783198643,41,0.05,kl_110,0.001477837499067,3.987763983876203e-09,2.1750000576791073e-09,7.949401807269456e-10,4.650596606286493e-05,633.8769735414462,0.1065207078836882,0.0498560201188249,230.7484320008633,112.01274993851328,0.012873124783145127,3.35106898986462e-06
0.9,2.4815931938619027,9.729875260332737,81.30019085559425,93.51165930978888,0.0003758593405551,4.907376509983203,81.11791852139919,2.5233518658508105,2.2991468844987204,0.1401377578597452,0.0419326921628837,2.250293724742624e-08,0.0002018616695154,0.1893930361366629,7.730388178086022,15.30085529628352,1.6855287352087107,24.906165245714917,1147.601137700988,4499.53519620586,37596.89209011405,0.1968460733511297,2570.104537029584,42483.2963197596,1321.5366837559873,1204.115442767977,73.39332666890019,21.96110328165164,1.1785299334266924e-05,0.1057195411068549,0.0265377944544945,0.104049862147128,0.8694123433983775,4.128941180547921e-06,0.0539091803082369,0.8911075983069319,0.0277198683330175,0.0252569012586293,0.0015394603697279,0.0004606447167891,2.4720232879392323e-10,2.217518284380941e-06,347.86667522450136,347.842903615489,0.0427817777419058,-0.0427817777419058,3.1463339686476355e-05,74.23248564883355,171.63497192282568,847.4688026014549,675.8338306786292,410.18595635972906,3433.311212020428,89.12604813377058,4487388.867077947,277.4214693578958,41,0.05,kl_110,0.0014762569817642,3.988806553316754e-09,2.1755642877860004e-09,7.956253322738911e-10,4.652062477154134e-05,634.3612304276305,0.1067220654497326,0.0498464883692348,230.7513091603524,112.0231870566224,0.012905820079568323,3.357832597287299e-06
0.91,2.479094303728297,9.729875260332737,81.30635185488818,93.5153214189492,0.000374612303134,4.9120648572698045,81.12447257073593,2.520767803773691,2.2970425992892407,0.1398311268685394,0.0418459652673846,2.246759685319841e-08,0.0002021695487381,0.1868941460030581,7.736549177379948,15.30085529628352,1.6855287352087107,24.90982735487524,1146.4108851224098,4499.399192904275,37598.604722643126,0.1961605755232632,2572.135141714653,42479.71328054375,1319.9653588843166,1202.814735416858,73.22064463213076,21.912063649549417,1.1764847797247844e-05,0.105863301076839,0.0265100335015899,0.1040457874998133,0.8694441789985966,4.114963608321357e-06,0.0539570322711715,0.8911192974178067,0.0276896078713311,0.0252320776006597,0.0015359879896116,0.0004596608888437,2.4679740265838097e-10,2.220750169731724e-06,347.8783670693451,347.857939024137,0.0405864003658539,-0.0405864003658539,3.146693424366734e-05,74.23331181520146,162.5093664606684,836.1704354411098,673.6610689804414,411.1374343446767,3434.2327309319603,89.26952126027035,4487388.867925063,278.0182798669355,41,0.05,kl_110,0.0014747987749473,3.989703212045747e-09,2.176049526366187e-09,7.962528485826012e-10,4.653375532654195e-05,634.8110884835374,0.1069175181253582,0.0498376377238443,230.75387729436156,112.03245096760996,0.01293723461163404,3.364366512346757e-06
0.92,2.476717930917879,9.729875260332737,81.31055753575977,93.5171507270104,0.0003731195452891,4.916509178833592,81.12904661235893,2.5183296973031317,2.2950363841960115,0.1395259926271516,0.0417824345494228,2.242157598015748e-08,0.0002024738026976,0.1845177731926393,7.740754858251535,15.30085529628352,1.6855287352087107,24.911656662936405,1145.3030661165856,4499.364190600873,37600.2570542388,0.1953527429269443,2574.117506941099,42476.41804583357,1318.512043054009,1201.6032352912866,73.05107897308818,21.87586605539629,1.173917695754736e-05,0.1060084180183541,0.0264841038425963,0.1040437522389406,0.869472143918463,4.098377002888946e-06,0.0540033573888771,0.8911283879399803,0.0276615488184135,0.0252088759662638,0.0015325654383644,0.0004589418352484,2.4628050855496867e-10,2.223989568866897e-06,347.87904088542723,347.8683301898475,0.0386670246852238,-0.0386670246852238,3.146848668522041e-05,74.2336574528168,154.4909275312997,825.4850261300526,670.9940985987529,412.1715469187144,3434.7820693241206,89.40596008655362,4487388.868087473,278.6961885070455,41,0.05,kl_110,0.0014737430933942,3.989763888931838e-09,2.176082112740221e-09,7.966565053609047e-10,4.653962045810456e-05,635.1596142154056,0.1071423230003136,0.0498307886794968,230.7549517071545,112.03582929144062,0.01297041483623826,3.3716067647589525e-06
0.93,2.474451183687902,9.729875260332737,81.31168305612788,93.51600950014851,0.0003711619730595,4.920723384249524,81.13051465478985,2.516037449587765,2.2931144264954466,0.1392109287529079,0.0417546664664873,2.235608897319364e-08,0.0002027837625249,0.1822510259626624,7.741880378619639,15.30085529628352,1.6855287352087107,24.91051543607453,1144.2882339484531,4499.495424109032,37601.87423257261,0.1943108191764015,2576.098472190392,42473.46955514746,1317.1966240986694,1200.4919011625375,72.87974406780563,21.85941458026958,1.1703865905638604e-05,0.1061614116529333,0.0264601879070125,0.1040450219415883,0.8694947901513991,4.0768245487099375e-06,0.0540489795464535,0.8911335152887807,0.0276360295086207,0.0251874541722959,0.0015290858788958,0.0004586311681408,2.4555816315920056e-10,2.2273667055022243e-06,347.8614709201151,347.8714737001038,0.0371337494941097,-0.0371337494941097,3.146671118363502e-05,74.23321979206737,147.9842158527499,815.3905567430146,667.4063408902647,413.3825972343252,3434.73587172916,89.53610478867398,4487388.752604971,279.53505916716193,41,0.05,kl_110,0.0014733112235835,3.988440689817919e-09,2.175365373351167e-09,7.967042824095671e-10,4.6533664987384544e-05,635.3537063414022,0.1074246025865394,0.0498269845542618,230.753591240911,112.02957560513234,0.01300779079551343,3.3802989436074066e-06
0.94,2.472263634476445,9.729875260332737,81.30535445696172,93.5074933517709,0.0003679061195078,4.9247250687971285,81.12449472481003,2.5139110399461098,2.2912391515894965,0.1388443760873684,0.0418122006800703,2.2237564554894768e-08,0.0002031331466684,0.180063476751205,7.73555177945348,15.30085529628352,1.6855287352087107,24.901999287696917,1143.4163013214152,4500.045151877348,37603.54129485602,0.1926099712965821,2578.242393503507,42471.12448495408,1316.1083971472665,1199.5329346833837,72.68922661208246,21.889950576543445,1.1642037040192482e-05,0.1063463407500199,0.0264392033820851,0.1040544977901331,0.8695062988277817,4.041343486641232e-06,0.0540966962085445,0.8911293696384235,0.0276145936927374,0.0251686066923803,0.0015251657561663,0.0004592950644761,2.44273285785245e-10,2.2313595117899714e-06,347.79767872255786,347.85700219991,0.0364275860406395,-0.0364275860406395,3.145663045373032e-05,74.23082542212369,144.62000453576286,805.8933801674093,661.2733756316464,415.126297015055,3433.225035963549,89.66170235717821,4487388.571319471,280.83812565247274,41,0.05,kl_110,0.0014743724050067,3.983614823119572e-09,2.1727520280267848e-09,7.958830814433085e-10,4.6498225575638105e-05,635.1851378229187,0.1078712053802399,0.0498303322066652,230.74614835395533,111.99918323623102,0.013058474516828076,3.393264644244652e-06
0.95,2.470003254177457,9.729875260332737,81.26530807464232,93.46518658915252,0.0003584585158703,4.92856337997683,81.08466677483464,2.512104642461954,2.2892072378939505,0.1381814092725238,0.0422561484951128,2.18673810437124e-08,0.0002037201726354,0.1778030964522173,7.695505397134086,15.30085529628352,1.6855287352087107,24.859692525078533,1143.00069435461,4502.526124099209,37605.74136862415,0.1877553146020162,2581.5092318193424,42470.95952719894,1315.803577196211,1199.053184986874,72.37739604852237,22.13315098765672,1.145381355333615e-05,0.1067056393152722,0.0264269868206107,0.1041015977756789,0.8694714154037103,3.93929756123475e-06,0.0541626906421626,0.891083949572514,0.0276068980188395,0.0251573559844192,0.0015185514207511,0.0004643760305423,2.403126638153234e-10,2.2387928971046696e-06,347.51979377054124,347.76229897697226,0.0391991552782909,-0.0391991552782909,3.140838586455999e-05,74.21943639611142,154.10535678007784,797.1720691217881,643.0667123417103,419.50701188797575,3425.025351238737,89.79148150361328,4487389.07869429,284.4110954464034,41,0.05,kl_110,0.0014821918141473,3.962612048768526e-09,2.161379313776514e-09,7.911206715419986e-10,4.6327440501522525e-05,633.4018549652985,0.1091178255934346,0.0498656600832026,230.71074562374332,111.8576397893526,0.013176038102266098,3.4272147709403535e-06
0.96,2.467393570374684,9.729875260332737,81.14351013186123,93.34077896256863,0.0003347718724032,4.932328491513593,80.96286146876315,2.510931707597828,2.2866150612213136,0.1367757121933334,0.0436680250876345,2.090468394271422e-08,0.000204904912596,0.175193412649444,7.573707454353001,15.30085529628352,1.6855287352087107,24.735284898494672,1143.6145354739876,4509.708912946365,37609.28080560966,0.1756323691813596,2587.662255871523,42475.78828347303,1317.3176154023852,1199.6337019747011,71.75705117199614,22.909686672763893,1.096728689148704e-05,0.107499877447284,0.0264342509008217,0.1042403477716271,0.8693254013275511,3.683923930909981e-06,0.0542767312993085,0.8909381207525126,0.0276309994029572,0.0251625558752627,0.001505118442894,0.0004805352417486,2.300410273176028e-10,2.2548313442666385e-06,346.7197356146736,347.4696749804018,0.050090776258726,-0.050090776258726,3.126724228824298e-05,74.18619032732998,192.28878344277257,789.5295714138717,597.2407879710992,430.20087057996,3400.516606106831,89.94131581978614,4487388.818520691,293.509364481983,41,0.05,kl_110,0.0015067823060018,3.9025626471399286e-09,2.128864534649363e-09,7.768850730074346e-10,4.582884391704772e-05,627.7211402439203,0.1123029493033882,0.0499794927109307,230.60740038575625,111.44544259149158,0.01345119485303667,3.5114035255533073e-06
0.97,2.4635869535096844,9.729875260332737,80.797333284968,92.99079549881044,0.0002777210879732,4.936343083453893,80.6158295392738,2.511518929074997,2.282013247803845,0.133294012120708,0.0480019724972385,1.8461633313682753e-08,0.0002077426176006,0.1713867957844449,7.227530607459775,15.30085529628352,1.6855287352087107,24.385301434736448,1146.9516786604556,4529.857063537822,37616.14215015288,0.1463901036027179,2602.005417301801,42493.56692499192,1323.8516344242262,1202.876447758059,70.26086634750287,25.30241321711273,9.73134749394908e-06,0.1095036157866074,0.0264928043716025,0.1046326704502404,0.868874525178157,3.067809561794548e-06,0.0545286662321309,0.8905121843552438,0.0277431643433072,0.0252079599458738,0.0014724148169592,0.0005302474914191,2.0393401026685331e-10,2.294801569871925e-06,344.4723758276769,346.6018476841807,0.081701217108331,-0.081701217108331,3.086970684849961e-05,74.09287266203607,296.19248985037655,783.7641685270561,487.57167867667954,456.7574032535001,3330.63278648863,90.15987173613624,4487383.582066455,317.30516692366336,41,0.05,kl_110,0.0015806716084395,3.7373058181763325e-09,2.039388382820519e-09,7.372776371022051e-10,4.4436613736925416e-05,611.4036610288256,0.1205995105787077,0.0503180542749831,230.3173228914336,110.28578058303016,0.014099967139317472,3.7228715376372343e-06
0.98,2.45672893660759,9.729875260332737,79.95771561036432,92.14431980730464,0.0001752432712062,4.941683300469247,79.7716616413512,2.5174780742172103,2.2707138856462783,0.1251295610301002,0.0607102466600135,1.3551236630480531e-08,0.0002141477720419,0.1645287788823503,6.38791293285609,15.30085529628352,1.6855287352087107,23.53882574323067,1156.1301280372345,4578.853516517028,37627.88910437327,0.0934455370730462,2635.0697911461057,42536.90149684275,1342.4029869766296,1210.820119499428,66.72324109043579,32.3727214513402,7.225969797429355e-06,0.1141907100553158,0.026661751280439,0.105593869276806,0.867744379442755,1.9539261462213117e-06,0.0550987443949682,0.8894374907273676,0.0280693586572129,0.0253179891085794,0.0013951686662715,0.0006769066650948,1.5109347927409215e-10,2.38770326568133e-06,338.9443030176207,344.2119394323244,0.1477794121140655,-0.1477794121140655,2.990033467113088e-05,73.86687517144854,485.3306633147809,780.317221252523,294.9865579377422,504.79871064754064,3156.775242322717,90.55362299126347,4487491.184543485,367.1515067243829,41,0.05,kl_110,0.001786633669624,3.3519841905759358e-09,1.8307737787169442e-09,6.454058329161409e-10,4.111014149057404e-05,571.8578511913495,0.137863857764787,0.0512169733719074,229.6148108259381,107.45396767002596,0.015093650389916828,4.122175486220317e-06
0.99,2.445557497487901,9.729875260332737,78.52115909037019,90.69659184819082,7.64626572642175e-05,4.949762630729618,78.31782950577367,2.53773687032191,2.242375759281208,0.111073733690388,0.0920315418590517,7.707694409674281e-09,0.0002243013399044,0.1533573397626613,4.951356412861959,15.30085529628352,1.6855287352087107,22.09109778411685,1172.14876739852,4663.501596284506,37634.96868792628,0.0415893020681329,2692.257640270452,42598.36088851746,1380.3169945369857,1219.6652083480217,60.414838138861,50.0574755196653,4.192342282130129e-06,0.1220012031145902,0.0269641609199749,0.1072793923350364,0.8657564467449886,8.664214711804114e-07,0.0560872558442658,0.8874429883540549,0.0287558632059474,0.0254090372190728,0.0012586100352356,0.0010428372063631,8.733821408746937e-11,2.541626250788121e-06,329.2031763714924,339.06987895830645,0.2114331997916969,-0.2114331997916969,2.821298492971547e-05,73.4820180031392,658.6478361796142,777.0165401118799,118.36870393226567,521.4436023179468,2846.133453702834,91.19502826012642,4487626.810030982,413.2382464843315,41,0.05,kl_110,0.0022517224481838,2.743174475042315e-09,1.501119859328072e-09,5.030176353643944e-10,3.560048136650533e-05,505.58059828687954,0.1548423669729174,0.0530304660877568,228.41848424936032,102.51350683105773,0.01471148049389278,4.368565365888391e-06
1.0,2.432468815083184,9.729875260332737,76.95348624320872,89.11583031862463,2.877592143567211e-05,4.960057400704369,76.71031420320593,2.5803157425921426,2.189502117036223,0.0952963287030372,0.1476415934224879,3.9346847363778695e-09,0.000234113942591,0.140268657357944,3.383683565700491,15.30085529628352,1.6855287352087107,20.510336254550666,1189.2531897169913,4757.012758867965,37623.16639255617,0.0159941572266918,2756.886103460737,42636.925772047136,1434.1843326819271,1216.9633277021828,52.96735563482014,82.06176346698233,2.186966156818829e-06,0.1301245979258167,0.0272955860522887,0.1091823442091551,0.8635220697385562,3.3196580501639337e-07,0.0572203900275865,0.884948246208365,0.02976712994581,0.0252586119437342,0.0010993608855838,0.0017032281841596,4.539144954636227e-11,2.7007935642141223e-06,318.14999999999986,331.2724469589206,0.2187517757694844,-0.2187517757694844,2.6318488097207032e-05,73.06817248396845,729.1955827919159,769.0138022059797,39.8182194140638,460.1455786416333,2489.547829854583,91.94651155309481,4487353.874846915,405.1735570685436,41,0.05,kl_110,0.0030081974362783,2.1535811460999996e-09,1.1816473514217904e-09,3.6956979853819436e-10,2.9889255414596446e-05,436.1790581500236,0.1559977648240466,0.0555047747956188,227.1320475295858,96.94658390019111,0.012110335934462268,4.105625316712572e-06
