case_id,outer_iteration,column_capture_pct,column_boundary_residual_norm,conductance_change_relative,bulk_fugacity_change_relative,position,temperature_K,loading_mol_CO2_per_mol_MEA,film_flux_mol_m2_s,film_conductance_mol_m2_s_Pa,reactive_bulk_fugacity_Pa,quadrature_relative_change,maximum_interface_residual,maximum_stationary_component_flux_residual,maximum_tangent_directional_error,current_column_flux_mol_m2_s,fresh_worker_retry
K18,1,99.88014883078142,3.2043730142875495e-14,0.0,0.0,0.0,327.8288290296674,0.3837131414000809,0.0078595782584177,7.562257979246714e-07,801.1578684352843,0.0004163816530359,6.180008103530076e-15,9.656338229024895e-15,9.179317987928892e-05,0.0105003961480751,False
K18,1,99.88014883078142,3.2043730142875495e-14,0.0,0.0,0.25,346.3269621029738,0.26014541420032,0.0074151875702847,1.7197834324505898e-06,394.0449688752319,4.434552394792387e-05,1.4146470011451034e-12,2.9697927619284964e-14,0.0004984961924995,0.0098791378750912,False
K18,1,99.88014883078142,3.2043730142875495e-14,0.0,0.0,0.5,350.9942706818736,0.1731876446614706,0.0060620314737281,5.320681803659503e-06,131.31504585307098,5.393653442079472e-05,7.154051754328644e-16,5.579924534782739e-14,0.0004543619033014,0.0041333838843373,False
K18,1,99.88014883078142,3.2043730142875495e-14,0.0,0.0,0.75,352.06582701973286,0.1465784970426997,0.0023259159463666,1.1364587403891016e-05,87.8301450924833,0.0001731902142254,3.729119013708658e-16,5.2965969902447403e-14,0.0002565761329549,0.0009084845821,False
K18,1,99.88014883078142,3.2043730142875495e-14,0.0,0.0,1.0,315.3899999999999,0.141,0.002973428912571,2.6251153058310407e-05,4.1674612744502495,2.8399062311842003e-05,1.021110594234127e-12,1.314828888127062e-12,0.0002979024791109,0.0003259569816961,False
K18,2,99.88236208369408,7.415567656713427e-14,0.1889918854113992,0.2111352144907458,0.0,327.38264431274564,0.3859470073832681,0.0078375608638884,7.545318361795722e-07,807.0049025396683,0.0004392141651514,5.931767543954111e-13,8.838909930310081e-15,8.756929850900192e-05,0.0078595782584177,False
K18,2,99.88236208369408,7.415567656713427e-14,0.1889918854113992,0.2111352144907458,0.25,345.2072844412328,0.2798374398238398,0.007137496948283,1.4464215051018055e-06,499.5088843024662,0.0007239328344907,2.5599790101288912e-12,2.5090385811818547e-14,0.0005074542860484,0.0086678010481303,False
K18,2,99.88236208369408,7.415567656713427e-14,0.1889918854113992,0.2111352144907458,0.5,351.3122595843081,0.1734586981051102,0.0057646182560198,5.450193888868866e-06,135.12946701676566,7.220012510695907e-05,2.106481954664888e-15,6.610857694600014e-14,0.0003975710144309,0.005647929876167,False
K18,2,99.88236208369408,7.415567656713427e-14,0.1889918854113992,0.2111352144907458,0.75,352.3770377989392,0.1441718520783823,0.000536734890827,1.396476344561124e-05,85.91331888637991,2.335034236360049e-05,2.658112344020171e-12,9.813330703600798e-15,1.7005022010911174e-05,0.0004150133332112,False
K18,2,99.88236208369408,7.415567656713427e-14,0.1889918854113992,0.2111352144907458,1.0,315.39000000000004,0.141,0.0002528188400892,2.6796032828681904e-05,4.167461274435572,2.087657045833822e-06,5.1247035057311805e-14,1.3155398045737584e-13,2.0246308216526373e-05,0.0002476779346266,False
K18,3,99.88353829691157,7.415567656713427e-14,0.1382204808195866,0.1459672446849703,0.0,327.3450229554168,0.385952435185327,0.0078467155505048,7.552518906790179e-07,804.7867647552862,0.0004386598110495,3.9019981231536544e-13,9.213983742650812e-15,8.758249850954136e-05,0.00784856708499,False
K18,3,99.88353829691157,7.415567656713427e-14,0.1382204808195866,0.1459672446849703,0.25,344.8362374432531,0.2843594660298191,0.0071033927172646,1.3908574792436256e-06,523.1379286196641,0.0009654508314022,1.3065264678270134e-14,1.1472586085076088e-14,0.0016837919971397,0.0082061143649285,False
K18,3,99.88353829691157,7.415567656713427e-14,0.1382204808195866,0.1459672446849703,0.5,351.2679098045118,0.1751121177876926,0.0058700551238824,5.265229742971638e-06,138.63977399491895,0.0009134959567772,3.2765870394708844e-12,6.525553302943565e-14,0.0014794224454049,0.0060332474287981,False
K18,3,99.88353829691157,7.415567656713427e-14,0.1382204808195866,0.1459672446849703,0.75,352.3949225632483,0.1439796456791379,0.0004444340298853,1.4109982560488226e-05,85.71579281773897,5.2260309792075874e-05,4.879024105176002e-16,1.1868869602416066e-14,1.6965472262084678e-05,0.0003842703767354,False
K18,3,99.88353829691157,7.415567656713427e-14,0.1382204808195866,0.1459672446849703,1.0,315.38999999999976,0.141,0.000246056030945,2.680327149307789e-05,4.1674612744737525,1.9770737548363595e-06,4.8689861248073365e-14,1.0029515195783545e-13,2.024630830261379e-05,0.0002434885610059,False
K18,4,99.8841328717906,2.649460983441012e-14,0.0985849103409524,0.1023297200286057,0.0,327.31922741806267,0.3859553197415789,0.0078530454065815,7.55749848342954e-07,803.25675086786,0.0004382013634158,2.785526111148491e-13,1.5350568038918766e-14,8.75932620850212e-05,0.0078476412953646,False
K18,4,99.8841328717906,2.649460983441012e-14,0.0985849103409524,0.1023297200286057,0.25,344.5592206494656,0.287586956282424,0.007081085939754,1.3535412329197373e-06,540.2400396053109,0.0004727362413625,6.803495061561782e-11,1.8092576319506812e-14,0.0004579569786279,0.0078613782991978,False
K18,4,99.8841328717906,2.649460983441012e-14,0.0985849103409524,0.1023297200286057,0.5,351.2025275739483,0.1770288183067244,0.0059864167275491,5.066082859636229e-06,142.65664518593837,0.0005609401433256,6.535911177148495e-13,7.665482831820114e-14,0.0015126456473178,0.0063285809090774,False
K18,4,99.8841328717906,2.649460983441012e-14,0.0985849103409524,0.1023297200286057,0.75,352.404883953954,0.143922903859223,0.0004155491510328,1.4152586149592164e-05,85.68767780110834,5.11688265924622e-05,2.217720441305441e-15,8.886229425908443e-15,1.695339993289931e-05,0.0003849657668617,False
K18,4,99.8841328717906,2.649460983441012e-14,0.0985849103409524,0.1023297200286057,1.0,315.38999999999976,0.141,0.000242455839742,2.6808084201722134e-05,4.167461274474254,1.9050171530934888e-06,4.7176974297213175e-14,4.58326410678056e-14,2.0246309045408638e-05,0.0002411475881774,False
K18,5,99.8844029216851,3.6046430679988597e-14,0.0692560070314828,0.071887734104476,0.0,327.3016282793416,0.3859567778825484,0.0078573958579683,7.560921298072375e-07,802.2069017964501,0.0004378496127614,2.331393280604252e-13,7.621778959884579e-15,8.760165491357776e-05,0.0078503432230878,False
K18,5,99.8844029216851,3.6046430679988597e-14,0.0692560070314828,0.071887734104476,0.25,344.357146750127,0.2898537399766168,0.0070657952376115,1.3282699317330157e-06,552.3025095570563,0.0006513904534754,8.101830407214726e-15,1.897176009634004e-14,0.0004747517216857,0.0076115337110644,False
K18,5,99.8844029216851,3.6046430679988597e-14,0.0692560070314828,0.071887734104476,0.5,351.12491625718854,0.1790591301428004,0.0061017826009738,4.870757511747598e-06,146.92672484392818,0.0002633354678179,1.4413899344428924e-13,5.877243136609422e-14,0.001548381744562,0.0065485191015844,False
K18,5,99.8844029216851,3.6046430679988597e-14,0.0692560070314828,0.071887734104476,0.75,352.4104297685897,0.1439299638878932,0.0004173171353799,1.4145959895209087e-05,85.73489258837562,5.108514380368187e-05,1.1691132145203732e-15,1.1203548939270336e-14,1.6954313093419135e-05,0.0004027020319588,False
K18,5,99.8844029216851,3.6046430679988597e-14,0.0692560070314828,0.071887734104476,1.0,315.39,0.141,0.0002406333397011,2.6811275910291784e-05,4.16746127443644,1.8649329130947053e-06,4.6745798206963776e-14,7.993776539143295e-14,2.024631219613908e-05,0.0002399555623171,False
K18,6,99.88449155730336,3.6046430679988597e-14,0.0733879624504422,0.0538120658308343,0.0,327.28964514577683,0.3859574401554279,0.0078603785197826,7.563268145279683e-07,801.4879118648146,0.000437590391627,2.0458158066858122e-13,9.088549386349e-15,8.760804607320281e-05,0.0078538693113295,False
K18,6,99.88449155730336,3.6046430679988597e-14,0.0733879624504422,0.0538120658308343,0.25,344.2119028092003,0.2914301227161586,0.0070558143797307,1.311195360338836e-06,560.6668974846339,0.0007345505990598,1.2047007722743888e-14,8.964601361111384e-15,0.0004864333240069,0.0074339832891559,False
K18,6,99.88449155730336,3.6046430679988597e-14,0.0733879624504422,0.0538120658308343,0.5,351.04160096494326,0.1810930901648453,0.0062091616676944,4.689108780339724e-06,151.24931565296433,5.393195153761675e-05,4.525976583447392e-14,1.1615603278351946e-13,0.0015847052538484,0.0067058050656643,False
K18,6,99.88449155730336,3.6046430679988597e-14,0.0733879624504422,0.0538120658308343,0.75,352.4132779907205,0.1439712528744219,0.0004355763567108,1.411303769777847e-05,85.82047012387046,5.139558095223137e-05,4.978241613813189e-16,1.5023948111051008e-14,1.6962206256622602e-05,0.0004301991650426,False
K18,6,99.88449155730336,3.6046430679988597e-14,0.0733879624504422,0.0538120658308343,1.0,315.3899999999999,0.141,0.0002397981188838,2.6813390442353083e-05,4.167461274450361,1.8457689521407e-06,4.6343450564586234e-14,2.293309314151115e-13,2.024630627232055e-05,0.0002394415223517,False
K18,7,99.88447892156972,0.0,0.0740541117941538,0.0532909530105695,0.0,327.28150572915644,0.3859576575262359,0.0078624187325819,7.564873512248385e-07,800.9964539889543,0.0004374039502122,1.7716977416082442e-13,9.23566778610052e-15,8.761288290727838e-05,0.0078571237177188,False
K18,7,99.88447892156972,0.0,0.0740541117941538,0.0532909530105695,0.25,344.1086216629144,0.2925176979124178,0.0070494371053147,1.2996659852443808e-06,566.388944269796,0.0007715777587307,4.687818576669536e-14,1.529765897290147e-14,0.0004944817724013,0.0073096462315232,False
K18,7,99.88447892156972,0.0,0.0740541117941538,0.0532909530105695,0.5,350.95747828076577,0.1830505747443199,0.0063051093985377,4.526001806154985e-06,155.46465628020405,6.081238053607828e-05,2.3798727537827268e-14,1.2391129788902333e-13,0.0016201345684442,0.0068123027932446,False
K18,7,99.88447892156972,0.0,0.0740541117941538,0.0532909530105695,0.75,352.4144130627771,0.144031765699879,0.0004629711390365,1.4065678588922856e-05,85.9263974114962,5.556877555578119e-05,1.17091766750498e-16,9.298768352539176e-15,1.6974040587125956e-05,0.0004631673907613,False
K18,7,99.88447892156972,0.0,0.0740541117941538,0.0532909530105695,1.0,315.3899999999999,0.141,0.0002395212816543,2.6814784792054027e-05,4.167461274450506,1.8393443589271651e-06,4.6057523694124446e-14,7.860866905323728e-14,2.0246305985215395e-05,0.000239330743551,False
K18,8,99.88441004066593,3.6046430679988597e-14,0.0708374018745388,0.0509897981128128,0.0,327.27598873764885,0.3859576265382466,0.0078638124857163,7.565970223262574e-07,800.6608648299115,0.0004372717365299,1.7515301165019065e-13,1.4228280935784103e-14,8.761651955813323e-05,0.0078597710934949,False
K18,8,99.88441004066593,3.6046430679988597e-14,0.0708374018745388,0.0509897981128128,0.25,344.0356971925594,0.2932634995177897,0.0070454719829043,1.2918928487502022e-06,570.2609376899622,0.0007872713477787,1.4576117828161949e-13,8.781170235394598e-15,0.0004999932525876,0.0072235069605503,False
K18,8,99.88441004066593,3.6046430679988597e-14,0.0708374018745388,0.0509897981128128,0.5,350.8761187814192,0.1848769131561244,0.0063884829668495,4.383098983847098e-06,159.4526867392686,9.173191253688692e-05,1.5477733703568004e-14,7.580307909149654e-14,0.0016535908226276,0.0068791875194708,False
K18,8,99.88441004066593,3.6046430679988597e-14,0.0708374018745388,0.0509897981128128,0.75,352.414455406992,0.1441025815268668,0.0004951147043892,1.4010962164604668e-05,86.04218353968592,5.6888636652797336e-05,1.3023616433680343e-11,1.8317649914251225e-14,1.6988026697106135e-05,0.0004987373245304,False
K18,8,99.88441004066593,3.6046430679988597e-14,0.0708374018745388,0.0509897981128128,1.0,315.39,0.141,0.0002395527606493,2.6815698280909582e-05,4.167461274437294,1.840152709882776e-06,4.6617214288529465e-14,1.0080380540705702e-13,2.024631038220449e-05,0.0002394493218496,False
K18,9,99.8843115451384,4.001285884347377e-14,0.065305875856383,0.047467365005538,0.0,327.2722569954192,0.3859574576140807,0.0078647642123092,7.566719111672432e-07,800.431759702893,0.0004371786594008,1.5528060271359302e-13,1.2734423983853264e-14,8.761928186919446e-05,0.007861791712685,False
K18,9,99.8843115451384,4.001285884347377e-14,0.065305875856383,0.047467365005538,0.25,343.9844331386173,0.2937724093946243,0.0070430968180759,1.2866645457338996e-06,572.8558409434261,0.0007935133667992,2.7832040059748996e-13,1.3802327336609466e-14,0.0005037508581177,0.0071643206228914,False
K18,9,99.8843115451384,4.001285884347377e-14,0.065305875856383,0.047467365005538,0.5,350.7999703610284,0.1865387427549564,0.0064595176978679,4.260131065442706e-06,163.13084809685452,5.7915959396572166e-05,1.8530163619167285e-14,6.633669308309109e-14,0.0016843571205501,0.0069165043227297,False
K18,9,99.8843115451384,4.001285884347377e-14,0.065305875856383,0.047467365005538,0.75,352.41381694901975,0.1441777786712616,0.0005291329988231,1.3953431721230622e-05,86.16084829341237,3.080479544643044e-05,4.3613313274130574e-12,2.0144383297035596e-14,1.7002950456706433e-05,0.0005348405235926,False
K18,9,99.8843115451384,4.001285884347377e-14,0.065305875856383,0.047467365005538,1.0,315.3899999999999,0.141,0.0002397584944663,2.681628959061642e-05,4.167461274450638,1.8450361085626025e-06,4.623805816907676e-14,1.483279915993202e-13,2.024630427099013e-05,0.0002397014450214,False
K18,10,99.88419903050202,0.0,0.0585911821611616,0.0432037953461385,0.0,327.2697383402325,0.3859572160627337,0.007865414277466,7.567230619413927e-07,800.2752828227368,0.0004371133063726,1.6364869970834689e-13,1.1234069230425804e-14,8.762141840558426e-05,0.0078632779208131,False
K18,10,99.88419903050202,0.0,0.0585911821611616,0.0432037953461385,0.25,343.9484827547845,0.294118176747262,0.0070417501904435,1.2831594158756376e-06,574.5785042284274,0.0007957698361156,4.351743440816418e-13,2.074555804920664e-14,0.000506303484051,0.0071239222804222,False
K18,10,99.88419903050202,0.0,0.0585911821611616,0.0432037953461385,0.5,350.7305390107367,0.1880199356908468,0.0065191892985842,4.155746746073708e-06,166.45044322613222,1.9948366700288783e-05,3.060092146436901e-14,9.181847312631985e-14,0.0017120298701703,0.0069327924982553,False
K18,10,99.88419903050202,0.0,0.0585911821611616,0.0432037953461385,0.75,352.41277772695395,0.1442532633215215,0.0005630976411222,1.3896253215747451e-05,86.27751749440418,1.2836498873565142e-06,9.542405391948586e-13,2.2159899783213977e-14,1.701795109160175e-05,0.0005699975428246,False
K18,10,99.88419903050202,0.0,0.0585911821611616,0.0432037953461385,1.0,315.3899999999999,0.141,0.0002400553130358,2.681666591566132e-05,4.167461274450693,1.851996857194309e-06,4.6406710109446e-14,1.520356919786775e-13,2.0246302349944623e-05,0.0002400233846441,False
K18,11,99.88408250580224,7.481752001560851e-14,0.0514813966123253,0.0385882754625703,0.0,327.2680430931076,0.385956940130786,0.0078658586703611,7.567580278239421e-07,800.16830555633,0.0004370673711713,1.43791002830839e-13,1.5546591791704145e-14,8.762309978020204e-05,0.0078643460775847,False
K18,11,99.88408250580224,7.481752001560851e-14,0.0514813966123253,0.0385882754625703,0.25,343.92329705274506,0.2943521195079612,0.0070410573979891,1.2808190606581334e-06,575.7104013884745,0.0007964566688568,5.671496788023748e-13,1.8195514539520733e-14,0.00050803154869,0.0070965111503888,False
K18,11,99.88408250580224,7.481752001560851e-14,0.0514813966123253,0.0385882754625703,0.5,350.6685718380238,0.1893175304138441,0.0065688051724668,4.068062275911309e-06,169.3913165686425,0.0001234085508495,4.9383910999119855e-14,1.3727474018621066e-13,0.0017364599909802,0.006934936342344,False
K18,11,99.88408250580224,7.481752001560851e-14,0.0514813966123253,0.0385882754625703,0.75,352.41152941878835,0.1443261800842155,0.0005956866398737,1.3841441005828408e-05,86.38875135424523,7.410209477339937e-06,1.0975131323194812e-13,1.7628043122441817e-14,1.7032489515443645e-05,0.0006031619418447,False
K18,11,99.88408250580224,7.481752001560851e-14,0.0514813966123253,0.0385882754625703,1.0,315.39,0.141,0.0002403954814228,2.6816898980785584e-05,4.167461274436615,1.859876350721747e-06,4.679205063656356e-14,1.7322472058604537e-13,2.024631106244445e-05,0.0002403774054713,False
K18,12,99.88396829858564,3.6046430679988597e-14,0.0444975302978087,0.033919455672773,0.0,327.2669057475293,0.3859566543645297,0.0078661628914032,7.567819631822734e-07,800.0950568929348,0.0004370349645759,1.4973974686889846e-13,1.307633433872662e-14,8.762443085393529e-05,0.0078651023631594,False
K18,12,99.88396829858564,3.6046430679988597e-14,0.0444975302978087,0.033919455672773,0.25,343.90565030506053,0.2945097241572872,0.0070407675393398,1.2792650142111788e-06,576.445216467916,0.0007965914226509,6.887629012032158e-13,1.9412911372412552e-14,0.0005091972264477,0.007078011353821,False
K18,12,99.88396829858564,3.6046430679988597e-14,0.0444975302978087,0.033919455672773,0.5,350.614236364918,0.1904379756488711,0.0066097517652353,3.995009005388911e-06,171.95570095241962,0.0002379812571981,8.306514369183851e-14,4.6323188340746675e-14,0.0017576911617047,0.0069282077166994,False
K18,12,99.88396829858564,3.6046430679988597e-14,0.0444975302978087,0.033919455672773,0.75,352.41020341726227,0.1443946094248279,0.0006260729386657,1.379044648096446e-05,86.49223952288224,1.604776263174581e-05,1.7317505765319581e-16,2.0551919541200725e-14,1.704613181346924e-05,0.0006336791704026,False
K18,12,99.88396829858564,3.6046430679988597e-14,0.0444975302978087,0.033919455672773,1.0,315.38999999999976,0.141,0.0002407483498181,2.681703738315848e-05,4.167461274473907,1.8679528345736223e-06,4.64982935059269e-14,1.2848302608468865e-13,2.024630585807361e-05,0.0002407380561245,False
K18,13,99.88385992982832,3.6046430679988597e-14,0.0379592298855693,0.0294120048362577,0.0,327.2661458290334,0.3859563742816944,0.0078663715373939,7.567983775590719e-07,800.0448040821904,0.000437011970106,1.3407857337784962e-13,1.2423172833538726e-14,8.762550444354408e-05,0.0078656326219626,True
K18,13,99.88385992982832,3.6046430679988597e-14,0.0379592298855693,0.0294120048362577,0.25,343.89327315030425,0.2946154064745091,0.007040718729175,1.2782396880515816e-06,576.9151825009268,0.0007965759532299,7.7943714659592e-13,2.4729653961340727e-14,0.0005099804237573,0.0070655997925026,False
K18,13,99.88385992982832,3.6046430679988597e-14,0.0379592298855693,0.0294120048362577,0.5,350.567289525879,0.1913938085169067,0.0066433575705116,3.934540880731702e-06,174.16182757940857,0.0003533559687128,1.3970000106077525e-13,3.5604331982685984e-14,0.0017758999152041,0.0069164538394916,False
K18,13,99.88385992982832,3.6046430679988597e-14,0.0379592298855693,0.0294120048362577,0.75,352.40888727038794,0.1444573673728762,0.0006537898375045,1.374439532819685e-05,86.5865863191661,6.969460081067413e-05,4.975003175135355e-16,2.2027232400817325e-14,2.761238661902057e-05,0.0006611949632744,False
K18,13,99.88385992982832,3.6046430679988597e-14,0.0379592298855693,0.0294120048362577,1.0,315.3899999999999,0.141,0.0002410945304302,2.681711394683821e-05,4.167461274450424,1.875778365478976e-06,4.665637797531552e-14,6.261541307152342e-14,2.024630742075294e-05,0.0002410886878644,False
K18,14,99.88376014837064,3.6046430679988597e-14,0.0320398737306878,0.0252081004235785,0.0,327.2656409498261,0.3859561085171383,0.0078665149669797,7.56809660058061e-07,800.0102429846424,0.0004369955241212,1.347376885788569e-13,1.6364186532393096e-14,8.762638760118176e-05,0.007866002077095,False
K18,14,99.88376014837064,3.6046430679988597e-14,0.0320398737306878,0.0252081004235785,0.25,343.88457880017364,0.29468585901045,0.007040805263202,1.2775695604099338e-06,577.2096843342466,0.0007965505584254,8.325227592873127e-13,1.7992551892831443e-14,0.00051050397958,0.0070573200269503,False
K18,14,99.88376014837064,3.6046430679988597e-14,0.0320398737306878,0.0252081004235785,0.5,350.5272221177288,0.192200991205104,0.0066708250673713,3.884750050530358e-06,176.0381917375863,0.0004628840506678,2.3014098866850443e-13,4.381934793723464e-14,0.0017913443479927,0.0069023487149099,False
K18,14,99.88376014837064,3.6046430679988597e-14,0.0320398737306878,0.0252081004235785,0.75,352.4076379437939,0.1445137942244054,0.0006785496167998,1.3702963607965609e-05,86.67105537675485,3.9897849866927085e-05,3.675791771228059e-12,1.7213877892552354e-14,2.7630773565283645e-05,0.0006855588518909,False
K18,14,99.88376014837064,3.6046430679988597e-14,0.0320398737306878,0.0252081004235785,1.0,315.3899999999999,0.141,0.0002414232145637,2.681715059359059e-05,4.167461274450903,1.8831213800136104e-06,4.7266489620842454e-14,1.219462085564477e-13,2.0246308026491336e-05,0.0002414199593874,False
K18,15,99.88366991523488,3.6046430679988597e-14,0.0268113541700705,0.0213908839874025,0.0,327.26530714531185,0.3859558638121622,0.0078666139590958,7.568174459466676e-07,799.986375711552,0.0004369836522366,1.3694116479886448e-13,6.727257639838058e-15,8.762711157787217e-05,0.0078662585207922,False
K18,15,99.88366991523488,3.6046430679988597e-14,0.0268113541700705,0.0213908839874025,0.25,343.8784564665488,0.294732534282951,0.0070409615437193,1.2771360392824582e-06,577.3893185133746,0.0007965531901645,8.752505052246373e-13,1.9727552348582e-14,0.0005108521024022,0.0070518405469554,False
K18,15,99.88366991523488,3.6046430679988597e-14,0.0268113541700705,0.0213908839874025,0.5,350.4933742881676,0.1928769057298079,0.0066932056264575,3.843922727429988e-06,177.6188211264278,0.0005627822058856,3.541650686110665e-13,8.67110203084387e-14,0.0018043234951883,0.0068876557952913,False
K18,15,99.88366991523488,3.6046430679988597e-14,0.0268113541700705,0.0213908839874025,0.75,352.40648772329376,0.1445637585649741,0.0007003635732677,1.366650170981807e-05,86.7456179912439,1.2556713345843547e-05,6.163121347045558e-12,2.5479184734278348e-14,2.764705747271732e-05,0.000706835481652,False
K18,15,99.88366991523488,3.6046430679988597e-14,0.0268113541700705,0.0213908839874025,1.0,315.3899999999999,0.141,0.0002417259747773,2.6817162509204906e-05,4.16746127445007,1.889813965679206e-06,4.73194199765148e-14,7.744166242213584e-14,2.0246309762165275e-05,0.0002417242377431,False
K19,1,99.93776205518822,2.3623500645531053e-14,0.0,0.0,0.0,327.24467640670287,0.289636512193603,0.0149327013671823,1.2660615200173282e-06,160.07892755766778,0.0006022859334434,1.7692604900804937e-13,5.702036065535765e-14,0.0003087735677545,0.0225310415708454,False
K19,1,99.93776205518822,2.3623500645531053e-14,0.0,0.0,0.25,315.4572182975144,0.19516090452058,0.0157863719432991,1.050583170738423e-05,12.638570326938876,0.0006160990780695,2.6372977637281378e-15,7.23698177258628e-13,0.0019171518612274,0.0034482227849291,False
K19,1,99.93776205518822,2.3623500645531053e-14,0.0,0.0,0.5,314.152366150359,0.1848204324561436,0.0017816409139759,1.6166064229520083e-05,9.46160920015598,8.680371755616914e-06,6.742638192075828e-14,2.93946290919056e-13,7.344779893933243e-05,0.000266065482779,False
K19,1,99.93776205518822,2.3623500645531053e-14,0.0,0.0,0.75,314.0567582546375,0.184054204446209,4.987960061245956e-05,1.6302854251191822e-05,9.260326488454366,8.956307605925285e-05,4.0755720744534645e-16,2.9141377203135786e-15,2.9866210671446578e-05,1.888685789274631e-05,False
K19,1,99.93776205518822,2.3623500645531053e-14,0.0,0.0,1.0,314.04999999999995,0.184,-7.414490793696107e-05,1.631105288694991e-05,9.246247444626585,5.9977579776594e-05,3.107333572374959e-15,8.513919515161829e-15,2.478140493419946e-05,1.3314899948425456e-06,False
K19,2,99.93776457041146,1.6784311008046532e-14,0.3538880182971559,0.3550912405675483,0.0,327.2413484325409,0.2896041734319065,0.0149359647776026,1.2663244708979154e-06,159.95099238657224,0.0006035238952642,1.4552849767417757e-13,1.1428700376342599e-13,0.000309084319625,0.0149327013671823,False
K19,2,99.93776457041146,1.6784311008046532e-14,0.3538880182971559,0.3550912405675483,0.25,314.0913381545465,0.184294854323603,0.0006716790958483,1.626007875553685e-05,9.32673014818213,4.989050975738872e-06,2.061936814311085e-12,2.002476960291655e-13,2.993514126386902e-05,0.0003991862761272,False
K19,2,99.93776457041146,1.6784311008046532e-14,0.3538880182971559,0.3550912405675483,0.5,314.0503600811616,0.1840027665084498,6.340800266415241e-06,1.6306367178826402e-05,9.246977505273966,0.0001144639704151,6.497392187722079e-11,1.5015564814213796e-15,2.9851300073467308e-05,2.816493102389121e-06,False
K19,2,99.93776457041146,1.6784311008046532e-14,0.3538880182971559,0.3550912405675483,0.75,314.0500222658706,0.1840001718367112,4.038157277640794e-07,1.630681040373461e-05,9.24629271057204,0.000117920179259,2.266689768857733e-13,9.42163437280281e-17,2.9850556735717983e-05,1.7492712367935106e-07,False
K19,2,99.93776457041146,1.6784311008046532e-14,0.3538880182971559,0.3550912405675483,1.0,314.05,0.184,1.2228311809259424e-08,1.6306839808284383e-05,9.246247444511404,0.0001181500110271,5.232793766173762e-09,3.471375937142088e-18,2.9850494810245664e-05,1.223146926985271e-08,False
K19,3,99.9377658322856,1.7800838900450324e-14,0.1783130778753029,0.1833499754351805,0.0,327.24134875008104,0.2896041760897413,0.0149359644947019,1.266324448100984e-06,159.95100345544876,0.0006035237887964,1.4878053395979416e-13,1.1085229956186993e-13,0.0003090843015228,0.0149343330639823,True
K19,3,99.9377658322856,1.7800838900450324e-14,0.1783130778753029,0.1833499754351805,0.25,314.0680763991992,0.1841266023338175,0.0002890976841271,1.6287170783800766e-05,9.28098235141434,1.4019846327948646e-06,3.562782133557868e-14,5.589831445368715e-14,2.988675456646393e-05,0.0002147744411247,False
K19,3,99.9377658322856,1.7800838900450324e-14,0.1783130778753029,0.1833499754351805,0.5,314.05018131644675,0.1840013924787723,3.190260708307476e-06,1.6306602178676684e-05,9.246614962063342,0.0001162966758385,1.6672573906201588e-11,1.0399070080253144e-15,2.9850895769370755e-05,1.4282005611785742e-06,False
K19,3,99.9377658322856,1.7800838900450324e-14,0.1783130778753029,0.1833499754351805,0.75,314.0500111763536,0.1840000862258066,2.0343627044363914e-07,1.6306825366978735e-05,9.246270161465892,0.0001180370334163,1.678462528423561e-13,1.1118511213148504e-17,2.985053021934055e-05,8.863454918067597e-08,False
K19,3,99.9377658322856,1.7800838900450324e-14,0.1783130778753029,0.1833499754351805,1.0,314.04999999999995,0.184,6.135160531348832e-09,1.630684018737032e-05,9.246247444627356,0.000118152841721,2.6229719192876035e-09,9.310687072254e-19,2.9850501184655552e-05,6.135953888758712e-09,False
K19,4,99.93776646531678,0.0,0.0894387530570027,0.0927218912570727,0.0,327.24134890936733,0.2896041774231631,0.0149359643527417,1.2663244366617193e-06,159.95100901253772,0.0006035237354794,1.3821142630361548e-13,5.5058388404027887e-14,0.0003090842801778,0.0149351487772403,False
K19,4,99.93776646531678,0.0,0.0894387530570027,0.0927218912570727,0.25,314.0635162575861,0.1840939363818519,0.0002146002091819,1.6292218735901634e-05,9.272090525093928,8.319981870860077e-06,1.7556378736763274e-14,4.5937185262287517e-14,2.9877369697845707e-05,0.0001826525481087,False
K19,4,99.93776646531678,0.0,0.0894387530570027,0.0927218912570727,0.5,314.0500915073615,0.1840007024717177,1.6086439963002171e-06,1.63067203201453e-05,9.246432876344468,0.00011721790481,4.273618758385433e-12,3.1549534496796727e-16,2.985069902709256e-05,7.261582036084331e-07,False
K19,4,99.93776646531678,0.0,0.0894387530570027,0.0927218912570727,0.75,314.0500055789955,0.1840000430395475,1.0156101602496645e-07,1.630683365973311e-05,9.246258784084423,0.0001181087342876,4.345293643154668e-08,1.6459491291486358e-17,2.985051820410908e-05,4.3977304300984074e-08,False
K19,4,99.93776646531678,0.0,0.0894387530570027,0.0927218912570727,1.0,314.04999999999995,0.184,3.078259689932448e-09,1.630684037765157e-05,9.246247444628311,0.0001181542501932,1.318315236883387e-09,6.058542229015837e-19,2.9850501057843827e-05,3.0784589365264204e-09,False
K19,5,99.93776678285896,1.1226249141918888e-14,0.0448237036323845,0.0467149661623911,0.0,327.24134898921585,0.2896041780920867,0.0149359642816092,1.266324430929274e-06,159.95101179210113,0.0006035237088087,1.341463849923812e-13,6.990935608186534e-14,0.0003090842784905,0.0149355565644658,False
K19,5,99.93776678285896,1.1226249141918888e-14,0.0448237036323845,0.0467149661623911,0.25,314.06191610559017,0.1840823635486066,0.0001881899503712,1.6293998218917503e-05,9.268954513339288,1.669054990909057e-05,1.1522423703782766e-14,6.025570125321733e-14,2.987404766788096e-05,0.0001730155404869,False
K19,5,99.93776678285896,1.1226249141918888e-14,0.0448237036323845,0.0467149661623911,0.5,314.0500464848913,0.1840003565626642,8.158091518704414e-07,1.6306779588420528e-05,9.246341595557542,0.0001176799996101,1.060596284849814e-12,1.2114686143165216e-16,2.985061087954477e-05,3.734579453891414e-07,False
K19,5,99.93776678285896,1.1226249141918888e-14,0.0448237036323845,0.0467149661623911,0.75,314.0500027994054,0.1840000215985941,5.0966490261464094e-08,1.630683710168958e-05,9.246253134784013,0.0001181321252265,2.1809868438444724e-08,4.2079868900654594e-18,2.9850508749625893e-05,2.2083176050467937e-08,False
K19,5,99.93776678285896,1.1226249141918888e-14,0.0448237036323845,0.0467149661623911,1.0,314.04999999999995,0.184,1.5447362421063104e-09,1.630684047329142e-05,9.246247444627912,0.0001181549408144,6.83717251452175e-10,2.88577259530456e-19,2.9850506663693684e-05,1.5447863420707991e-09,False
K19,6,99.93776694214192,0.0,0.0224582101698385,0.0235077021913304,0.0,327.2413490293588,0.2896041784276333,0.0149359642458137,1.2663244280448558e-06,159.95101319342345,0.000603523695335,1.356562580490105e-13,9.543899856881161e-14,0.0003090842768675,0.0149357604229062,False
K19,6,99.93776694214192,0.0,0.0224582101698385,0.0235077021913304,0.25,314.06122497050995,0.1840773265422942,0.0001766913741532,1.6294770935684808e-05,9.26759411898574,2.123952219588195e-05,8.590589375138721e-15,2.6118159284632684e-14,2.987260094020168e-05,0.0001692529520187,False
K19,6,99.93776694214192,0.0,0.0224582101698385,0.0235077021913304,0.5,314.05002391633127,0.1840001831929876,4.183450556296255e-07,1.6306809311969e-05,9.246295843492748,0.0001179117294824,2.498002270164726e-13,3.483839866177704e-17,2.9850558604810185e-05,1.965188929498158e-07,False
K19,6,99.93776694214192,0.0,0.0224582101698385,0.0235077021913304,0.75,314.050001404345,0.1840000108350174,2.5568105136774087e-08,1.63068388296443e-05,9.246250298970294,0.0001181438680862,1.0941031302611029e-08,3.904391752923797e-18,2.9850503479686196e-05,1.1080372834424321e-08,False
K19,6,99.93776694214192,0.0,0.0224582101698385,0.0235077021913304,1.0,314.04999999999995,0.184,7.754875975118559e-10,1.63068405209988e-05,9.246247444626563,0.0001181553251382,3.2022108271105086e-10,1.1256187619388976e-19,2.9850499909694668e-05,7.755002083586737e-10,False
K19,7,99.93776702203932,2.4684556869089743e-14,0.0112511430194019,0.0118236350573518,0.0,327.2413490494475,0.2896041785959476,0.014935964227875,1.2663244265992857e-06,159.9510138951662,0.0006035236882155,1.4576079114382218e-13,6.433742427702782e-14,0.0003090842780122,0.0149358623343272,False
K19,7,99.93776702203932,2.4684556869089743e-14,0.0112511430194019,0.0118236350573518,0.25,314.0609010659295,0.1840749554971861,0.0001712791674387,1.629513412507487e-05,9.266954946890406,2.35834854881208e-05,8.070787537038213e-15,2.3633756394670902e-14,2.9871923349460987e-05,0.0001675867262323,False
K19,7,99.93776702203932,2.4684556869089743e-14,0.0112511430194019,0.0118236350573518,0.5,314.05001255692304,0.1840000958857864,2.197924489913066e-07,1.6306824154494846e-05,9.246272807921809,0.0001180275077026,6.262401395521461e-15,4.214981529325208e-17,2.9850523782654548e-05,1.0852752969619225e-07,False
K19,7,99.93776702203932,2.4684556869089743e-14,0.0112511430194019,0.0118236350573518,0.75,314.05000070454014,0.1840000054357042,1.2827568326780393e-08,1.6306839696481282e-05,9.24624887655357,0.0001181497563614,5.488392640313283e-09,2.9237635565042226e-18,2.9850506304591355e-05,5.5605494740016865e-09,False
K19,7,99.93776702203932,2.4684556869089743e-14,0.0112511430194019,0.0118236350573518,1.0,314.04999999999995,0.184,3.8962322988589215e-10,1.6306840544471387e-05,9.246247444627466,0.0001181555871772,1.3151010751302976e-10,1.348073304877803e-19,2.9850501281381907e-05,3.8962643632697246e-10,False
1C,1,99.84148010838508,9.151053922789909e-14,0.0,0.0,0.0,325.8689050602939,0.3246236490431181,0.0108186952813378,1.3163582595506933e-06,240.16176888301928,0.0005206287773688,8.017248988282318e-16,4.2557971036139015e-14,0.0002339033859657,0.0135020387497483,False
1C,1,99.84148010838508,9.151053922789909e-14,0.0,0.0,0.25,345.7933482828055,0.1993610193377827,0.0075921956521706,4.0185145790725376e-06,139.64859564794722,0.0006755148298051,5.712193005329208e-16,1.0342334627599925e-13,0.0022667569367563,0.0059462102292,False
1C,1,99.84148010838508,9.151053922789909e-14,0.0,0.0,0.5,348.2349065244956,0.1589867386782311,0.003311154446674,1.0457359396043406e-05,83.11261100551505,0.0006350212935982,1.3307134112716936e-13,5.360091172893986e-14,0.0005156030159277,0.001251645408155,False
1C,1,99.84148010838508,9.151053922789909e-14,0.0,0.0,0.75,348.6303703156597,0.1514381050203613,0.0004537920998571,1.4725328641723045e-05,74.55243679111501,4.635658624220586e-05,5.973011500348098e-16,1.7535760471025237e-14,1.8766962180403416e-05,0.0002070341554252,False
1C,1,99.84148010838508,9.151053922789909e-14,0.0,0.0,1.0,318.15,0.15,0.0013262361644828,2.369175747172945e-05,6.303432771610625,4.910357460836694e-06,0.0,4.209783563413616e-13,5.331953943390362e-05,0.0001666023046567,False
1C,2,99.8414340966443,9.151053922789909e-14,0.2513787084126795,0.0689817085859101,0.0,325.5659682781624,0.3256267684033925,0.0108413573214321,1.3188597988108969e-06,238.56739906680804,0.0005306590878948,2.7201666929016986e-15,2.7478019859472624e-14,0.0002303137857253,0.0108186952813378,False
1C,2,99.8414340966443,9.151053922789909e-14,0.2513787084126795,0.0689817085859101,0.25,346.45557383138674,0.1950159837617807,0.0072137406489806,4.33577391361533e-06,136.44233096382055,0.0001012657472641,3.5421951030009953e-13,6.957989287615187e-14,0.0005944387990209,0.0066730089266464,False
1C,2,99.8414340966443,9.151053922789909e-14,0.2513787084126795,0.0689817085859101,0.5,348.73295998468643,0.1532842924070077,0.0008377115266177,1.3968824442423225e-05,77.74932942066856,3.1972770265555708e-06,5.4487624929707604e-14,2.9540172391540054e-14,3.102121783277307e-05,0.0005710429219592,False
1C,2,99.8414340966443,9.151053922789909e-14,0.2513787084126795,0.0689817085859101,0.75,348.7962634857552,0.1516858300221257,3.547735440752015e-07,1.5201611268963785e-05,75.84547822614499,0.0002481780403691,1.820134500227669e-11,4.379530914219157e-18,4.7602115176778296e-06,1.9384118190303037e-05,False
1C,2,99.8414340966443,9.151053922789909e-14,0.2513787084126795,0.0689817085859101,1.0,318.15,0.15,0.000172723050586,2.39629487772516e-05,6.303432771610467,1.9499685301342204e-06,2.6834659714788512e-14,3.3887606262772436e-14,2.202325287213424e-05,0.0001707683249794,False
1C,3,99.84147122056672,8.981421845600889e-14,0.1505339618096341,0.044175521414209,0.0,325.5945838192911,0.3256266874661553,0.0108334269692611,1.3179821545304332e-06,239.11057541555328,0.0005302388144516,1.2810154946529273e-15,1.6200582542147401e-13,0.0002302454986292,0.0108300253042903,False
1C,3,99.84147122056672,8.981421845600889e-14,0.1505339618096341,0.044175521414209,0.25,346.56700670161763,0.1933321271754412,0.007130339543737,4.462927621588257e-06,133.72093945543347,9.615964299606445e-05,4.865752788730784e-16,2.831731685481965e-14,0.0005839634861221,0.0066556844026883,False
1C,3,99.84147122056672,8.981421845600889e-14,0.1505339618096341,0.044175521414209,0.5,348.744592038916,0.1527325196077085,0.0005658874622042,1.4377375162933064e-05,77.02820892042921,2.9501653062793853e-05,3.517460451787795e-12,1.5169614696330935e-14,1.903100251621927e-05,0.0004391439441337,False
1C,3,99.84147122056672,8.981421845600889e-14,0.1505339618096341,0.044175521414209,0.75,348.78334076688094,0.1516875404202885,2.8005032180534784e-06,1.520472475075244e-05,75.77351074851495,0.0002370100082111,1.0551080021441556e-09,4.91374975504586e-17,4.7606304196839005e-06,1.1353377513277018e-05,False
1C,3,99.84147122056672,8.981421845600889e-14,0.1505339618096341,0.044175521414209,1.0,318.15,0.15,0.0001728570619906,2.3958376992346872e-05,6.303432771610131,1.9270962575306323e-06,2.6813855528948644e-14,1.1633904360884084e-13,2.2023256302070796e-05,0.0001719117391561,False
1C,4,99.8415423590779,8.981421845600889e-14,0.0879579230556117,0.0343585328260345,0.0,325.61856620364506,0.3256267527692187,0.0108267740234668,1.3172459498529929e-06,239.56725486103176,0.000529808343783,6.409013330164004e-16,2.5131127673065002e-14,0.0002301876835521,0.0108317261130814,False
1C,4,99.8415423590779,8.981421845600889e-14,0.0879579230556117,0.0343585328260345,0.25,346.6597546723772,0.1918765841482187,0.0070547620720728,4.578933373667401e-06,131.36953683690686,8.066719663755547e-05,1.598310825886751e-15,1.2945165569371898e-13,0.0005749458483102,0.0066363796263114,False
1C,4,99.8415423590779,8.981421845600889e-14,0.0879579230556117,0.0343585328260345,0.5,348.74493879585634,0.1524745507454753,0.0004338075366551,1.457743439384526e-05,76.66329801788787,4.852394430103928e-05,4.998540047714453e-16,8.340225211844743e-15,1.897589050913569e-05,0.0003681788980188,False
1C,4,99.8415423590779,8.981421845600889e-14,0.0879579230556117,0.0343585328260345,0.75,348.7727578664196,0.1516868937853361,3.570943654905364e-06,1.5209158165715129e-05,75.71174635432257,0.0002334274241287,1.6993936023771495e-09,1.0832867027502706e-16,4.760849028004616e-06,6.943229114192583e-06,False
1C,4,99.8415423590779,8.981421845600889e-14,0.0879579230556117,0.0343585328260345,1.0,318.15,0.15,0.0001728149845055,2.395457205005441e-05,6.303432771610793,1.933842099982129e-06,2.6977228595227886e-14,5.095983314148955e-14,2.202325590868037e-05,0.0001723698130042,False
1C,5,99.841625232952,1.0459262112775485e-13,0.0511299865684208,0.0333211419741234,0.0,325.6393456505689,0.3256268779058547,0.0108210065352601,1.316607780540598e-06,239.9638915605222,0.0005293769812115,2.5649717080557746e-15,1.552017749276049e-14,0.000230137295948,0.0108292500229733,False
1C,5,99.841625232952,1.0459262112775485e-13,0.0511299865684208,0.0333211419741234,0.25,346.7382459091414,0.1906043482083091,0.0069858004429581,4.68529964110657e-06,129.31736677089015,5.904229367706596e-05,1.1174461259861157e-15,6.47257312851035e-14,0.0005670961891138,0.0066150265170507,False
1C,5,99.841625232952,1.0459262112775485e-13,0.0511299865684208,0.0333211419741234,0.5,348.741453277483,0.1523371496550417,0.0003623249512522,1.468729517235307e-05,76.44822605268419,5.093968825022174e-05,2.992347528754129e-16,8.5752802428396e-15,1.8946922762904463e-05,0.0003264037020775,False
1C,5,99.841625232952,1.0459262112775485e-13,0.0511299865684208,0.0333211419741234,0.75,348.763718184985,0.1516853268506305,3.6149009176855937e-06,1.5213878279309174e-05,75.65760259480777,0.0002331234928051,1.7376366041883663e-09,4.166936232370168e-17,4.761014443479728e-06,4.486701323773104e-06,False
1C,5,99.841625232952,1.0459262112775485e-13,0.0511299865684208,0.0333211419741234,1.0,318.15,0.15,0.0001726990212005,2.395128870491108e-05,6.303432771610368,1.9530680678549204e-06,2.6681443826560043e-14,4.7122164026705555e-14,2.202325701036055e-05,0.0001725002286388,False
1C,6,99.84170940988712,9.401591939996243e-14,0.0451245205628569,0.0310554190261299,0.0,325.65774651429933,0.3256270236856515,0.0108158979665361,1.3160425606970132e-06,240.31578717393043,0.0005289493767194,1.283091598196616e-15,6.550836262331218e-14,0.0002300925135959,0.0108251281509615,False
1C,6,99.84170940988712,9.401591939996243e-14,0.0451245205628569,0.0310554190261299,0.25,346.80571482933607,0.1894819182998476,0.0069224886613202,4.783233254825996e-06,127.51193147698744,3.418104504751394e-05,1.1276660784601253e-15,8.589396555125361e-14,0.0005601978092068,0.0065920280966714,False
1C,6,99.84170940988712,9.401591939996243e-14,0.0451245205628569,0.0310554190261299,0.5,348.7366240157493,0.1522556515188533,0.0003196967763098,1.475412439615558e-05,76.30490407421881,3.348358349332482e-05,1.549658296292127e-11,1.6918053329789684e-14,1.8930057583225328e-05,0.0002991293468258,False
1C,6,99.84170940988712,9.401591939996243e-14,0.0451245205628569,0.0310554190261299,0.75,348.75577558752,0.151683540848333,3.400846272397916e-06,1.5218406525054797e-05,75.60948656021782,0.0002339870596198,1.539074387673705e-09,1.1571863445235588e-17,4.76108910991904e-06,3.1067817338102037e-06,False
1C,6,99.84170940988712,9.401591939996243e-14,0.0451245205628569,0.0310554190261299,1.0,318.15000000000015,0.15,0.0001725557759089,2.3948387847653955e-05,6.30343277165543,1.977039280569492e-06,2.6860673095175397e-14,1.0430995260254928e-13,2.20232601728288e-05,0.0001724773516458,False
1C,7,99.84178976265456,8.981421845600889e-14,0.0407105876354966,0.0284289438466974,0.0,325.67427632836325,0.3256271717576031,0.0108113084914314,1.3155348065614338e-06,240.63238609456283,0.000528528510675,3.690454303388743e-15,1.1028985782643181e-13,0.0002300522113538,0.0108205128971563,False
1C,7,99.84178976265456,8.981421845600889e-14,0.0407105876354966,0.0284289438466974,0.25,346.8644685971776,0.1884838105649569,0.0068640771278237,4.873724906042577e-06,125.9123447304636,8.129655918978353e-06,2.2745244543517e-15,2.9856325745036833e-14,0.0005540859951148,0.0065679009755218,False
1C,7,99.84178976265456,8.981421845600889e-14,0.0407105876354966,0.0284289438466974,0.5,348.73141102767283,0.1522026472335897,0.0002919765398534,1.4798676147100684e-05,76.19983067265001,2.4076876559814145e-05,1.971438443935105e-11,1.0801797824255832e-14,1.891928555227269e-05,0.0002796306183525,False
1C,7,99.84178976265456,8.981421845600889e-14,0.0407105876354966,0.0284289438466974,0.75,348.7486677654784,0.1516818197174319,3.125024797153289e-06,1.5222582978184349e-05,75.56628036882704,0.0002351385804397,1.3011813597913587e-09,1.0503886172311128e-16,4.761178660393426e-06,2.3205974081018203e-06,False
1C,7,99.84178976265456,8.981421845600889e-14,0.0407105876354966,0.0284289438466974,1.0,318.1499999999999,0.15,0.0001724072430442,2.394578503004593e-05,6.303432771545119,2.002073079841384e-06,2.6726598904440167e-14,5.162190119811783e-14,2.2023267307136616e-05,0.0001723868004294,False
1C,8,99.8418652340366,8.981421845600889e-14,0.0369301027355194,0.0258345621743102,0.0,325.689270905466,0.3256273131026333,0.0108071454010453,1.3150742518116456e-06,240.9199487338959,0.0005281165307959,4.815490339777472e-15,1.0688672169578697e-13,0.000230015634326,0.0108159105331201,False
1C,8,99.8418652340366,8.981421845600889e-14,0.0369301027355194,0.0258345621743102,0.25,346.91617779224964,0.187590215023432,0.0068099732070155,4.957603614394784e-06,124.48607887490788,1.7671811057233223e-05,1.0189311606628449e-15,1.3235593177007845e-13,0.0005486330326379,0.0065431251374327,False
1C,8,99.8418652340366,8.981421845600889e-14,0.0369301027355194,0.0258345621743102,0.5,348.7262192105576,0.1521652735096473,0.0002724857455942,1.483080156577575e-05,76.11705948630676,2.1343223221713736e-05,2.490453143890291e-11,1.0812457680957468e-14,1.8911853498431533e-05,0.0002646564446566,False
1C,8,99.8418652340366,8.981421845600889e-14,0.0369301027355194,0.0258345621743102,0.75,348.74223095667986,0.1516802314820715,2.8614972425903307e-06,1.522638501616784e-05,75.52713212874465,0.0002362424240956,1.0925483424845807e-09,1.5370183263951812e-16,4.76127419573419e-06,1.8629828350765217e-06,False
1C,8,99.8418652340366,8.981421845600889e-14,0.0369301027355194,0.0258345621743102,1.0,318.15,0.15,0.0001722643545065,2.394342502299318e-05,6.303432771610612,2.0263109002411496e-06,2.6591422188720838e-14,7.627110206430422e-14,2.2023255104627254e-05,0.0001722711200695,False
1C,9,99.8419356565974,9.666174399064373e-14,0.0336625522923562,0.0234332045470908,0.0,325.7029678474121,0.3256274458610325,0.0108033428236052,1.3146536019760145e-06,241.18292310874543,0.0005277150122541,1.6057284345234744e-15,9.386481218853673e-14,0.0002299822013877,0.0108115278206288,False
1C,9,99.8419356565974,9.666174399064373e-14,0.0336625522923562,0.0234332045470908,0.25,346.96208316910923,0.1867854522216272,0.0067596960154274,5.035571394379175e-06,123.206966499562,4.223196601377286e-05,3.849411583045405e-16,4.81082187975268e-14,0.0005437381192592,0.0065180984238333,False
1C,9,99.8419356565974,9.666174399064373e-14,0.0336625522923562,0.0234332045470908,0.5,348.7212220748321,0.15213704908338,0.000257819872162,1.485552672621109e-05,76.04839127717631,2.2088177365867283e-05,2.6253710841503868e-11,7.397879723381975e-15,1.8906344217234545e-05,0.0002525338375903,False
1C,9,99.8419356565974,9.666174399064373e-14,0.0336625522923562,0.0234332045470908,0.75,348.7363537433681,0.1516788090502383,2.630025657074046e-06,1.5229839859120329e-05,75.49144323258072,0.000237208943728,9.238301770953443e-10,1.238560907299759e-16,4.761327122505395e-06,1.586899391381068e-06,False
1C,9,99.8419356565974,9.666174399064373e-14,0.0336625522923562,0.0234332045470908,1.0,318.15,0.15,0.0001721296011586,2.394126968781724e-05,6.303432771609806,2.0493054626956e-06,2.661223954460268e-14,4.4291474784671776e-14,2.2023254858236907e-05,0.0001721484777264,False
1C,10,99.84200108228808,9.823989873890297e-14,0.0308154227729099,0.0212756556009754,0.0,325.7155457128356,0.3256275697382692,0.0107998511916024,1.3142673681711378e-06,241.42465760064096,0.0005273250539802,1.445622815241289e-15,6.858576206969502e-14,0.0002299514905447,0.0108074351942073,False
1C,10,99.84200108228808,9.823989873890297e-14,0.0308154227729099,0.0212756556009754,0.25,347.003130907624,0.1860569123004953,0.0067128460837495,5.108228523251207e-06,122.05375976578637,6.489143506463957e-05,3.876277187800173e-16,1.5863785979286504e-13,0.0005393204140116,0.0064931307438185,False
1C,10,99.84200108228808,9.823989873890297e-14,0.0308154227729099,0.0212756556009754,0.5,348.7164881795102,0.152114529503723,0.0002461585647478,1.4875562165459765e-05,75.98933509435453,2.4706009868025783e-05,2.4064354598666516e-11,9.669230943984834e-15,1.8902043248656036e-05,0.0002423469110849,False
1C,10,99.84200108228808,9.823989873890297e-14,0.0308154227729099,0.0212756556009754,0.75,348.7309555656136,0.1516775373514053,2.4351595382638304e-06,1.523298448791186e-05,75.45872627325795,0.0002380168652704,7.926835907312188e-10,1.245303603888536e-16,4.761402041451271e-06,1.4148829637785547e-06,False
1C,10,99.84200108228808,9.823989873890297e-14,0.0308154227729099,0.0212756556009754,1.0,318.14999999999986,0.15,0.0001720013882282,2.3939290966430863e-05,6.303432771551841,2.071302184324042e-06,2.6632076786912663e-14,6.945529071648586e-14,2.2023247406811545e-05,0.0001720250371734,False
1C,11,99.84206088245776,9.151053922789909e-14,0.028316753809365,0.0193627986896476,0.0,325.7271446924183,0.3256276848257318,0.0107966315718464,1.3139112392547348e-06,241.6477842154683,0.0005269473728075,2.249417191099153e-15,5.3434687230513595e-14,0.0002299231639039,0.0108036430829452,False
1C,11,99.84206088245776,9.151053922789909e-14,0.028316753809365,0.0193627986896476,0.25,347.0400597010705,0.1853943228686045,0.0066690847212824,5.1760925509280124e-06,121.00907233728896,8.523700189918561e-05,1.6907421430509262e-15,5.885750100256934e-14,0.0005353142556104,0.0064684533463534,False
1C,11,99.84206088245776,9.151053922789909e-14,0.028316753809365,0.0193627986896476,0.5,348.7120374198316,0.1520957998378779,0.0002364875713298,1.4892455639799666e-05,75.93728942514056,2.6732103426899885e-05,2.3014718597135748e-11,7.190600887961056e-15,1.8898486534845836e-05,0.0002335625665201,False
1C,11,99.84206088245776,9.151053922789909e-14,0.028316753809365,0.0193627986896476,0.75,348.72597545653906,0.1516763839844318,2.2662511896574184e-06,1.5235868146955924e-05,75.42858300135441,0.0002387132483438,6.872910494050522e-10,4.445144203895843e-17,4.761446421921052e-06,1.2965460130153298e-06,False
1C,11,99.84206088245776,9.151053922789909e-14,0.028316753809365,0.0193627986896476,1.0,318.14999999999986,0.15,0.0001718863693874,2.393746546530469e-05,6.303432771552756,2.091129009793189e-06,2.6492206104928102e-14,6.449712447770809e-14,2.2023258355192785e-05,0.000171911295124,False
1C,12,99.84211652990022,9.666174399064373e-14,0.0261097434055848,0.0176752143319655,0.0,325.7378786028099,0.3256277900175867,0.0107936524320858,1.3135817237705627e-06,241.8544368480713,0.0005265823836441,2.0893210458269684e-15,3.0368069170449985e-14,0.0002298969663023,0.0108001372333028,False
1C,12,99.84211652990022,9.666174399064373e-14,0.0261097434055848,0.0176752143319655,0.25,347.07345883707325,0.1847892080539907,0.0066281213739397,5.2396124174631324e-06,120.0585489066236,0.0001030323190826,7.851652277207911e-16,8.762305837571356e-14,0.0005316656110643,0.0064442343589788,False
1C,12,99.84211652990022,9.666174399064373e-14,0.0261097434055848,0.0176752143319655,0.5,348.70786569953674,0.1520797453995163,0.0002282170934844,1.4907101886956311e-05,75.89064904988021,2.7743946538278114e-05,2.1917818935031727e-11,8.092186859834372e-15,1.889550130940937e-05,0.0002258504748179,False
1C,12,99.84211652990022,9.666174399064373e-14,0.0261097434055848,0.0176752143319655,0.75,348.72136416448933,0.1516753447862036,2.1239586844674702e-06,1.523851556172106e-05,75.40072264645853,0.0002392946155593,6.037731603709128e-10,6.988663003899797e-17,4.761553101916091e-06,1.2142800498008554e-06,False
1C,12,99.84211652990022,9.666174399064373e-14,0.0261097434055848,0.0176752143319655,1.0,318.15,0.15,0.0001717796314381,2.3935775960524287e-05,6.303432771610493,2.1096102772289263e-06,2.6350877762579142e-14,2.97901623074609e-14,2.2023252785670904e-05,0.0001718042124989,False
1C,13,99.84216867497489,8.981421845600889e-14,0.0241490423884263,0.0161868213809113,0.0,325.7478421920706,0.3256278879045624,0.0107908873115227,1.3132758919688669e-06,242.04640866717915,0.0005262302419293,4.822745597920661e-16,5.906034273530542e-14,0.0002298726305255,0.0107968947521245,False
1C,13,99.84216867497489,8.981421845600889e-14,0.0241490423884263,0.0161868213809113,0.25,347.1038055820686,0.1842345183510172,0.0065897032118985,5.299180073807065e-06,119.19026762636724,0.0001181716126078,7.897427639128958e-16,5.0299174547685516e-14,0.0005283296627933,0.0064205913145081,False
1C,13,99.84216867497489,8.981421845600889e-14,0.0241490423884263,0.0161868213809113,0.5,348.70395940757385,0.1520656906838089,0.0002209885887916,1.4920042694236024e-05,75.84837640589929,2.8036592331315077e-05,2.0822540116521807e-11,7.999243628598052e-15,1.8892893938711342e-05,0.0002189934420812,False
1C,13,99.84216867497489,8.981421845600889e-14,0.0241490423884263,0.0161868213809113,0.75,348.7170813380509,0.1516743896991549,1.9971152626227107e-06,1.5240965798845735e-05,75.37486977968422,0.0002398105738979,5.34200736135199e-10,5.585365921916067e-17,4.761593638188448e-06,1.148009254776889e-06,False
1C,13,99.84216867497489,8.981421845600889e-14,0.0241490423884263,0.0161868213809113,1.0,318.14999999999986,0.15,0.0001716821009657,2.393420727182953e-05,6.303432771552409,2.126563247849492e-06,2.6523726694993568e-14,6.975483016723184e-14,2.2023246837781957e-05,0.0001717056376589,False
1C,14,99.84221674363012,1.0459262112775485e-13,0.022397996168072,0.0148713401256651,0.0,325.7571153211172,0.3256279796306769,0.0107883139741876,1.3129912820165516e-06,242.22520842428295,0.0005258909328138,1.6079653225956718e-16,2.5359922495304943e-14,0.000229849997648,0.0107938909626146,False
1C,14,99.84221674363012,1.0459262112775485e-13,0.022397996168072,0.0148713401256651,0.25,347.1314923061777,0.183724331181843,0.0065536089395517,5.35513940353377e-06,118.39424236543591,0.0001306402191988,9.264410223314466e-16,1.1703745611546526e-13,0.0005252688569739,0.0063976037230014,False
1C,14,99.84221674363012,1.0459262112775485e-13,0.022397996168072,0.0148713401256651,0.5,348.70030086947884,0.152053201754526,0.0002145729206936,1.493162968575844e-05,75.80975300776808,2.779703422987309e-05,1.9761143496883616e-11,1.1882360110878528e-14,1.889060567812132e-05,0.0002128398114271,False
1C,14,99.84221674363012,1.0459262112775485e-13,0.022397996168072,0.0148713401256651,0.75,348.71309310491495,0.1516735181484355,1.89390110761803e-06,1.5243225063338976e-05,75.3508278122874,0.0002402240909103,4.803005856050938e-10,4.006708411227472e-17,4.761644605801263e-06,1.1026529495004346e-06,False
1C,14,99.84221674363012,1.0459262112775485e-13,0.022397996168072,0.0148713401256651,1.0,318.15,0.15,0.0001715871065653,2.393274787891557e-05,6.303432771610445,2.1431434903738023e-06,2.653841081412664e-14,7.823500793303388e-14,2.2023252701637887e-05,0.0001716093323139,False
1C,15,99.8422623013642,9.151053922789909e-14,0.0208266692973969,0.0137047886851049,0.0,325.7657664769374,0.3256280641861392,0.0107859134749611,1.3127257965469437e-06,242.3921232351993,0.0005255643152935,4.824969567956952e-16,5.5112399671667794e-14,0.0002298288813143,0.0107911024087039,False
1C,15,99.8422623013642,9.151053922789909e-14,0.0208266692973969,0.0137047886851049,0.25,347.15684519656764,0.1832536321676355,0.0065196436738564,5.407793535200063e-06,117.6620493661844,0.0001404873118974,3.192917090729333e-15,1.0355848275943717e-13,0.0005224514784892,0.0063753225764929,False
1C,15,99.8422623013642,9.151053922789909e-14,0.0208266692973969,0.0137047886851049,0.5,348.696870902696,0.1520419841099531,0.0002088163690265,1.4942103247777271e-05,75.7742494896599,2.7152801979728348e-05,1.874424589504608e-11,7.272855278087076e-15,1.888855343485673e-05,0.0002072788139076,False
1C,15,99.8422623013642,9.151053922789909e-14,0.0208266692973969,0.0137047886851049,0.75,348.7093703268039,0.151672715466497,1.799122054360849e-06,1.5245330423194164e-05,75.32840790478174,0.0002406029601022,4.337469030292415e-10,3.523661630750774e-17,4.761683001983208e-06,1.06150467352637e-06,False
1C,15,99.8422623013642,9.151053922789909e-14,0.0208266692973969,0.0137047886851049,1.0,318.15000000000015,0.15,0.0001715014603204,2.3931385725450883e-05,6.303432771654881,2.15814051535842e-06,2.6235572614989934e-14,1.1688461921099834e-14,2.2023262620306587e-05,0.0001715223299937,False
2C,1,98.3214299244924,2.578422958186384e-13,0.0,0.0,0.0,328.16074128476765,0.4258934922730337,0.0057526933039222,5.630664175943773e-07,1813.3562362683112,0.00082433080547,9.34804358831645e-15,2.5738959574805875e-15,0.0001795095444326,0.0056209432808498,False
2C,1,98.3214299244924,2.578422958186384e-13,0.0,0.0,0.25,342.2038476643334,0.3688992488562305,0.0045494687379638,7.1639613934517e-07,1789.1273568479985,0.0004942480051784,7.892235785355765e-11,3.0394844517187404e-15,0.0001956976554548,0.0059582182470199,False
2C,1,98.3214299244924,2.578422958186384e-13,0.0,0.0,0.5,348.3139872680617,0.2992180349135591,0.005242502454365,1.3244852871284831e-06,870.402622304675,0.0002990258305894,5.0164671939791126e-11,7.719449376120406e-15,0.0002164010162469,0.0068259905099174,False
2C,1,98.3214299244924,2.578422958186384e-13,0.0,0.0,0.75,351.84016485814186,0.2351712895146026,0.0050060875107473,2.8532130577661365e-06,400.40454187407465,4.4699141316446975e-05,5.717626248476045e-15,2.5496058901137075e-14,0.0002429922737764,0.0047198407845595,False
2C,1,98.3214299244924,2.578422958186384e-13,0.0,0.0,1.0,318.1499999999998,0.2,0.0137557762357662,1.383029363905592e-05,15.618634513335891,0.000540720905354,1.7138176453632627e-13,4.879291415349485e-13,0.0004108455713922,0.0025438076687231,False
2C,2,98.85513458496966,2.5869234614525673e-13,0.4375680361973898,0.3422659054934044,0.0,328.2211226047213,0.4424802241179611,0.0047674185387194,4.994332865427041e-07,2484.4222951030947,0.0007726098240665,2.7246631028127186e-12,4.435687928072696e-15,0.0001651834266529,0.0057526933039222,False
2C,2,98.85513458496966,2.5869234614525673e-13,0.4375680361973898,0.3422659054934044,0.25,341.58418404104106,0.3884674046085556,0.0036887392557899,6.236001003661442e-07,2401.8584410831604,0.0003915881477258,2.321984984216838e-13,1.7606567660855368e-15,0.0001202469088399,0.0046766075362855,False
2C,2,98.85513458496966,2.5869234614525673e-13,0.4375680361973898,0.3422659054934044,0.5,347.2890093421586,0.3293086943843162,0.0042809713241995,1.040768309289719e-06,1323.3351130408016,0.0004717818182459,2.508193543537728e-11,2.839122725573117e-15,0.0005090791353909,0.0060478810747642,False
2C,2,98.85513458496966,2.5869234614525673e-13,0.4375680361973898,0.3422659054934044,0.75,351.5026890484275,0.2596911953125791,0.0043537371414688,2.298887500118943e-06,580.3262195189061,0.0001015148211489,1.0899056240648607e-11,1.1026314706595662e-14,0.0001654852999886,0.0059168988383493,False
2C,2,98.85513458496966,2.5869234614525673e-13,0.4375680361973898,0.3422659054934044,1.0,318.1499999999998,0.2,0.0045552517529358,2.459016295153127e-05,15.61863451333504,0.0004226654560858,3.808183543003478e-16,6.744457423102368e-13,0.0005838727338052,0.0025620191890189,False
2C,3,98.95924350762874,2.578422958186384e-13,0.3015235206396407,0.2767123413754007,0.0,328.0955821056192,0.4437964460828894,0.0047201786337534,4.965409729526126e-07,2523.9575487022958,0.0007554072127059,1.869663451379367e-11,1.913287762136907e-15,0.0001670562342448,0.0052493804127043,False
2C,3,98.95924350762874,2.578422958186384e-13,0.3015235206396407,0.2767123413754007,0.25,341.0628059598704,0.394257860939546,0.003570597780185,5.965335707252191e-07,2561.3617670259137,0.0003321835338237,3.910199155315679e-11,2.097078929795836e-15,0.0001240492303947,0.0043224567811211,False
2C,3,98.95924350762874,2.578422958186384e-13,0.3015235206396407,0.2767123413754007,0.5,346.63279541785,0.3398468979288442,0.0041021308522424,9.436072993641558e-07,1503.5754064807893,0.0002166097650313,1.7156849001472022e-10,2.1783790049578755e-15,0.0001426240431112,0.0056221990378199,False
2C,3,98.95924350762874,2.578422958186384e-13,0.3015235206396407,0.2767123413754007,0.75,351.05111315317583,0.2714050938149031,0.0043839413988264,1.9792575686043123e-06,677.9672995236323,0.0001162861253737,1.978497564362054e-15,6.461411267144612e-15,0.0001790388420479,0.0061890748190032,False
2C,3,98.95924350762874,2.578422958186384e-13,0.3015235206396407,0.2767123413754007,1.0,318.1499999999998,0.2,0.0030926724891243,2.551748973150881e-05,15.618634513335856,5.55181397876879e-05,1.444353699380916e-13,3.634839824961933e-13,0.0002340452680326,0.0023282440860666,False
2C,4,98.94028168919456,2.578422958186384e-13,0.3113956805017155,0.2456722308816326,0.0,328.01909730215,0.4440531994166484,0.004722828634475,4.967468127307629e-07,2522.56194265137,0.0007556322561452,1.8536282883073078e-11,2.2127787070117668e-15,0.0001674942777278,0.004981524973305,False
2C,4,98.94028168919456,2.578422958186384e-13,0.3113956805017155,0.2456722308816326,0.25,340.680961020914,0.3974766057208033,0.0035331859678003,5.82598130246039e-07,2638.136819787744,0.0003225108188024,1.8329091715562266e-10,1.4995074557824122e-15,0.0001258322681177,0.0040365904708205,False
2C,4,98.94028168919456,2.578422958186384e-13,0.3113956805017155,0.2456722308816326,0.5,346.06679203059616,0.3473346645463492,0.0040025652316238,8.80431586464841e-07,1636.2121550735085,0.0002342999296978,1.839799747565596e-10,2.502240464153781e-15,0.0004386520637634,0.0051902756313279,False
2C,4,98.94028168919456,2.578422958186384e-13,0.3113956805017155,0.2456722308816326,0.75,350.5589983944652,0.2818901388457649,0.0044058576943909,1.736816704247522e-06,774.419773506171,0.0001208304153197,2.965583123052625e-12,7.437007086891407e-15,0.0001549301487611,0.0062111542284155,False
2C,4,98.94028168919456,2.578422958186384e-13,0.3113956805017155,0.2456722308816326,1.0,318.1499999999998,0.2,0.0027925223144408,2.5695988144880384e-05,15.618634513336856,2.3793435052580066e-05,4.659023135659792e-16,3.575454313266199e-13,0.000177041993725,0.002430401780224,False
2C,5,98.87688709858584,2.578422958186384e-13,0.2857066732294719,0.2145063508638921,0.0,327.9772792583462,0.4440064357965936,0.0047350667002747,4.975336856952961e-07,2513.0010665562563,0.0007587279969947,1.3322745076003636e-11,3.135512682828079e-15,0.0001674967431438,0.004851378800078,False
2C,5,98.87688709858584,2.578422958186384e-13,0.2857066732294719,0.2145063508638921,0.25,340.4302231565787,0.3992171302561155,0.003525936231954,5.755652121423806e-07,2672.5294840208007,0.0003294209911944,2.8335690374180887e-10,2.519906712697309e-15,0.0001267144763778,0.0038392659872846,False
2C,5,98.87688709858584,2.578422958186384e-13,0.2857066732294719,0.2145063508638921,0.5,345.62941336349127,0.3524336940691432,0.0039466628822786,8.406311772550703e-07,1727.6086666542924,0.0002660812793813,2.6372510564802803e-15,1.4523972302615817e-15,0.0001197857636558,0.0048144342664588,False
2C,5,98.87688709858584,2.578422958186384e-13,0.2857066732294719,0.2145063508638921,0.75,350.0866027813383,0.290855930556938,0.0044033514037581,1.561192265548912e-06,864.7976435649201,0.000144685548449,7.332610585224717e-11,1.0393162025446046e-14,0.0001626494976867,0.0060337696418353,False
2C,5,98.87688709858584,2.578422958186384e-13,0.2857066732294719,0.2145063508638921,1.0,318.1499999999998,0.2,0.0028471780715584,2.5672996302173605e-05,15.618634513335625,0.0001135943532539,1.5231954521089046e-16,2.962641034055932e-13,0.0002340452689581,0.002664958568547,False
2C,6,98.79863749423323,2.52272344313338e-13,0.2408828377358297,0.1811760002166726,0.0,327.95574984355045,0.4438500921128185,0.0047490015147496,4.984165695395099e-07,2501.901234112576,0.000762901720585,8.55836822838767e-12,1.475994879957817e-15,0.0001673297837592,0.004793060171302,False
2C,6,98.79863749423323,2.52272344313338e-13,0.2408828377358297,0.1811760002166726,0.25,340.27669745111723,0.4000823829134055,0.0035311128524078,5.723137970612803e-07,2684.422834315916,0.0003350119505305,2.9753855400085145e-10,2.4550673993761762e-15,0.0001271568302242,0.0037140547551777,False
2C,6,98.79863749423323,2.52272344313338e-13,0.2408828377358297,0.1811760002166726,0.5,345.31554536237144,0.3557337204245364,0.0039180822566892,8.16240856013611e-07,1785.9403275987252,0.0003254277269809,6.973282579759261e-13,3.077279802979056e-15,0.0001246249926764,0.004520304204622,False
2C,6,98.79863749423323,2.52272344313338e-13,0.2408828377358297,0.1811760002166726,0.75,349.6732508499455,0.2980487093462052,0.0043878864914901,1.4378583823717389e-06,942.8709348905412,3.834956442124782e-05,1.9767187224887303e-16,7.1031755205107255e-15,0.0001681339710417,0.0057496424050991,False
2C,6,98.79863749423323,2.52272344313338e-13,0.2408828377358297,0.1811760002166726,1.0,318.1499999999998,0.2,0.0030293148044925,2.5573638229613192e-05,15.618634513336303,9.325934923177968e-05,1.2089978014911313e-12,3.068510165944272e-13,0.0002340452681913,0.0029437694721243,False
2C,7,98.720652065761,2.531410992834993e-13,0.1904465046254298,0.1469633876371202,0.0,327.9456203050778,0.4436571130073574,0.0047624554339195,4.992641395820861e-07,2491.1291377751536,0.0007675244107088,5.176536142104092e-12,1.6115581091824538e-15,0.0001670983944792,0.0047710077692595,False
2C,7,98.720652065761,2.531410992834993e-13,0.1904465046254298,0.1469633876371202,0.25,340.1888243912355,0.4004382341103346,0.0035410577901605,5.7113545065196e-07,2684.6898800603576,0.0003382815334083,2.640764759328261e-10,1.187032872254683e-15,0.0001273684998645,0.0036397653234751,False
2C,7,98.720652065761,2.531410992834993e-13,0.1904465046254298,0.1469633876371202,0.5,345.1033228002182,0.3577559006201702,0.0039063797984233,8.018214147361477e-07,1820.2377272266635,0.0003370581726187,2.13244552795472e-12,1.821459649775648e-15,0.0001275761286592,0.0043062758357592,False
2C,7,98.720652065761,2.531410992834993e-13,0.1904465046254298,0.1469633876371202,0.75,349.3372980076154,0.3034912539073281,0.004370141651853,1.3533040584487442e-06,1005.183283005172,0.0005957206080202,9.923725671691051e-15,4.004175463423465e-15,0.0005410390265222,0.0054404103862787,False
2C,7,98.720652065761,2.531410992834993e-13,0.1904465046254298,0.1469633876371202,1.0,318.1499999999999,0.2,0.0032521631650659,2.54487359661451e-05,15.618634514255616,0.0001726768126153,2.667030201022541e-16,7.617418813319357e-13,0.0003019456871976,0.0032219802013649,False
2C,8,98.65087219613898,2.5869234614525673e-13,0.142867321054822,0.1143483540775771,0.0,327.9417257161344,0.4434647854121659,0.0047744543178732,5.000180265937268e-07,2481.514296836993,0.0007721202419993,3.0360222132607867e-12,1.4533808472715808e-15,0.0001668576282642,0.0047667308524547,False
2C,8,98.65087219613898,2.5869234614525673e-13,0.142867321054822,0.1143483540775771,0.25,340.14283416998995,0.4005121311040242,0.0035520377824913,5.710479429925228e-07,2679.53629614456,0.0003405731330896,2.1862875186358448e-10,1.929446186155204e-15,0.0001274538792593,0.0035989285208812,False
2C,8,98.65087219613898,2.5869234614525673e-13,0.142867321054822,0.1143483540775771,0.5,344.96748695893683,0.3589171483405211,0.0039043265559613,7.937179595559134e-07,1838.4587834315355,0.0003388298195347,3.018961700423418e-12,1.0126448291014611e-15,0.0001292702689541,0.0041587819655802,False
2C,8,98.65087219613898,2.5869234614525673e-13,0.142867321054822,0.1143483540775771,0.75,349.08036251807283,0.3074071771188077,0.004356682289712,1.296887263251385e-06,1051.5654965015765,0.0001898865433219,2.3227558780237544e-12,5.345550391222531e-15,0.0001419519504792,0.00515733303692,False
2C,8,98.65087219613898,2.5869234614525673e-13,0.142867321054822,0.1143483540775771,1.0,318.1499999999999,0.1999999999999999,0.0034713885874495,2.531899720666948e-05,15.618634514252976,9.694261527849242e-05,8.73885939932531e-13,2.839386711861458e-13,0.0003019456877086,0.0034729852315557,False
2C,9,98.59301423933222,2.5869234614525673e-13,0.1028834213232409,0.0854148786087327,0.0,327.9410942259569,0.4432926943589452,0.0047845436073816,5.006510687181766e-07,2473.4355244527846,0.0007763207037802,1.830063108105865e-12,2.456802122852153e-15,0.0001666371737753,0.0047705918056409,False
2C,9,98.59301423933222,2.5869234614525673e-13,0.1028834213232409,0.0854148786087327,0.25,340.1222310591463,0.4004436118766551,0.0035622392723946,5.714805800332814e-07,2672.4522330551463,0.0003426342670291,1.7786015459872963e-10,1.5318973604107062e-15,0.0001274702937895,0.0035789293859282,False
2C,9,98.59301423933222,2.5869234614525673e-13,0.1028834213232409,0.0854148786087327,0.5,344.88540926370086,0.3595261192337457,0.0039071953524055,7.895155296904109e-07,1846.676699771076,0.0003404605549172,3.2943446720223907e-12,4.863297264900979e-15,0.0001301652511398,0.0040616833559181,False
2C,9,98.59301423933222,2.5869234614525673e-13,0.1028834213232409,0.0854148786087327,0.75,348.89381642296803,0.3101009804883462,0.0043477682169887,1.2599052999542322e-06,1084.0358993906766,0.0002385351755675,3.715211308514822e-12,5.4132046067856265e-15,0.0001455886824574,0.0049237418290113,False
2C,9,98.59301423933222,2.5869234614525673e-13,0.1028834213232409,0.0854148786087327,1.0,318.1499999999998,0.2,0.0036655741861603,2.5202755453546725e-05,15.618634513335587,0.0001129450950453,2.366237031194716e-16,3.7014891185188245e-13,0.0003019456850077,0.0036833276480899,False
2C,10,98.54766821716042,2.531410992834993e-13,0.0715701737235379,0.0613735988267452,0.0,327.9420267851993,0.4431500051166687,0.0047925795051592,5.011548727608451e-07,2467.007925923216,0.0007798820311772,1.1653311593256099e-12,2.969184793442692e-15,0.0001664516884201,0.0047775652233283,False
2C,10,98.54766821716042,2.531410992834993e-13,0.0715701737235379,0.0613735988267452,0.25,340.1161261931651,0.4003161408406324,0.0035708508856833,5.721048625236738e-07,2665.330673100469,0.0003446004144415,1.4652430738570888e-10,1.2047654540658925e-15,0.0001274515625296,0.0035712287326988,False
2C,10,98.54766821716042,2.531410992834993e-13,0.0715701737235379,0.0613735988267452,0.5,344.83918178828867,0.3597991456309439,0.0039120533556131,7.876357734533808e-07,1849.1335396170336,0.000342793712856,3.2663084990164544e-12,1.935535082496541e-15,0.0001305753345629,0.0040005242011781,False
2C,10,98.54766821716042,2.531410992834993e-13,0.0715701737235379,0.0613735988267452,0.75,348.7642507320228,0.311881632147279,0.0043429014629685,1.2362391342531834e-06,1105.5937705529611,0.0002519030710166,1.1101803101147386e-11,4.622543290357876e-15,0.0001479920175256,0.0047436113770984,False
2C,10,98.54766821716042,2.531410992834993e-13,0.0715701737235379,0.0613735988267452,1.0,318.1499999999998,0.2,0.0038247542127562,2.5103618718252295e-05,15.61863451333539,0.0001821441413532,1.1338790543658946e-16,7.334268228787117e-13,0.0003819646650214,0.0038491573412768,False
2C,11,98.5138110546764,2.531410992834993e-13,0.0482878926255558,0.0424787124410581,0.0,327.9435649762298,0.4430381727966342,0.004798694927986,5.015380552557876e-07,2462.120915871488,0.0007827196047684,7.792111206446932e-13,1.3997539208314902e-15,0.0001663047692162,0.0047850695147492,False
2C,11,98.5138110546764,2.531410992834993e-13,0.0482878926255558,0.0424787124410581,0.25,340.11760691556844,0.4001762813917368,0.0035776728021062,5.72743913399206e-07,2659.061869219923,0.0003463772269655,1.2403073795118736e-10,1.3074378645530529e-15,0.0001274178868062,0.0035702838053949,False
2C,11,98.5138110546764,2.531410992834993e-13,0.0482878926255558,0.0424787124410581,0.5,344.8156675935582,0.3598802509371759,0.0039172564320369,7.870688408048915e-07,1848.574477514982,0.0003450629138122,3.040106479929409e-12,3.088675148976705e-15,0.000130707275474,0.0039638466193982,False
2C,11,98.5138110546764,2.531410992834993e-13,0.0482878926255558,0.0424787124410581,0.75,348.67780250891263,0.3130135504315561,0.0043408645007322,1.2214946562506309e-06,1119.2092021425265,0.0002530493170661,1.8671937886135315e-11,4.221015897920566e-15,0.0001495192888534,0.0046113529120995,False
2C,11,98.5138110546764,2.531410992834993e-13,0.0482878926255558,0.0424787124410581,1.0,318.1499999999999,0.1999999999999999,0.0039484904832288,2.5025284032749423e-05,15.618634514253564,6.418574188563265e-05,2.581113077175176e-13,6.898578930325527e-13,0.0003819646622988,0.0039734858651262,False
2C,12,98.48981487181322,2.530784609496172e-13,0.0316512724496172,0.0283321822799597,0.0,327.9451949711628,0.4429546742923028,0.00480315182762,5.018171710197921e-07,2458.561189547027,0.0007848575800144,5.899606965812226e-13,3.3070334665152856e-15,0.0001661941823387,0.0047918798856166,False
2C,12,98.48981487181322,2.530784609496172e-13,0.0316512724496172,0.0283321822799597,0.25,340.12248379866725,0.4000478456061908,0.0035828080320141,5.73311254751425e-07,2653.9723137966325,0.0003478595593675,1.0845761917361629e-10,2.9417754425442534e-15,0.0001273809728406,0.0035726526292152,False
2C,12,98.48981487181322,2.530784609496172e-13,0.0316512724496172,0.0283321822799597,0.5,344.8057762182612,0.3598613010382772,0.0039219701838735,7.871844640554694e-07,1846.6775920107889,0.0003467737507039,2.7971633510079976e-12,2.989362229977033e-15,0.0001306925083862,0.0039431847596676,False
2C,12,98.48981487181322,2.530784609496172e-13,0.0316512724496172,0.0283321822799597,0.75,348.62232629809404,0.3137039103559451,0.004340527987863,1.2126058398416657e-06,1127.3790273133734,0.0002514872812424,2.4079549096698125e-11,7.777632704542015e-15,0.0001504513959774,0.004517869112264,False
2C,12,98.48981487181322,2.530784609496172e-13,0.0316512724496172,0.0283321822799597,1.0,318.1499999999999,0.1999999999999999,0.0040403880632167,2.496704969361397e-05,15.61863451425426,5.594002074961363e-05,1.5027101533125822e-15,4.233228308839795e-13,0.0003819646635604,0.0040626304494744,False
2C,13,98.47321937692485,2.5869234614525673e-13,0.0201492060928426,0.0181961921485488,0.0,327.94666565685765,0.4428954949271315,0.0048062388458496,5.020103753162802e-07,2456.095583280524,0.0007863526608633,5.986050583798883e-13,3.122540532059557e-15,0.0001661152488077,0.0047975142625401,False
2C,13,98.47321937692485,2.5869234614525673e-13,0.0201492060928426,0.0181961921485488,0.25,340.1283591352952,0.3999412961196183,0.0035864788909338,5.737720436600957e-07,2650.0975000771623,0.0003489958363583,9.803300984675931e-11,1.829377978464377e-15,0.000127347093024,0.003576298606509,False
2C,13,98.47321937692485,2.5869234614525673e-13,0.0201492060928426,0.0181961921485488,0.5,344.80350793154804,0.3597984922149181,0.003925832154855,7.8760126886734e-07,1844.4142682157203,0.0003478445423934,2.5518228183486447e-12,3.669450171404313e-15,0.000130611634493,0.0039325761475209,False
2C,13,98.47321937692485,2.5869234614525673e-13,0.0201492060928426,0.0181961921485488,0.75,348.5881442927541,0.3141055782291213,0.0043410356069575,1.207466605267322e-06,1132.0066844060443,0.0002501850695626,2.7229660320073328e-11,4.116065127623969e-15,0.000150994832295,0.0044538768241854,False
2C,13,98.47321937692485,2.5869234614525673e-13,0.0201492060928426,0.0181961921485488,1.0,318.15,0.1999999999999999,0.0041053110071577,2.4926147153095283e-05,15.618634514025777,0.0003262748104375,2.1127796078692216e-16,5.836373051515409e-13,0.0004754473240127,0.0041233660503328,False
2C,14,98.46219910787514,2.52272344313338e-13,0.0124217949306248,0.0112064333144537,0.0,327.9478734334703,0.4428545671323219,0.0048083301595318,5.021411726212746e-07,2454.424613957094,0.0007873399125503,5.638907277564652e-13,1.6670692604137116e-15,0.0001660603416318,0.0048018756008675,False
2C,14,98.46219910787514,2.52272344313338e-13,0.0124217949306248,0.0112064333144537,0.25,340.1339593037244,0.3998578515998535,0.0035890329343911,5.741274274720595e-07,2647.252437970465,0.0003498224170873,9.111286816892072e-11,1.7574917215990029e-15,0.0001273187651516,0.0035800879103883,False
2C,14,98.46219910787514,2.52272344313338e-13,0.0124217949306248,0.0112064333144537,0.5,344.80507148476033,0.3597226841464775,0.0039288297172976,7.881102202044634e-07,1842.2514120433464,0.0003484210172369,2.343015805633464e-12,3.761036667617368e-15,0.000130509457187,0.0039279599812752,False
2C,14,98.46219910787514,2.52272344313338e-13,0.0124217949306248,0.0112064333144537,0.75,348.56805561362165,0.3143246242621245,0.0043418979710395,1.2046672228058604e-06,1134.4203852322596,0.0002496614499381,2.8770237886355216e-11,2.8714010336106103e-15,0.0001512924089466,0.0044113370745,False
2C,14,98.46219910787514,2.52272344313338e-13,0.0124217949306248,0.0112064333144537,1.0,318.1499999999998,0.2,0.004149879871592,2.489664332905426e-05,15.618634513335248,0.0003098170707466,6.270266355847406e-16,7.801753079445824e-13,0.0004754473270627,0.0041639340383208,False
3C,1,97.46761708090622,1.0738250996908845e-13,0.0,0.0,0.0,327.6548671451703,0.4087091934995959,0.0062562691130691,6.966780147605592e-07,1273.208652531116,0.0009829195480356,9.452020101857006e-11,9.130625959762094e-15,0.0002474045474615,0.0067481629667095,False
3C,1,97.46761708090622,1.0738250996908845e-13,0.0,0.0,0.25,344.2538467538828,0.3520213603433141,0.0039213890595628,9.118340247713792e-07,1562.5439074515712,0.0002591480447517,9.068682223918176e-15,2.985025421287091e-15,0.0001191214828949,0.0048413958092691,False
3C,1,97.46761708090622,1.0738250996908845e-13,0.0,0.0,0.5,349.0326579635011,0.3030056364248749,0.0035689262331553,1.5681815133707356e-06,981.7168885500976,2.5097746538815054e-05,1.9168385819545947e-11,3.5012479569253296e-15,0.0001088037909709,0.003935240920686,False
3C,1,97.46761708090622,1.0738250996908845e-13,0.0,0.0,0.75,351.34224008626114,0.2688464702515911,0.0025388450574156,2.680114320371709e-06,669.4620943563865,9.296549316989656e-05,4.6120906152354105e-15,4.256144048309096e-15,0.0001877863842731,0.0022717213953673,False
3C,1,97.46761708090622,1.0738250996908845e-13,0.0,0.0,1.0,318.15000000000015,0.25,0.0104421873203137,1.0651412438545724e-05,36.69301292433678,0.0003214792948671,3.32252893529723e-16,2.9703670079150873e-13,0.0008468829362742,0.0021501947842696,False
3C,2,97.98995371640852,1.0597709137772733e-13,0.3969650922330166,0.2321754271149514,0.0,327.62616511962136,0.4212001087859792,0.0055232602978889,6.386871892358636e-07,1605.519737905604,0.0009648832749709,7.007035457632635e-13,8.519460559857305e-15,0.0001915294566551,0.0062562691130691,False
3C,2,97.98995371640852,1.0597709137772733e-13,0.3969650922330166,0.2321754271149514,0.25,343.7948379705795,0.3671298844816568,0.0033098751618453,8.137739030645752e-07,1953.758901619485,0.0001844523810178,1.3540787351130615e-11,3.071327914216937e-15,9.86102419690006e-05,0.0040654397517443,False
3C,2,97.98995371640852,1.0597709137772733e-13,0.3969650922330166,0.2321754271149514,0.5,348.5868663219924,0.3211836573207135,0.0030199637123422,1.33380321802123e-06,1278.5692503449886,0.0006226061912934,3.01569790777877e-15,3.4131039084890346e-15,0.0002641896948218,0.0040161555420024,False
3C,2,97.98995371640852,1.0597709137772733e-13,0.3969650922330166,0.2321754271149514,0.75,351.30026444242617,0.2828026503558754,0.0020248908057263,2.383647457510466e-06,835.1957517011742,0.0005556059561787,2.458728323509494e-13,5.826719315371598e-15,0.0001465876012348,0.0027209223515288,False
3C,2,97.98995371640852,1.0597709137772733e-13,0.3969650922330166,0.2321754271149514,1.0,318.15000000000015,0.25,0.004048400404374,1.7663011380199402e-05,36.69301292434079,6.370951763307496e-05,4.8634298699960055e-14,3.4265472403927083e-13,0.0003848758701924,0.0024413267644555,False
3C,3,98.14490874690698,8.972915368714762e-14,0.2280259230840116,0.1802160471371358,0.0,327.5127055096503,0.4221175836509559,0.0054957823588894,6.365798857446461e-07,1620.0573160669144,0.0009859017165761,3.4389666541646483e-13,3.0107936458502243e-15,0.0001888094194121,0.005884946956936,False
3C,3,98.14490874690698,8.972915368714762e-14,0.2280259230840116,0.1802160471371358,0.25,343.4205808444063,0.3712584551412174,0.0032620525709625,7.841703318196378e-07,2041.4692868918648,0.0001458710933148,1.380405762845696e-10,2.3744027577432547e-15,0.0001030513757437,0.0038336066449777,False
3C,3,98.14490874690698,8.972915368714762e-14,0.2280259230840116,0.1802160471371358,0.5,348.185341126544,0.3275314652823518,0.0030136354726037,1.2375566778285989e-06,1378.5864745227534,0.0009915719441025,8.4329040967595e-14,3.5214886562329184e-15,0.0002721307415717,0.0038938727561906,False
3C,3,98.14490874690698,8.972915368714762e-14,0.2280259230840116,0.1802160471371358,0.75,351.067793728033,0.2884805102488084,0.0021801059295952,2.168413774196533e-06,899.7827946347728,0.0004997196321308,3.580677221195827e-15,3.2803620930721426e-15,0.0001526449068228,0.0029188685099951,False
3C,3,98.14490874690698,8.972915368714762e-14,0.2280259230840116,0.1802160471371358,1.0,318.15000000000015,0.25,0.0031921605390821,1.8338973202222243e-05,36.6930129243402,0.000311330568719,1.358581010211038e-16,1.2678547592015154e-13,0.0002897900608385,0.0024642651855255,False
3C,4,98.17262749358495,9.142276160438812e-14,0.1742831761956135,0.1349583975185344,0.0,327.44462748259906,0.4223897593629799,0.0054956298787428,6.365843397306153e-07,1620.3572491824457,0.0009888689816642,3.841522294705006e-13,4.600920339159487e-15,0.0001880502947318,0.0056889596461961,False
3C,4,98.17262749358495,9.142276160438812e-14,0.1742831761956135,0.1349583975185344,0.25,343.1425308241485,0.373685278697389,0.003253039958939,7.675549995534553e-07,2086.541446303017,0.0001505435542771,1.609330874327494e-10,2.385678460337104e-15,0.0001056360735352,0.0036438614031465,False
3C,4,98.17262749358495,9.142276160438812e-14,0.1742831761956135,0.1349583975185344,0.5,347.8329993003045,0.3321347933617602,0.0030286521712045,1.1724684872915643e-06,1450.0629430848956,0.0001141464235877,1.1655885437015305e-13,2.323601639094323e-15,7.109326698148215e-05,0.0037355235582277,False
3C,4,98.17262749358495,9.142276160438812e-14,0.1742831761956135,0.1349583975185344,0.75,350.81839630084266,0.293283759519005,0.0023263499681393,2.0013463355429357e-06,954.7822010530142,0.0001565180558267,5.457852419212102e-12,4.587519536780095e-15,0.0001578550753087,0.003034319499203,False
3C,4,98.17262749358495,9.142276160438812e-14,0.1742831761956135,0.1349583975185344,1.0,318.15,0.25,0.0029233155925434,1.8540423005232582e-05,36.69301292472085,0.0001698931624561,2.00438920653199e-12,2.1184876769497762e-13,0.0002114765260236,0.0025618780274948,False
3C,5,98.15049411903334,8.972915368714762e-14,0.1594139564176124,0.1103655775330256,0.0,327.4060328951862,0.4224384468408191,0.00550174566119,6.37068154492232e-07,1617.313600448266,0.0009878420379581,3.0600271933896473e-13,3.3202607330196088e-15,0.0001879607254774,0.005591942444383,False
3C,5,98.15049411903334,8.972915368714762e-14,0.1594139564176124,0.1103655775330256,0.25,342.95379921119496,0.3750845895066664,0.003256736716404,7.583530009930185e-07,2108.8392914585656,0.0001582309516382,1.0600659155274003e-10,8.105495441501631e-16,0.000107123569051,0.0035083671710393,False
3C,5,98.15049411903334,8.972915368714762e-14,0.1594139564176124,0.1103655775330256,0.5,347.5545462212939,0.3353580259704093,0.003046232324112,1.1294931215867027e-06,1499.151721883473,0.0001100563192099,2.3419258729828583e-13,3.777349886906775e-15,7.311618852526094e-05,0.0035787185320131,False
3C,5,98.15049411903334,8.972915368714762e-14,0.1594139564176124,0.1103655775330256,0.75,350.58333989546105,0.2972594308845803,0.0024428420921534,1.876591894993702e-06,1000.8819437013748,0.0007113426208876,1.2795566579255362e-11,2.8552109517359097e-15,0.0002289022445042,0.0030726045498035,False
3C,5,98.15049411903334,8.972915368714762e-14,0.1594139564176124,0.1103655775330256,1.0,318.15,0.25,0.0028742474472438,1.858017420337825e-05,36.69301292472234,0.0002006559512072,2.178477845580965e-12,1.466886508094678e-13,0.0002114765272826,0.0026907929105055,False
3C,6,98.10970171417092,9.6582710336068e-14,0.1346198154409096,0.0887954873523869,0.0,327.38500690315936,0.4223995699682277,0.0055089209866209,6.376301121523229e-07,1613.6716191303717,0.000985416013607,2.629518270696729e-12,4.4719431616766655e-15,0.0001881247626547,0.0055467670020527,False
3C,6,98.10970171417092,9.6582710336068e-14,0.1346198154409096,0.0887954873523869,0.25,342.83287618154174,0.3758575165316399,0.0032641669602051,7.534304344360712e-07,2118.7881737430603,0.0001631480548882,1.0218773677872403e-10,2.2974751725340603e-15,0.0001079516467473,0.0034186683640151,False
3C,6,98.10970171417092,9.6582710336068e-14,0.1346198154409096,0.0887954873523869,0.5,347.34901669768686,0.3375274320204353,0.0030624099019018,1.101828091867389e-06,1531.265972627211,0.0001113604749039,3.812255500504259e-13,2.990663272584016e-15,7.448092496024866e-05,0.0034444626204849,False
3C,6,98.10970171417092,9.6582710336068e-14,0.1346198154409096,0.0887954873523869,0.75,350.3799774263624,0.3004103432288168,0.0025298648243463,1.7857694151828507e-06,1037.8026817209072,0.0009185475309785,1.192428977110698e-11,3.721403466619747e-15,0.0002336182179941,0.0030571507142453,False
3C,6,98.10970171417092,9.6582710336068e-14,0.1346198154409096,0.0887954873523869,1.0,318.15,0.25,0.0029126881866421,1.8555026221382837e-05,36.69301292472045,0.0001778561046219,2.787885304128176e-12,1.253893170189064e-13,0.0002114765284975,0.0028235557797261,False
3C,7,98.06501200596831,9.812277761171984e-14,0.1073804811709193,0.0696310063417386,0.0,327.37409105294097,0.4223279188459449,0.0055156717353579,6.381568516881413e-07,1610.2243678964785,0.0009825043508666,1.9556114089381663e-12,8.217986499094686e-15,0.0001883773873852,0.0055278305085018,False
3C,7,98.06501200596831,9.812277761171984e-14,0.1073804811709193,0.0696310063417386,0.25,342.75903513642385,0.3762549971034578,0.0032719538654435,7.509659475387558e-07,2122.1788784420564,0.0001659683888735,1.2148285510588543e-10,1.747253052030389e-15,0.0001083862433951,0.0033624274898422,False
3C,7,98.06501200596831,9.812277761171984e-14,0.1073804811709193,0.0696310063417386,0.5,347.205043660398,0.3389310785139898,0.0030760392227484,1.0844363051655857e-06,1551.2478036471564,0.000115407358889,4.205635684494991e-13,2.227029718711965e-15,7.536590354989417e-05,0.0033395350936267,False
3C,7,98.06501200596831,9.812277761171984e-14,0.1073804811709193,0.0696310063417386,0.75,350.2151120623978,0.3028000253793843,0.0025929090762916,1.7211513315761985e-06,1065.9497371810226,8.806318159236205e-05,4.018337153760499e-12,2.679198458208532e-15,6.084202736838904e-05,0.0030128039579912,False
3C,7,98.06501200596831,9.812277761171984e-14,0.1073804811709193,0.0696310063417386,1.0,318.1500000000001,0.25,0.0029836132942917,1.850521066552632e-05,36.69301292433224,0.0001128868622835,2.065483874937143e-13,8.785420307910742e-14,0.0002114765291152,0.0029458708047511,False
3C,8,98.02363202281246,1.0738250996908845e-13,0.0818024384364457,0.0530332719028573,0.0,327.36885489942125,0.4222494221807444,0.0055215043442345,6.386110826362556e-07,1607.238775522087,0.0009795886089431,1.480710913650842e-12,5.916708095687895e-15,0.0001886418407321,0.0055217497770439,False
3C,8,98.02363202281246,1.0738250996908845e-13,0.0818024384364457,0.0530332719028573,0.25,342.7161221466091,0.3764346924177868,0.0032788359706925,7.498834851225466e-07,2122.2814628458227,0.0001676863054785,1.4718627026467126e-10,1.7154246773065653e-15,0.0001085915317361,0.0033288610131481,False
3C,8,98.02363202281246,1.0738250996908845e-13,0.0818024384364457,0.0530332719028573,0.5,347.10848776979674,0.3398036288226141,0.0030869321189062,1.0737971403122494e-06,1563.034496322991,0.0001203382784892,3.786186080286969e-13,3.643352980420289e-15,7.591799802694398e-05,0.0032624802053409,False
3C,8,98.02363202281246,1.0738250996908845e-13,0.0818024384364457,0.0530332719028573,0.75,350.08824162497217,0.3045419233744552,0.0026381996606401,1.6764247298921692e-06,1086.4565039086233,6.26850127763386e-05,2.120897313134173e-12,3.983288160339766e-15,6.148541046757757e-05,0.0029585051692048,False
3C,8,98.02363202281246,1.0738250996908845e-13,0.0818024384364457,0.0530332719028573,1.0,318.1500000000001,0.2499999999999999,0.003060960574599,1.8450069664236173e-05,36.6930129243337,1.196061078279068e-05,9.9176908979204e-16,1.2809068042352045e-13,0.0002114765288077,0.003050690422355,False
3C,9,97.98871652915405,9.815813900956885e-14,0.0601327664529588,0.0391986494009772,0.0,327.366715985107,0.4221767389878028,0.0055262751182023,6.389822062992502e-07,1604.794268643721,0.0009769493380829,1.1735325470095125e-12,3.434318801565084e-15,0.0001888815426917,0.0055216270650844,False
3C,9,97.98871652915405,9.815813900956885e-14,0.0601327664529588,0.0391986494009772,0.25,342.69266249040305,0.3764941901636524,0.0032844333342164,7.495461068937817e-07,2120.924126691334,0.000168845931829,1.714907596486475e-10,1.6199302887122337e-15,0.000108668540939,0.0033099010717054,False
3C,9,97.98871652915405,9.815813900956885e-14,0.0601327664529588,0.0391986494009772,0.5,347.0462403668657,0.3403226533859662,0.0030952906974156,1.067505082966082e-06,1569.5561539843384,0.0001251084088838,3.3164013246521174e-13,2.091425249570709e-15,7.624828217134017e-05,0.0032084645497573,False
3C,9,97.98871652915405,9.815813900956885e-14,0.0601327664529588,0.0391986494009772,0.75,349.9948046924594,0.3057668867656652,0.0026700919951051,1.6460132169207594e-06,1100.7970915715448,4.195722887876548e-05,1.239927223470574e-12,6.4765900975594085e-15,6.193665789161205e-05,0.0029059480216834,False
3C,9,97.98871652915405,9.815813900956885e-14,0.0601327664529588,0.0391986494009772,1.0,318.15000000000015,0.25,0.0031323481685484,1.8399794149395185e-05,36.69301292434161,0.0002659237906308,1.384523193649857e-16,1.6120392588366033e-13,0.0002897900594073,0.0031356377881646,False
3C,10,97.96089712483632,1.0597709137772733e-13,0.0429090522660584,0.0281424109663293,0.0,327.3661870172962,0.4221154105538915,0.0055300040288558,6.392720737676361e-07,1602.8827588365432,0.0009747309585704,9.663312431351385e-13,3.3146228817226838e-15,0.0001890812475186,0.0055239508666511,False
3C,10,97.96089712483632,1.0597709137772733e-13,0.0429090522660584,0.0281424109663293,0.25,342.6809412711002,0.3764924214982346,0.0032887438840974,7.495808391753069e-07,2119.0976318113567,0.0001696820413076,1.9135057501371475e-10,2.3443104829239472e-15,0.000108678467948,0.0032999556908042,False
3C,10,97.96089712483632,1.0597709137772733e-13,0.0429090522660584,0.0281424109663293,0.5,347.00765519603107,0.3406152917662813,0.0031014788405395,1.0639463926573025e-06,1572.8552365349767,0.000129216048023,2.8567340320820373e-13,3.0210209334136096e-15,7.64361544045154e-05,0.0031720095959748,False
3C,10,97.96089712483632,1.0597709137772733e-13,0.0429090522660584,0.0281424109663293,0.75,349.9284721197836,0.3066016256310431,0.0026922052853008,1.6257437572456762e-06,1110.473616836767,2.6610556916905324e-05,8.02860562999578e-13,3.5861071057130545e-15,6.224390365420444e-05,0.0028607121096319,False
3C,10,97.96089712483632,1.0597709137772733e-13,0.0429090522660584,0.0281424109663293,1.0,318.14999999999986,0.25,0.0031920254194635,1.8355838729077225e-05,36.69301292343721,0.0003115157042786,0.0,2.3321894213317057e-13,0.0002897900595883,0.0032013492958341,False
3C,11,97.9397266330026,1.0597709137772733e-13,0.0298364616548202,0.0196457100304037,0.0,327.3664247749121,0.4220665462727261,0.0055328218430129,6.394910035128208e-07,1601.4379083010722,0.0009729629244904,8.288250803766058e-13,2.0904307270115146e-15,0.0001892390025233,0.0055269770760163,False
3C,11,97.9397266330026,1.0597709137772733e-13,0.0298364616548202,0.0196457100304037,0.25,342.6759758449425,0.376463315334727,0.0032919420646312,7.497772698964639e-07,2117.2910220526383,0.0001702944107428,2.064913210037985e-10,1.5753895376368993e-15,0.000108656927037,0.0032953315661328,False
3C,11,97.9397266330026,1.0597709137772733e-13,0.0298364616548202,0.0196457100304037,0.5,346.9847457027505,0.3407682545346323,0.003105927495413,1.0620606042546348e-06,1574.274243572852,0.000132517406728,2.430959492885719e-13,4.118667212837934e-15,7.653576883244985e-05,0.0031482303027804,False
3C,11,97.9397266330026,1.0597709137772733e-13,0.0298364616548202,0.0196457100304037,0.75,349.8828612823922,0.3071539174430944,0.0027072959548501,1.612511676371116e-06,1116.7880077564391,1.5746646342899105e-05,5.629065307453564e-13,4.475586568020162e-15,6.244740873163775e-05,0.0028245063174633,False
3C,11,97.9397266330026,1.0597709137772733e-13,0.0298364616548202,0.0196457100304037,1.0,318.15000000000015,0.25,0.0032393199616774,1.832053342048746e-05,36.693012924340536,0.0003253532623557,4.016406598837095e-16,2.848433294788677e-13,0.0002897900616462,0.0032503025500823,False
3C,12,97.92421070038132,1.0738250996908845e-13,0.0202630050271862,0.0133470302606128,0.0,327.36696839960763,0.4220293606862357,0.0055348818579946,6.396509895033677e-07,1600.381348095673,0.0009716181233403,7.335513927292353e-13,1.5610342879446293e-15,0.0001893583004648,0.0055298991159833,False
3C,12,97.92421070038132,1.0738250996908845e-13,0.0202630050271862,0.0133470302606128,0.25,342.6746709834949,0.3764256412224914,0.0032942378737324,7.500209864755473e-07,2115.723224559034,0.000170733964775,2.1756411360229648e-10,1.5200514458246772e-15,0.0001086239859165,0.0032936868649171,False
3C,12,97.92421070038132,1.0738250996908845e-13,0.0202630050271862,0.0133470302606128,0.5,346.97184866335994,0.3408387523665636,0.003109035317488,1.061163163483016e-06,1574.665109543218,0.0001350386837437,2.1188605877093938e-13,1.7867651802561113e-15,7.658292779967e-05,0.0031332334775862,False
3C,12,97.92421070038132,1.0738250996908845e-13,0.0202630050271862,0.0133470302606128,0.75,349.8524018446726,0.3075090206997482,0.0027174097904307,1.6040643341052104e-06,1120.777005683792,8.275015624554191e-06,4.285084779446752e-13,3.3313686172107837e-15,6.257859146434065e-05,0.002796954164882,False
3C,12,97.92421070038132,1.0738250996908845e-13,0.0202630050271862,0.0133470302606128,1.0,318.15000000000015,0.25,0.0032751668807723,1.8293548050907685e-05,36.693012924338,0.0003237490928875,2.6482978411892524e-16,1.896577513094133e-13,0.0002897900611544,0.0032855584310373,False
3C,13,97.91320300458923,9.142276160438812e-14,0.0134539506406646,0.0088272173474411,0.0,327.3675769586489,0.42200210723086,0.0055363427721195,6.397644059169086e-07,1599.6318141842687,0.0009706353797033,6.739810648316384e-13,4.730310868720567e-15,0.0001894452951125,0.005532390238349,False
3C,13,97.91320300458923,9.142276160438812e-14,0.0134539506406646,0.0088272173474411,0.25,342.67517419028013,0.3763889202338045,0.0032958378495312,7.502547441390356e-07,2114.462378282271,0.0001710379880468,2.1505668617549967e-10,1.7326284988004512e-15,0.000108590129457,0.0032935898437158,False
3C,13,97.91320300458923,9.142276160438812e-14,0.0134539506406646,0.0088272173474411,0.5,346.9651117708509,0.3408631434324018,0.0031111472007814,1.0608228969088036e-06,1574.5438285987757,0.0001368892085765,1.8079635928000963e-13,1.664690103683552e-15,7.66004722027261e-05,0.0031241153004317,False
3C,13,97.91320300458923,9.142276160438812e-14,0.0134539506406646,0.0088272173474411,0.75,349.8326266173993,0.3077306355967802,0.0027240528670082,1.5988056634579837e-06,1123.2123226782671,3.256454602887661e-06,3.590056461187518e-13,3.5196265601774986e-15,6.266079568535163e-05,0.0027767673117446,False
3C,13,97.91320300458923,9.142276160438812e-14,0.0134539506406646,0.0088272173474411,1.0,318.15000000000015,0.25,0.0033013632757871,1.8273721895866316e-05,36.6930129243411,0.0003163867416126,1.3136417678566342e-16,1.110799820180919e-13,0.000289790062054,0.0033101881201758,False
4C,1,98.84966347827884,1.135823136751386e-13,0.0,0.0,0.0,327.3154210646546,0.3723576204886907,0.0077047554593217,9.968363388787652e-07,620.5846548811761,0.0003772322777446,4.406967896164861e-12,7.227725362657367e-15,0.0001130543895298,0.0087765763114062,False
4C,1,98.84966347827884,1.135823136751386e-13,0.0,0.0,0.25,346.23337682603835,0.3014952139093597,0.0040092227314345,1.7610911473818085e-06,760.1691452409393,7.81000826312298e-05,4.889883085153932e-11,9.61144336523805e-15,0.0001462940177736,0.0040135456206075,False
4C,1,98.84966347827884,1.135823136751386e-13,0.0,0.0,0.5,349.388086077998,0.2673620786169596,0.002085434845478,3.282147807836976e-06,549.5685353820793,5.249672179719174e-05,3.591418175336477e-13,7.255522019370938e-15,0.0001376518032156,0.0016243875686414,False
4C,1,98.84966347827884,1.135823136751386e-13,0.0,0.0,0.75,350.29386042820687,0.2551604793775108,0.0003628749561344,4.672655085975551e-06,482.04047912575874,2.872866008132177e-06,2.8384214629559224e-15,1.5163199877593362e-15,5.0801383023532376e-05,0.000506238428826,False
4C,1,98.84966347827884,1.135823136751386e-13,0.0,0.0,1.0,318.0500000000001,0.25,0.0053034062737497,1.406520660832554e-05,35.03100781727702,0.0007715975734755,1.6354804689989058e-16,2.1505019986989282e-13,0.0008214443529147,0.0008394735425407,False
4C,2,98.89051096395734,1.135823136751386e-13,0.1416865534212902,0.0747952568888775,0.0,327.22132135346175,0.3769074794698001,0.0074557604399557,9.707668247201042e-07,669.5133155529396,0.000378913018552,3.3736988472517173e-15,1.3653850401889667e-14,0.0001056343541862,0.0077047554593217,False
4C,2,98.89051096395734,1.135823136751386e-13,0.1416865534212902,0.0747952568888775,0.25,346.35629371098247,0.3056713111166791,0.0037510537051571,1.7129912657647531e-06,821.6226201832588,0.0001442150576934,1.1168480975690253e-13,6.413706371555251e-15,0.0001171556726835,0.0039646064643613,False
4C,2,98.89051096395734,1.135823136751386e-13,0.1416865534212902,0.0747952568888775,0.5,349.6445321348339,0.2695439287955408,0.0016178987821853,3.3649002936050296e-06,580.2200411671257,0.000290771327316,1.2062336234890326e-15,8.62612932472917e-15,9.307936011112796e-05,0.0016787128138015,False
4C,2,98.89051096395734,1.135823136751386e-13,0.1416865534212902,0.0747952568888775,0.75,350.3503876054726,0.2594364178349581,0.0001210159964751,4.554461480223662e-06,518.7970939542995,1.6866031297661973e-05,2.437295800595165e-11,4.409450235498546e-16,1.3365765330648275e-05,0.0002959074864373,False
4C,2,98.89051096395734,1.135823136751386e-13,0.1416865534212902,0.0747952568888775,1.0,318.0500000000001,0.25,0.0010766233683524,1.6387028147339786e-05,35.03100781727873,2.3982849090762695e-05,6.357842674587809e-12,6.440291008824596e-14,6.214119329604983e-05,0.0009240803139578,False
4C,3,98.907207766433,1.135823136751386e-13,0.0724515531409077,0.0466847362568804,0.0,327.1841059626214,0.3769599212411515,0.0074618530249892,9.714000706841525e-07,668.2480499411398,0.0003787707712116,7.904283022687387e-15,7.808752377386782e-15,0.0001055814991818,0.0075799390630357,False
4C,3,98.907207766433,1.135823136751386e-13,0.0724515531409077,0.0466847362568804,0.25,346.2835306681065,0.3065841918202401,0.0037694665832105,1.6909374140554643e-06,829.6267906240239,0.0001448271184917,8.90494676611824e-14,1.1159174683108696e-14,0.0001177010188028,0.0039395191284617,False
4C,3,98.907207766433,1.135823136751386e-13,0.0724515531409077,0.0466847362568804,0.5,349.63348791350535,0.2700248348657052,0.0016569485541688,3.3248599068354554e-06,584.2882829854223,0.0002368420362136,2.617346615277104e-15,3.5449074231586053e-15,9.342801731974023e-05,0.001720739236279,False
4C,3,98.907207766433,1.135823136751386e-13,0.0724515531409077,0.0466847362568804,0.75,350.34167488661853,0.2598532443288637,0.0001867438545489,4.493141585461434e-06,521.9785297391045,0.0006486321049022,0.0,3.741276037467525e-16,5.272564922330264e-05,0.0002912157425802,False
4C,3,98.907207766433,1.135823136751386e-13,0.0724515531409077,0.0466847362568804,1.0,318.0500000000001,0.25,0.0010190829175615,1.641544161859367e-05,35.031007817280674,2.619491588589623e-05,7.427297696900856e-12,7.813725794864057e-14,6.214119378656129e-05,0.0009452487774048,False
4C,4,98.91398471263506,1.3116496433144836e-13,0.0369540375615981,0.0293250967420912,0.0,327.16284081995354,0.376981357319364,0.0074658452522666,9.718152539269945e-07,667.4217831662376,0.0003785641706454,4.995623867529008e-15,1.0988605858575085e-14,0.0001055663403711,0.0075208241181477,False
4C,4,98.91398471263506,1.3116496433144836e-13,0.0369540375615981,0.0293250967420912,0.25,346.22545414749413,0.3072157382982106,0.0037845986188056,1.6760152667941828e-06,834.7401729956695,0.0001435209211191,6.6691951030273e-14,3.1937614445448625e-15,0.0001180841844911,0.00391230401073,False
4C,4,98.91398471263506,1.3116496433144836e-13,0.0369540375615981,0.0293250967420912,0.5,349.6167204769786,0.2704246890828992,0.0016935265486607,3.291481848965176e-06,587.3649713661094,0.0001561269204188,1.0474374764342236e-11,6.5696146439586656e-15,9.372382026987942e-05,0.0017528186818089,False
4C,4,98.91398471263506,1.3116496433144836e-13,0.0369540375615981,0.0293250967420912,0.75,350.33444052086554,0.2601172303209411,0.0002303539208081,4.4538204864764e-06,523.937251479167,0.0001686982206561,5.295014904746639e-15,7.209534165444778e-16,5.283873500170005e-05,0.0002935049089565,False
4C,4,98.91398471263506,1.3116496433144836e-13,0.0369540375615981,0.0293250967420912,1.0,318.0500000000001,0.25,0.000995458628396,1.642785507158501e-05,35.03100781727792,2.803899677703128e-05,1.0147377814072057e-11,7.055863028816047e-14,6.214119288401872e-05,0.0009586724128512,False
4C,5,98.916486763568,1.135823136751386e-13,0.0188094182965389,0.0185567434236111,0.0,327.15039367948395,0.3769900578564287,0.0074684124534033,9.720823342386535e-07,666.8915903035984,0.0003783896520992,5.690730851650294e-15,1.0879318279588546e-14,0.0001055642892612,0.0074933191028304,False
4C,5,98.916486763568,1.135823136751386e-13,0.0188094182965389,0.0185567434236111,0.25,346.1816172930398,0.3076511286799256,0.0037961428539178,1.6659068926327144e-06,838.052275891151,0.0001415562026072,4.855306462777458e-14,7.543445035285146e-15,0.0001183513448507,0.0038888031092791,False
4C,5,98.916486763568,1.135823136751386e-13,0.0188094182965389,0.0185567434236111,0.5,349.59963222663765,0.2707462900905246,0.0017244514400332,3.264905810160292e-06,589.6951892202088,6.749878932100012e-05,3.7182674439099685e-13,6.942191826687363e-15,9.39646610869418e-05,0.0017759613200167,False
4C,5,98.916486763568,1.135823136751386e-13,0.0188094182965389,0.0185567434236111,0.75,350.3287999431939,0.2602901307944792,0.0002598438433241,4.427862031639639e-06,525.1892270889189,1.183973094065562e-05,1.6690057514778774e-14,2.6465375030371163e-16,5.291321573756874e-05,0.0002986106175789,False
4C,5,98.916486763568,1.135823136751386e-13,0.0188094182965389,0.0185567434236111,1.0,318.05000000000024,0.25,0.0009858246634357,1.6433420362540983e-05,35.0310078170362,2.8644903615187425e-05,8.432325955317116e-12,6.24656883249234e-14,6.214119740311199e-05,0.0009672818749702,False
5C,1,89.42638571005853,5.5054930411256166e-14,0.0,0.0,0.0,325.3995915547235,0.4524863484529301,0.003910028956085,4.635852977906013e-07,2475.277425304384,0.0006043946515561,1.7469534272268168e-10,4.064023423344665e-15,0.0001375315564804,0.0025231244806863,False
5C,1,89.42638571005853,5.5054930411256166e-14,0.0,0.0,0.25,337.43270350941816,0.4189900136762195,0.0026041463611309,4.78117386834161e-07,3091.9173960187563,0.0003629691311331,1.831800672385666e-10,1.0276859637227702e-15,9.615755347376502e-05,0.0024896504289738,False
5C,1,89.42638571005853,5.5054930411256166e-14,0.0,0.0,0.5,343.0057919441665,0.3752517076920518,0.0028719643419732,6.685799324969016e-07,2124.655495392334,0.000158946671274,3.089803149476048e-11,1.4998609861587725e-15,0.0001070279936154,0.0035094369098631,False
5C,1,89.42638571005853,5.5054930411256166e-14,0.0,0.0,0.75,347.46632807725206,0.3169951099046683,0.0033882050955231,1.1832840809445066e-06,1102.2045714659423,0.0001542616337676,6.123643507246745e-12,5.123939467166494e-15,0.0001173361863082,0.0041490655709829,False
5C,1,89.42638571005853,5.5054930411256166e-14,0.0,0.0,1.0,318.15,0.26,0.0117414833828033,5.396907263072103e-06,43.45943577894176,4.9046967352372783e-05,2.8662166726939706e-14,2.27447258042393e-13,0.0051683410234503,0.0045361831915595,False
5C,2,90.7943855878258,0.0,0.3643433808671615,0.3830921340064122,0.0,325.9538046220781,0.476476515136494,0.0026287894279052,3.8113818809824505e-07,4012.3940084922056,0.000824579975513,1.2867941198509526e-14,9.688373173908732e-16,0.0002963832875472,0.003910028956085,False
5C,2,90.7943855878258,0.0,0.3643433808671615,0.3830921340064122,0.25,338.4064605861953,0.4322614819163747,0.0016623466604373,4.295974169060699e-07,4182.508354898952,0.0004452775813336,8.712637072675468e-12,5.538366483176217e-16,0.0001695572076684,0.0023715273808238,False
5C,2,90.7943855878258,0.0,0.3643433808671615,0.3830921340064122,0.5,342.9654354360379,0.3941623450789303,0.0019336136252044,5.854173026494068e-07,2935.3373042236203,0.0005234204631715,1.7891475069102875e-10,5.360295540768334e-16,0.0002165607541981,0.0027503025784777,False
5C,2,90.7943855878258,0.0,0.3643433808671615,0.3830921340064122,0.75,346.90634962103354,0.3453515087961405,0.0023546010668475,9.524003253393076e-07,1691.366874824496,0.0009559167412671,2.2691522488613905e-13,1.4118724741474166e-15,0.0002140528699752,0.0036225569244516,False
5C,2,90.7943855878258,0.0,0.3643433808671615,0.3830921340064122,1.0,318.15000000000015,0.26,0.0093307825611994,8.490287209522892e-06,43.4594357753883,0.0008243748375293,3.736872190348383e-14,4.379083901051573e-13,0.0007802571694107,0.0059311736966965,False
5C,3,91.198049431182,0.0,0.3146234744203374,0.3298994369554252,0.0,325.72223364016594,0.4797880640031379,0.0025147321169869,3.7455469180743516e-07,4195.677165699824,0.0008041720561458,4.019951464399846e-13,6.862402858303225e-16,0.0002955354732348,0.0032377264871091,False
5C,3,91.198049431182,0.0,0.3146234744203374,0.3298994369554252,0.25,337.6464636712373,0.4417468557576129,0.0014563254365876,3.988607325710771e-07,4697.857274726412,0.0005820818565743,3.710093941644594e-10,2.931682674400804e-16,0.0001718426343066,0.0021385112942146,False
5C,3,91.198049431182,0.0,0.3146234744203374,0.3298994369554252,0.5,342.2040757547706,0.4067630889639856,0.0016591150714138,5.220774535131996e-07,3465.338381351414,0.000565342545621,1.262527616880081e-13,5.90000137665493e-16,0.0001436924118314,0.0025790031994153,False
5C,3,91.198049431182,0.0,0.3146234744203374,0.3298994369554252,0.75,346.2135624004765,0.3607642680055447,0.0020828967581951,8.122798838753091e-07,2084.441948233829,0.000535321273886,2.2903149376784224e-15,1.6349491887186773e-15,0.0001584263221935,0.0034725333115201,False
5C,3,91.198049431182,0.0,0.3146234744203374,0.3298994369554252,1.0,318.15,0.26,0.0087792084309834,9.254131551621825e-06,43.45943577418978,0.0005708206201336,3.6021480997592393e-13,2.68219474408582e-13,0.0007802571686392,0.0065872510087001,False
5C,4,90.99325895622734,0.0,0.3331642036559583,0.2975843937516597,0.0,325.57083392750855,0.4807652223820942,0.0024964150728574,3.736227761461927e-07,4227.956333416915,0.0007752514885778,2.855980787723663e-13,7.727650984390433e-16,0.0002953884304377,0.0028648531188437,False
5C,4,90.99325895622734,0.0,0.3331642036559583,0.2975843937516597,0.25,336.9811819036446,0.4472237969370117,0.0013917413762943,3.838699198876258e-07,4949.036926794324,0.0006391437832624,1.3772533956558878e-10,2.8466286550956515e-16,0.0001715932004471,0.0018789885028644,False
5C,4,90.99325895622734,0.0,0.3331642036559583,0.2975843937516597,0.5,341.3860143886007,0.4162269187018938,0.0015185212321615,4.803361643500303e-07,3864.111890559324,0.0002919757554865,5.674128610462712e-11,7.438093300767142e-16,0.0001543510773783,0.0023141336976098,False
5C,4,90.99325895622734,0.0,0.3331642036559583,0.2975843937516597,0.75,345.38169001447983,0.3744479518958713,0.0018987823410854,7.051352271015551e-07,2478.039810342891,0.0006085147874857,1.3014201459848904e-11,1.0755285551056204e-15,0.0001739493729865,0.0032246140789121,False
5C,4,90.99325895622734,0.0,0.3331642036559583,0.2975843937516597,1.0,318.15,0.26,0.0085963106625112,9.510057754018468e-06,43.45943577419643,0.0006892983653469,2.6233818289101328e-15,1.9517340709226822e-13,0.0025275798310957,0.0073207078384456,False
5C,5,90.42731902907605,0.0,0.2971484677603318,0.2465801743371271,0.0,325.4823595828491,0.4802694813544397,0.0025360568732055,3.760634779121028e-07,4165.908575828816,0.0008097029062787,3.3123856649948833e-13,5.376558573355616e-16,0.0002960633661789,0.0026774787537121,False
5C,5,90.42731902907605,0.0,0.2971484677603318,0.2465801743371271,0.25,336.5119200986987,0.4495028472180253,0.0014120533822557,3.791016176302871e-07,4993.5137512794345,0.0006482262406276,3.4209278034034344e-10,3.379458171637317e-16,0.0001714378534499,0.0016852615431732,False
5C,5,90.42731902907605,0.0,0.2971484677603318,0.2465801743371271,0.5,340.70093481703265,0.4219694983143078,0.0014821439387482,4.578662149006978e-07,4077.5293445450607,0.0003452582786881,8.085007264217651e-11,3.559435732269911e-16,0.0001600150197737,0.0020484113743087,False
5C,5,90.42731902907605,0.0,0.2971484677603318,0.2465801743371271,0.75,344.5745555678746,0.3849045904490051,0.001796224970454,6.341588150856679e-07,2799.669919968435,0.0002294527635028,8.426262064529414e-13,8.675785784229006e-16,0.0001141095831325,0.0028978454124509,False
5C,5,90.42731902907605,0.0,0.2971484677603318,0.2465801743371271,1.0,318.15,0.26,0.0086910427074718,9.390777380889615e-06,43.45943577418846,0.0004153504805463,1.5528802581417129e-12,3.0566001119058944e-13,0.0025275798309235,0.0081484145674638,False
5C,6,89.69572288545558,2.1845995827385437e-14,0.2261139291497551,0.1804365785894077,0.0,325.4412782332607,0.4788994975154022,0.0026084248502057,3.804155792138439e-07,4052.8250387466,0.0008231638755276,3.408362642182229e-14,1.079176170144073e-15,0.0002970860045778,0.0026062887863827,False
5C,6,89.69572288545558,2.1845995827385437e-14,0.2261139291497551,0.1804365785894077,0.25,336.2536448068467,0.449493536174406,0.0014780809435684,3.8066218694608e-07,4907.771300755748,0.0006114869536369,3.2524518688835366e-10,4.2459432305253127e-16,0.0001720037646053,0.0015742321875047,False
5C,6,89.69572288545558,2.1845995827385437e-14,0.2261139291497551,0.1804365785894077,0.5,340.23992718556565,0.4243437012342542,0.0015168379007512,4.497281131829354e-07,4119.746771649654,0.0003335215101462,7.714511839122816e-11,6.098856125308268e-16,0.0001623853072193,0.0018416924923672,False
5C,6,89.69572288545558,2.1845995827385437e-14,0.2261139291497551,0.1804365785894077,0.75,343.91971577880537,0.3914826526653715,0.001770171290986,5.940544821152685e-07,2994.885212504676,0.0004554479288292,2.4499373094714637e-16,9.581524996870726e-16,0.0001232045085456,0.0025640378201312,False
5C,6,89.69572288545558,2.1845995827385437e-14,0.2261139291497551,0.1804365785894077,1.0,318.15,0.26,0.0089287916394636,9.0514195810744e-06,43.459435774190005,0.0004936849917135,1.942842375568085e-15,5.634121641451273e-13,0.0007802571688501,0.0089743653765425,False
5C,7,88.96841305971446,0.0,0.1458669573264994,0.1088610357153036,0.0,325.43374298282106,0.4771285058511327,0.0026939348133395,3.855586818227574e-07,3922.508028482899,0.0007506516090912,8.371177014392121e-15,1.6098021040036772e-15,0.0002979877834534,0.002607359532168,False
5C,7,88.96841305971446,0.0,0.1458669573264994,0.1088610357153036,0.25,336.1731689317378,0.4480546463477304,0.0015627057160526,3.858211626320597e-07,4759.094333757786,0.0004659189572719,6.487164366957408e-11,4.7683211545912485e-16,0.0001729532384001,0.001533019948844,False
5C,7,88.96841305971446,0.0,0.1458669573264994,0.1088610357153036,0.5,340.0124808504217,0.4241839991903053,0.0015906851088569,4.51129781695469e-07,4045.288823024175,0.0003635808379143,2.8595886999917984e-11,3.784949784146896e-16,0.00016269760019,0.0017124520028474,False
5C,7,88.96841305971446,0.0,0.1458669573264994,0.1088610357153036,0.75,343.48339531276906,0.3944405568385495,0.0018034723691102,5.770447209666042e-07,3057.5386120452795,0.0004004553188241,1.47477320606209e-10,8.627143329046152e-16,0.0001273997269566,0.0022866231984977,False
5C,7,88.96841305971446,0.0,0.1458669573264994,0.1088610357153036,1.0,318.1499999999999,0.26,0.0092217067244826,8.653750574125979e-06,43.459435774604216,0.000481609601412,1.6930175454768862e-15,2.863456000090636e-13,0.0029139997406784,0.0096700911234841,False
5C,8,88.35335874875159,2.4900667588244423e-14,0.075696205207423,0.049939566989049,0.0,325.4476297725021,0.4753678901754479,0.0027754281787447,3.9049044482801147e-07,3802.057775357737,0.0005955359081715,7.651137908351474e-12,6.631733022755421e-16,0.0002985206428982,0.0026504796936115,False
5C,8,88.35335874875159,2.4900667588244423e-14,0.075696205207423,0.049939566989049,0.25,336.2177616877418,0.4459537904738693,0.001645593208657,3.9243379136761147e-07,4599.136695107342,0.0004150645527224,3.5890428857937146e-11,6.861123573855075e-16,0.0001737835500414,0.0015413134108561,False
5C,8,88.35335874875159,2.4900667588244423e-14,0.075696205207423,0.049939566989049,0.5,339.97579859876896,0.4224732307340788,0.0016764244284516,4.580565902231359e-07,3915.785190297708,0.0005136567881078,1.36267041845535e-12,9.623516125835266e-16,0.0001616361995914,0.0016530342705082,False
5C,8,88.35335874875159,2.4900667588244423e-14,0.075696205207423,0.049939566989049,0.75,343.2676550547411,0.3946545025681027,0.0018699806224332,5.755626884372787e-07,3023.249211938009,0.0001292440156229,2.609069697115966e-13,9.333179701296094e-16,0.0001278770827548,0.0020933392681777,False
5C,8,88.35335874875159,2.4900667588244423e-14,0.075696205207423,0.049939566989049,1.0,318.15,0.26,0.0094853824449289,8.287134386909336e-06,43.45943577419492,0.0006853396723047,6.492377482375476e-14,3.2694680296430084e-13,0.0008813354915681,0.0101458123508592,False
5C,9,87.90695126210105,1.1949716007090076e-14,0.0718753645881862,0.054240042430624,0.0,325.47234099131475,0.4738790140143493,0.0028414895788282,3.944535013088817e-07,3705.991192057035,0.0008734576560515,1.4560314328782776e-10,1.148712201748392e-15,0.0004271717349282,0.0027126053190551,False
5C,9,87.90695126210105,1.1949716007090076e-14,0.0718753645881862,0.054240042430624,0.25,336.33214546975336,0.4437622907632725,0.0017150101388435,3.990189349577397e-07,4457.998784855296,0.0004835805379729,4.720013063986839e-12,3.0481666453072154e-16,0.0001742449555895,0.0015789760616644,False
5C,9,87.90695126210105,1.1949716007090076e-14,0.0718753645881862,0.054240042430624,0.5,340.06436871681154,0.4200671332496997,0.0017562732873204,4.674671325960908e-07,3776.4497129063184,0.000675797099521,2.1174457747968818e-13,2.9583170960316234e-16,0.0001597089063757,0.0016453922589882,False
5C,9,87.90695126210105,1.1949716007090076e-14,0.0718753645881862,0.054240042430624,0.75,343.22794353832325,0.3931606012600996,0.0019459795903795,5.832782854317736e-07,2938.089492707229,0.0005720224591223,1.0200900569742895e-10,7.429613442173944e-16,0.0002141918186957,0.0019815106032033,False
5C,9,87.90695126210105,1.1949716007090076e-14,0.0718753645881862,0.054240042430624,1.0,318.1499999999999,0.26,0.0096931111357137,8.00058940746822e-06,43.459435774599854,0.0002055274603574,5.368937129747674e-16,1.6046772137420274e-13,0.000881335491537,0.0103898070325891,False
5C,10,87.64141899641125,0.0,0.061420411680857,0.0576387583228909,0.0,325.499697204784,0.4727983851118878,0.0028882778505301,3.9730507761243593e-07,3639.9295513453344,0.000942459049494,4.034060318917718e-11,5.58430769735072e-16,0.0004273535654382,0.0027766828639276,False
5C,10,87.64141899641125,0.0,0.061420411680857,0.0576387583228909,0.25,336.47110289116057,0.4418594743362682,0.0017651841158783,4.046000480999858e-07,4350.468284537081,0.0005724908958301,4.514478629218276e-13,4.3161657029240414e-16,0.0001743494790019,0.0016295304470211,False
5C,10,87.64141899641125,0.0,0.061420411680857,0.0576387583228909,0.5,340.215589164201,0.4176071131063832,0.001819777126195,4.770627843512904e-07,3654.32383505616,0.0006623768484181,2.5261429793605862e-14,5.690038055596146e-16,0.0001574333382577,0.0016705497278175,False
5C,10,87.64141899641125,0.0,0.061420411680857,0.0576387583228909,0.75,343.3025289448072,0.3908812996300668,0.002015333640974,5.955413250942154e-07,2839.3993114635327,0.0007937414257513,6.002526784536395e-12,1.6969932403743117e-15,0.000209677749229,0.001933745608537,False
5C,10,87.64141899641125,0.0,0.061420411680857,0.0576387583228909,1.0,318.15,0.26,0.0098409327133052,7.808510140326312e-06,43.45943577419588,0.0004267933766147,2.9966975642190825e-15,1.893424881875441e-13,0.0033258648885248,0.0104453668518777,False
5C,11,87.54515470675992,3.573372237045923e-14,0.0451711530555931,0.0554931531234451,0.0,325.52444340975995,0.4721556050299644,0.00291459201965,3.989085820795279e-07,3603.186254175133,0.0009896679049466,1.6387842917816152e-11,1.6343263548046494e-15,0.0004273467077288,0.0028322109845973,False
5C,11,87.54515470675992,3.573372237045923e-14,0.0451711530555931,0.0554931531234451,0.25,336.6034102910819,0.4404432538534027,0.0017949989829426,4.086501933228607e-07,4280.439769091821,0.0006352305835532,6.064287453750889e-14,1.2985489419858889e-15,0.0001742407191236,0.0016806619169687,False
5C,11,87.54515470675992,3.573372237045923e-14,0.0451711530555931,0.0554931531234451,0.5,340.38105038298136,0.4155034349327928,0.001862888490707,4.853449297351938e-07,3561.974010074552,0.0005638169641605,6.984006898280763e-16,1.1535595595472917e-15,0.0001552835032032,0.0017121807784912,False
5C,11,87.54515470675992,3.573372237045923e-14,0.0451711530555931,0.0554931531234451,0.75,343.4335999751608,0.3885014763146071,0.0020686881719654,6.087694617779167e-07,2750.2410089461814,0.0009378521809747,3.5695491744163685e-12,8.174884380540703e-16,0.0002047578843844,0.0019299002668537,False
5C,11,87.54515470675992,3.573372237045923e-14,0.0451711530555931,0.0554931531234451,1.0,318.15,0.26,0.009928779094399,7.70047189928013e-06,43.45943577418701,0.0007988817649272,2.4425394062635884e-12,7.436468716985297e-13,0.003325864888942,0.0103772734945261,False
5C,12,87.53099955079571,5.3600583555688846e-14,0.0315138498387386,0.0518780489278871,0.0,325.54358183788213,0.4719225758429931,0.002923620774163,3.995543445649565e-07,3592.397871419096,0.0004738390065353,3.635381633243734e-11,6.27814467757783e-16,0.0001084963872491,0.0028732564151839,False
5C,12,87.53099955079571,5.3600583555688846e-14,0.0315138498387386,0.0518780489278871,0.25,336.7105969358376,0.4395896952611514,0.0018057314046237,4.1095897498867433e-07,4246.643261946617,0.0006595206368157,7.805495438702058e-14,9.0775880388577e-16,0.0001740662856213,0.0017243300068852,False
5C,12,87.53099955079571,5.3600583555688846e-14,0.0315138498387386,0.0518780489278871,0.5,340.52899021341693,0.4139843702411127,0.0018849960282531,4.913810069572816e-07,3503.686082445377,0.0004807794159528,3.5867818644980445e-10,1.249375344205547e-15,0.0001536121254612,0.0017579085565344,False
5C,12,87.53099955079571,5.3600583555688846e-14,0.0315138498387386,0.0518780489278871,0.75,343.5769258642384,0.3864766597218175,0.0021018861916682,6.203993503231333e-07,2682.7057544132936,0.0009516197534507,1.717073077541503e-12,1.2966498411785853e-15,0.0002004506418222,0.0019520254976291,False
5C,12,87.53099955079571,5.3600583555688846e-14,0.0315138498387386,0.0518780489278871,1.0,318.14999999999986,0.26,0.0099514529386246,7.654843607416316e-06,43.45943577476411,0.0009193931523628,7.739746427823136e-14,3.697470504108265e-13,0.0008813354904429,0.0102368696760105,False
5C,13,87.59365073976396,0.0,0.0301077967244696,0.0445682665302292,0.0,325.5559171437825,0.4718883101303623,0.0029229577516421,3.995025104039918e-07,3593.1081081943184,0.0004740641373669,3.6806284015207277e-11,6.512802450120425e-16,0.0001084764387914,0.0028983844353671,False
5C,13,87.59365073976396,0.0,0.0301077967244696,0.0445682665302292,0.25,336.78428452489385,0.4391358952193078,0.0018070681440922,4.120938775505604e-07,4233.559748794769,0.0006641878029649,8.12370992397095e-14,4.376048814712553e-16,0.0001739229800269,0.0017558715120841,False
5C,13,87.59365073976396,0.0,0.0301077967244696,0.0445682665302292,0.5,340.64158502082114,0.4129877733180906,0.0018946234023959,4.953552601062324e-07,3469.726019689273,0.0004328273426189,1.0538468309198056e-10,1.1663846971599057e-15,0.0001524614447123,0.001798966240484,False
5C,13,87.59365073976396,0.0,0.0301077967244696,0.0445682665302292,0.75,343.70299435077555,0.3849180097655423,0.0021213991126757,6.295790009218149e-07,2634.8613228974946,0.00092549469719,4.941110110284106e-13,7.275739319393358e-16,0.0001970786260339,0.0019858221769812,False
5C,13,87.59365073976396,0.0,0.0301077967244696,0.0445682665302292,1.0,318.15000000000015,0.26,0.0099560715805052,7.648649761430385e-06,43.45943577538084,0.0009438003195565,2.2650907042347705e-14,1.3690958089451757e-13,0.0008813354912603,0.0101070241878798,False
5C,14,87.68701407395373,0.0,0.0245569898312934,0.0329967150998658,0.0,325.5626974971677,0.4720399713089878,0.0029129875223961,3.9877564610852404e-07,3604.774143916112,0.0009899922029393,1.7064886775015443e-11,1.60136660876109e-15,0.0004271688117521,0.002910658271644,False
5C,14,87.68701407395373,0.0,0.0245569898312934,0.0329967150998658,0.25,336.82871168285794,0.4390426434122302,0.0017996847391813,4.121550930892169e-07,4239.239961415085,0.0006530220205526,7.663037494160787e-14,7.128201532453828e-16,0.0001738298710004,0.0017761019801996,False
5C,14,87.68701407395373,0.0,0.0245569898312934,0.0329967150998658,0.5,340.7184668498018,0.4124974682040789,0.0018926261017771,4.972826491850208e-07,3458.264526830169,0.0004310171827744,1.0338572395987072e-10,1.0858204554010134e-15,0.0001518552740642,0.0018316449206466,False
5C,14,87.68701407395373,0.0,0.0245569898312934,0.0329967150998658,0.75,343.801563723256,0.3839099569285901,0.0021273510912697,6.357125697417133e-07,2607.536775653381,0.0009056990253142,2.609402437569695e-13,8.638922910364499e-16,0.0001948623983408,0.002021756137356,False
5C,14,87.68701407395373,0.0,0.0245569898312934,0.0329967150998658,1.0,318.15,0.26,0.0099368002181156,7.673631379605939e-06,43.45943577419333,0.0008428174644082,1.3541834099291085e-12,1.880006567089865e-13,0.0008813354926244,0.0099795357911844,False
5C,15,87.78861154148571,0.0,0.0173435812860625,0.0208735989392311,0.0,325.56454489495906,0.4722659780861424,0.0029017527071619,3.9807927463985725e-07,3620.2181566879385,0.00097026357454,2.541912284103784e-11,1.2178843003529673e-15,0.0004271271504079,0.0029118228622452,False
5C,15,87.78861154148571,0.0,0.0173435812860625,0.0208735989392311,0.25,336.8471224603878,0.4391798204771585,0.0017887064248776,4.1156586176786485e-07,4254.845814312319,0.0006321998898188,6.121989494644387e-14,4.0613744866208046e-16,0.0001737880845594,0.0017858945063064,False
5C,15,87.78861154148571,0.0,0.0173435812860625,0.0208735989392311,0.5,340.7608322436124,0.4123908444488907,0.0018842972243479,4.976409011966447e-07,3461.8788155871616,0.0004569023813824,2.1139067796638831e-10,1.1685531015048769e-15,0.0001516849474291,0.0018541817184472,False
5C,15,87.78861154148571,0.0,0.0173435812860625,0.0208735989392311,0.75,343.86773603280017,0.3833900566305327,0.0021246299508789,6.389893397410534e-07,2596.361442255779,0.0009026437410719,2.522931364377487e-13,5.43835809718729e-16,0.0001936959760688,0.0020537515842099,False
5C,15,87.78861154148571,0.0,0.0173435812860625,0.0208735989392311,1.0,318.15,0.26,0.0099146688986852,7.716939479387708e-06,43.45943577418684,0.0005991150220211,9.230821733010244e-12,2.7420080095375e-13,0.0033258648886441,0.009880227505775,False
6C,1,79.16886843846174,4.352248735495519e-14,0.0,0.0,0.0,321.8537826818473,0.439738677247158,0.0051491691682183,7.400148407450493e-07,1513.9318806639856,0.0008658001202687,1.499177676224569e-14,5.3073864747510405e-15,0.0001665636561037,0.0035757508923582,False
6C,1,79.16886843846174,4.352248735495519e-14,0.0,0.0,0.25,335.6378737217111,0.4092822241311352,0.0030129188369366,7.267255740956839e-07,2301.97007052679,0.0002947472431611,2.530782441700023e-10,9.035187687100518e-16,9.687096570731732e-05,0.0027857900201406,False
6C,1,79.16886843846174,4.352248735495519e-14,0.0,0.0,0.5,340.32975323611055,0.3778977608205945,0.0029428846732405,9.348961459518766e-07,1846.9057593769735,0.0001490333073609,2.6832384341963187e-12,2.372668034267278e-15,7.50796906054759e-05,0.0030864676683042,False
6C,1,79.16886843846174,4.352248735495519e-14,0.0,0.0,0.75,343.6173676012791,0.3440650200669201,0.0030089773044605,1.3249940766102353e-06,1313.9268547720048,1.6720675167183517e-05,9.743667620173848e-11,3.3007450939148697e-15,7.938194954978161e-05,0.0031424007012451,False
6C,1,79.16886843846174,4.352248735495519e-14,0.0,0.0,1.0,317.95,0.31,0.0108684822693007,4.137123377708208e-06,100.60550957216915,0.0001156550443479,1.1875018370985276e-12,9.081450869086185e-14,0.0002716433021664,0.0046460405953816,False
6C,2,79.22749240263705,2.254315211612292e-14,0.2676697773879778,0.373385412789355,0.0,322.40221908625097,0.4619313445619978,0.0037251069679985,6.151020571977883e-07,2416.0495327809163,0.0004891299176331,1.7928841882624126e-14,1.263962892683601e-15,0.0001085820287419,0.0051491691682183,False
6C,2,79.22749240263705,2.254315211612292e-14,0.2676697773879778,0.373385412789355,0.25,336.5168536652037,0.4221505569120965,0.001950275540455,6.578976462150749e-07,3082.728766686271,0.0005302413722985,1.8645642685279227e-12,1.1108735459286478e-15,0.0001661493579015,0.0027217067547169,False
6C,2,79.22749240263705,2.254315211612292e-14,0.2676697773879778,0.373385412789355,0.5,340.56791935339123,0.3930261332955897,0.0019278916096798,8.45476749857082e-07,2444.0077554653167,0.0006319321393422,1.8164781668973918e-13,1.5773745064092304e-15,0.0001268849402679,0.0026900178287005,False
6C,2,79.22749240263705,2.254315211612292e-14,0.2676697773879778,0.373385412789355,0.75,343.5373774827327,0.3628120647050665,0.001954422643807,1.1670138494074004e-06,1792.894699074213,0.0001996817822303,2.0101665341769507e-12,1.7681668248936894e-15,9.80122838247562e-05,0.0028536250102848,False
6C,2,79.22749240263705,2.254315211612292e-14,0.2676697773879778,0.373385412789355,1.0,317.9499999999999,0.31,0.0093245659303561,5.649259377760236e-06,100.60550957676952,0.0008375536760624,4.656158740366088e-12,4.430738693386065e-14,0.000748201572081,0.0068286614435572,False
6C,3,78.56728718770086,2.254315211612292e-14,0.1773504087367408,0.2170512936593554,0.0,322.1765845344912,0.4620438486040393,0.0037679404369326,6.188591775316055e-07,2383.6026528193397,0.00049667254031,1.4732491704791352e-14,1.3302559263004589e-15,0.0001089031507823,0.0044089665613551,False
6C,3,78.56728718770086,2.254315211612292e-14,0.1773504087367408,0.2170512936593554,0.25,335.88986269057807,0.4270611576168661,0.0019199320990604,6.316050086303536e-07,3223.461884817485,0.0004563246440452,9.770701181546234e-12,4.110206200727811e-16,0.0001707869848547,0.0024721613532506,False
6C,3,78.56728718770086,2.254315211612292e-14,0.1773504087367408,0.2170512936593554,0.5,339.94783556171325,0.4000518001861982,0.0018623610992963,7.869080831328263e-07,2646.0174152376435,0.0004890891882432,7.698555094586811e-13,7.962380754733546e-16,0.000136903619633,0.0025523804474406,False
6C,3,78.56728718770086,2.254315211612292e-14,0.1773504087367408,0.2170512936593554,0.75,342.9914692140528,0.3710382212702069,0.0019086375078125,1.0583119127174211e-06,1984.0517831410175,0.0004799301443084,4.430792599836881e-15,1.104802013762729e-15,0.0001044410609256,0.0027837155503349,False
6C,3,78.56728718770086,2.254315211612292e-14,0.1773504087367408,0.2170512936593554,1.0,317.95,0.31,0.009309761125837,5.666667325239721e-06,100.60550957216294,0.0008113483434476,2.403333779537461e-12,3.358446234008177e-13,0.0007482015732121,0.0080390183956528,False
6C,4,77.72889830644975,6.282921799598747e-14,0.1616958139803566,0.1564841681115953,0.0,322.0609072955823,0.4607768623760584,0.0038659601599763,6.271511762919005e-07,2307.809651825728,0.0004840817396286,1.1666651623143582e-14,2.4964935044253383e-15,0.0001084134025257,0.0040823104450809,False
6C,4,77.72889830644975,6.282921799598747e-14,0.1616958139803566,0.1564841681115953,0.25,335.47310587202924,0.4284815939179819,0.0019866298848554,6.257287479840125e-07,3213.1003638500088,0.0005620333302667,1.2849125115650737e-12,4.68926598143723e-16,0.0001724221682865,0.0022705835928233,False
6C,4,77.72889830644975,6.282921799598747e-14,0.1616958139803566,0.1564841681115953,0.5,339.43687159289794,0.4035905775309496,0.0019001093443927,7.595497050455024e-07,2716.9178393060142,0.0005481964862625,3.088086575021176e-13,6.564057737247763e-16,0.0001420252113046,0.0023670569433667,False
6C,4,77.72889830644975,6.282921799598747e-14,0.1616958139803566,0.1564841681115953,0.75,342.4622938432649,0.3764554178212712,0.0019437973772354,9.917896957168526e-07,2096.856055531703,0.000486515588837,3.235096761659148e-15,2.0602009681569555e-15,0.0001086801487361,0.0026361528410618,False
6C,4,77.72889830644975,6.282921799598747e-14,0.1616958139803566,0.1564841681115953,1.0,317.95,0.31,0.0094192583823796,5.549141438335114e-06,100.6055095721706,0.0009386499144078,2.481291885522187e-12,8.36465993126319e-14,0.000748201572937,0.0089622907174003,False
6C,5,77.00136772982013,4.22693688355823e-14,0.1177140922456717,0.0961561913823688,0.0,322.0155750540093,0.4591679275447518,0.0039669800857674,6.355746367626626e-07,2230.564553935574,0.0007460519101767,1.1740380560548071e-11,2.2497195079074217e-15,0.0004317354882579,0.0039734324356049,False
6C,5,77.00136772982013,4.22693688355823e-14,0.1177140922456717,0.0961561913823688,0.25,335.2684967389083,0.4280269647243587,0.0020774230084522,6.294020440110634e-07,3142.3178239345225,0.0007124031942752,3.131385860484758e-13,1.1555426754350506e-15,0.0001725676151329,0.0021616688517696,False
6C,5,77.00136772982013,4.22693688355823e-14,0.1177140922456717,0.0961561913823688,0.5,339.12451463366074,0.4045565479445425,0.0019764006941726,7.522376094022379e-07,2703.8721587239597,0.000667213933272,2.701178720013259e-13,7.87595586554282e-16,0.0001436160779877,0.0022172851878875,False
6C,5,77.00136772982013,4.22693688355823e-14,0.1177140922456717,0.0961561913823688,0.75,342.07251563877577,0.3792009618273426,0.002011061517969,9.590769448349838e-07,2138.41556400985,0.0003591008228827,1.1787499487308358e-10,1.3248950547772864e-15,0.0001108765763293,0.002468213087922,False
6C,5,77.00136772982013,4.22693688355823e-14,0.1177140922456717,0.0961561913823688,1.0,317.95000000000016,0.3099999999999999,0.0095545451844931,5.404474792267888e-06,100.60550957646907,0.0009029718331233,2.6870883907823353e-14,6.92466917140422e-14,0.000748201572791,0.0095723312758971,False
6C,6,76.49861141138406,3.35095080458173e-14,0.0707760323362234,0.0464038314129297,0.0,322.00958086848993,0.4577717386020197,0.00405035217375,6.42754679929198e-07,2170.576837475808,0.0006782317774883,2.3260619151250287e-10,3.5967322870034124e-15,0.0001455582333322,0.0039702117812569,False
6C,6,76.49861141138406,3.35095080458173e-14,0.0707760323362234,0.0464038314129297,0.25,335.21488315281334,0.4268622141938411,0.002155644782993,6.361193097628012e-07,3065.7906663405893,0.0007092094385553,3.9834397920434564e-14,7.246807320893113e-16,0.0001719669329549,0.0021267168066771,False
6C,6,76.49861141138406,3.35095080458173e-14,0.0707760323362234,0.0464038314129297,0.5,338.9919897386906,0.4040845426148605,0.0020513981688168,7.55291032954489e-07,2656.727793610346,0.0006446153790301,8.456298257189674e-15,1.1701983041862403e-15,0.0001431846379468,0.0021273287966782,False
6C,6,76.49861141138406,3.35095080458173e-14,0.0707760323362234,0.0464038314129297,0.75,341.8488166417368,0.3800180955940481,0.0020797613783931,9.484012997534206e-07,2134.6610682297446,0.0001239980851785,4.587535482192626e-15,2.286582381771929e-15,0.0001116155332735,0.0023275529784402,False
6C,6,76.49861141138406,3.35095080458173e-14,0.0707760323362234,0.0464038314129297,1.0,317.9500000000001,0.31,0.0096681857373235,5.284617204213939e-06,100.6055095768,0.0007329076979628,1.255981697265079e-15,9.71105590096699e-14,0.0007482015727431,0.0098966676243228,False
6C,7,76.21918694963985,3.9989247830225015e-14,0.0341568572953027,0.0331758123552199,0.0,322.0216415062639,0.4568069093078101,0.0041036047776931,6.472887542709104e-07,2132.4471811327,0.0006477408860174,1.3951580590379662e-10,2.5386638337977817e-15,0.0001447716790776,0.0040101820524144,False
6C,7,76.21918694963985,3.9989247830225015e-14,0.0341568572953027,0.0331758123552199,0.25,335.2433979057721,0.425672877238337,0.0022086565729507,6.425155340161837e-07,3006.800016508966,0.0006231781704233,9.817752436151792e-15,4.36282954208167e-16,0.0001711274987285,0.0021346838629578,False
6C,7,76.21918694963985,3.9989247830225015e-14,0.0341568572953027,0.0331758123552199,0.5,338.977844955749,0.4030754580064893,0.0021070542178547,7.621903883800714e-07,2607.2853092188416,0.0005308970473496,8.4387556229406e-15,1.6243701177843857e-15,0.0001419165303381,0.0020884572603326,False
6C,7,76.21918694963985,3.9989247830225015e-14,0.0341568572953027,0.0331758123552199,0.75,341.7588564847616,0.3797635552021114,0.0021329148806588,9.495303670384636e-07,2111.7931310115628,0.0003749506179269,2.3453270928706207e-10,1.190670825823581e-15,0.0001866624311642,0.0022319479762495,False
6C,7,76.21918694963985,3.9989247830225015e-14,0.0341568572953027,0.0331758123552199,1.0,317.95000000000005,0.3099999999999999,0.0097449913255862,5.204809789381208e-06,100.60550957301822,0.0005552326300845,7.120472119547805e-16,1.0491655800058253e-13,0.0007482015701514,0.0100113292554244,False
6C,8,76.10712909795126,7.56949430863499e-14,0.0221944210872467,0.0262695521027115,0.0,322.0380298882771,0.4562706715794707,0.0041310774994473,6.496266584335712e-07,2112.972683026934,0.0006370151306424,9.60164658564412e-11,2.1660191001915408e-15,0.0001443065171028,0.0040567590379663,False
6C,8,76.10712909795126,7.56949430863499e-14,0.0221944210872467,0.0262695521027115,0.25,335.30132020717724,0.4247710783298595,0.002237199276509,6.471746804528245e-07,2970.2969093825245,0.0005476737199141,3.683148210090324e-15,1.2168524024649746e-15,0.0001703816237268,0.0021605781446016,False
6C,8,76.10712909795126,7.56949430863499e-14,0.0221944210872467,0.0262695521027115,0.5,339.02140021300903,0.4020737830332307,0.0021401276190584,7.691516573787602e-07,2569.479838072363,0.0004215376878053,1.3921926631020978e-10,1.0763428184657278e-15,0.0001405721311726,0.0020826418904003,False
6C,8,76.10712909795126,7.56949430863499e-14,0.0221944210872467,0.0262695521027115,0.75,341.7516763164529,0.3791022141774559,0.0021661126605537,9.555049388509525e-07,2086.7621763499947,0.0004656946171597,1.0697986197721752e-10,1.2181037877654244e-15,0.000185221264703,0.0021780308781995,False
6C,8,76.10712909795126,7.56949430863499e-14,0.0221944210872467,0.0262695521027115,1.0,317.9500000000001,0.31,0.0097872281281162,5.161381592681517e-06,100.60550957681136,0.0004380110512841,9.834537984410394e-12,1.3400912324268432e-13,0.0007482015729249,0.0100044499904815,False
6C,9,76.09581598867501,3.9989247830225015e-14,0.0145130345606508,0.0202088056016952,0.0,322.05203567861,0.4560556236646557,0.0041404475697662,6.504189555673627e-07,2106.312777252451,0.0006340625798398,8.323279725016519e-11,1.439675007152059e-15,0.0001441063721487,0.0040938341221719,False
6C,9,76.09581598867501,3.9989247830225015e-14,0.0145130345606508,0.0202088056016952,0.25,335.35794432614114,0.424219176234775,0.0022478364386655,6.499066560945298e-07,2952.518341692822,0.0005114202879941,3.5343646130983525e-10,1.3398570447575864e-15,0.0001698694317852,0.0021884817447588,False
6C,9,76.09581598867501,3.9989247830225015e-14,0.0145130345606508,0.0202088056016952,0.5,339.0802754495109,0.4013176352609237,0.0021550056986993,7.744764960123117e-07,2545.9638091994752,0.0003573328895594,2.3484310374998908e-11,9.055256544598933e-16,0.0001395182976918,0.0020933469338926,False
6C,9,76.09581598867501,3.9989247830225015e-14,0.0145130345606508,0.0202088056016952,0.75,341.78277976901643,0.3784268057030271,0.0021822228643831,9.6215116809192e-07,2067.1453422948166,0.0005164025261743,6.412495301032389e-11,1.3012594474171024e-15,0.0001837032424344,0.0021542989569449,False
6C,9,76.09581598867501,3.9989247830225015e-14,0.0145130345606508,0.0202088056016952,1.0,317.9500000000002,0.31,0.0098041983061199,5.144003431332452e-06,100.6055095754744,0.0003872292193771,4.288594161184999e-12,1.0236960023192347e-13,0.0007482015720753,0.0099464869749755,False
6C,10,76.1310350829996,1.7906258894568602e-14,0.0094006158187372,0.0147581350989812,0.0,322.0614320742088,0.4560339129097503,0.0041396191434733,6.503411053420071e-07,2106.8245795341954,0.0006341937728104,8.406304702608854e-11,2.7568451214503858e-15,0.0001440743154525,0.0041171079494572,False
6C,10,76.1310350829996,1.7906258894568602e-14,0.0094006158187372,0.0147581350989812,0.25,335.4001223632919,0.423956696846316,0.0022479767619548,6.511093196889721e-07,2947.2200304901207,0.0005067996948369,3.1894856758809613e-10,4.911876033794111e-16,0.0001695935288576,0.002210647938092,False
6C,10,76.1310350829996,1.7906258894568602e-14,0.0094006158187372,0.0147581350989812,0.5,339.1318048561057,0.4008513531024233,0.0021582325179074,7.777950937792123e-07,2534.2878899839125,0.0003359848087377,1.211583449838759e-11,9.475926987523309e-16,0.0001388482006334,0.0021091266759937,False
6C,10,76.1310350829996,1.7906258894568602e-14,0.0094006158187372,0.0147581350989812,0.75,341.82296247006764,0.3779101637423309,0.0021868327399253,9.6750218899676e-07,2054.663820782369,0.0005345988562947,5.1734132450161996e-11,1.6644900980288817e-15,0.0001825236234877,0.0021487725726519,False
6C,10,76.1310350829996,1.7906258894568602e-14,0.0094006158187372,0.0147581350989812,1.0,317.9500000000001,0.31,0.0098060736534923,5.142046329663208e-06,100.60550957679136,0.0003814900538659,3.896641546408601e-12,7.593251843133121e-14,0.0007482015731943,0.0098809909453626,False
