,Fl_CO2,Fl_H2O,Fv_CO2,Fv_H2O,Hlf,Hvf,P
0,-0.00043054658019834387,-0.02199360726527396,2.2033205921080192,-0.02199360726562895,94.6097422139003,-94.60974221319248,-6.861867326154612e-13
1,0.009425911751531863,0.36381817118028803,0.8501571041582809,0.3638181711855868,-1620.3412601129635,1620.3412601000016,1.3875896235721083e-11
2,-0.07856365333675888,-2.289256812233125,0.0,-2.2892568122605383,10686.180144605354,-10686.180144523316,-1.062221733291069e-10
3,0.29013476436550206,6.959552325330718,0.0,6.959552325380218,-34494.3859698472,34494.38596964935,3.834648710975861e-10
4,-0.29940165357817233,-11.31747468948945,0.0,-11.317474689473611,58765.189863713815,-58765.18986362465,-6.567525180487202e-10
5,-0.8779897721574429,12.047644526005541,0.0,12.047644525906303,-57137.122803664875,57137.122803849685,4.646104418879222e-10
